comment_id,occupation,year,month,text,word_count,is_au_relevant,has_occ_keyword,like_count,reply_count,video_title,video_channel,video_id,author,published_at,search_query,source
Ugx-JvBTE5Mz-hRY7xB4AaABAg,aged_and_disabled_carers,2025,2025-11,Needs a CLEAR BUTTON. Filled by accident,7,False,False,1,1,Preparing for Your Aged Care Assessment -The #1 thing to get the care you actually need,Insider Information Aged Care,_U2X1PmiSoQ,@penelopetastula9593,2025-11-15 23:37:38+00:00,aged care worker Australia,youtube_comment
UgxALTPswGgq_1j7rvx4AaABAg,aged_and_disabled_carers,2025,2025-11,Have been wating for the Aged Care check list for the last 1 hour but nothing received. Plz expedite. Thanks,20,False,True,0,0,Preparing for Your Aged Care Assessment -The #1 thing to get the care you actually need,Insider Information Aged Care,_U2X1PmiSoQ,@NareshTaxali,2025-11-08 07:31:32+00:00,aged care worker Australia,youtube_comment
UgzoXjQfFrsVjRupVhJ4AaABAg,aged_and_disabled_carers,2023,2023-10,"WHO DOES THE CLEANING, THE DRESSING, AND THE CARING",9,False,False,2,1,Disability Support Workers,Southern Health and Social Care Trust,zwoMkkx--XA,@georgekafantaris7807,2023-10-03 18:43:17+00:00,disability support worker Australia,youtube_comment
UgxepuX56kIhQVLPtAN4AaABAg,aged_and_disabled_carers,2023,2023-09,I am very surprised how are you? I am disabled and I want you to help me,17,False,False,0,1,Disability Support Workers,Southern Health and Social Care Trust,zwoMkkx--XA,@Micky12A,2023-09-23 13:32:35+00:00,disability support worker Australia,youtube_comment
UgwdnjazhVuuwTZm9sV4AaABAg,aged_and_disabled_carers,2023,2023-05,I need a little disability Support.,6,False,True,0,1,Disability Support Workers,Southern Health and Social Care Trust,zwoMkkx--XA,@ababilcombd,2023-05-01 06:40:10+00:00,disability support worker Australia,youtube_comment
UgySFL9JxPrmxlLGBmt4AaABAg,aged_and_disabled_carers,2023,2023-03,May I have the email address of this organisation,9,False,False,0,0,Disability Support Workers,Southern Health and Social Care Trust,zwoMkkx--XA,@naseebullah648,2023-03-12 11:53:04+00:00,disability support worker Australia,youtube_comment
Ugyh-0dqw_oJBd5gQSd4AaABAg,aged_and_disabled_carers,2022,2022-11,I am disable from Pakistan can you offer this job?,10,False,False,0,1,Disability Support Workers,Southern Health and Social Care Trust,zwoMkkx--XA,@MuhammadKashif-on2de,2022-11-14 02:48:44+00:00,disability support worker Australia,youtube_comment
UgyfJsIaXYyYrkHnP2V4AaABAg,aged_and_disabled_carers,2021,2021-10,Help you disability job help iam india help you akhil. P,11,False,True,0,0,Disability Support Workers,Southern Health and Social Care Trust,zwoMkkx--XA,@akhilp9330,2021-10-19 07:46:05+00:00,disability support worker Australia,youtube_comment
UgyinWK8ASKGnQuskSB4AaABAg,aged_and_disabled_carers,2021,2021-08,Hey ! I'm in Rwanda and I have a child with disability what you can you help me please ? I need More support from your services,27,False,True,0,1,Disability Support Workers,Southern Health and Social Care Trust,zwoMkkx--XA,@kissofdevil390,2021-08-06 09:26:46+00:00,disability support worker Australia,youtube_comment
UgxCPClAJfnurOcyMSB4AaABAg,aged_and_disabled_carers,2021,2021-02,"""We have a popular discourse that increasingly demeans and devalues those who, because of life's misfortunes, find themselves dependant on a welfare payment.
But the injustice should not be overlooked just because it was difficult or inconvenient.""

''If it was unjust for the legal system to discriminate on the basis of where an injury was suffered, or whether fault could be established, then it is surely unjust to discriminate between incapacity caused by a physical injury and incapacity caused by sickness or disease. "" - Andrew Little
Little: Change ACC illness 'injustice' - Stuff 2012",95,False,False,0,0,Disability Support Workers,Southern Health and Social Care Trust,zwoMkkx--XA,@baza0,2021-02-09 00:58:07+00:00,disability support worker Australia,youtube_comment
UgwqpyZtARIMbCnEUmd4AaABAg,aged_and_disabled_carers,2021,2021-01,I love helping such fellows,5,False,False,4,0,Disability Support Workers,Southern Health and Social Care Trust,zwoMkkx--XA,@ABIZITV,2021-01-21 06:16:38+00:00,disability support worker Australia,youtube_comment
Ugx3YXe4U2v0i6S4D-B4AaABAg,aged_and_disabled_carers,2020,2020-12,Hello everyone i am a single guy born on jan.1-1984 i have lost my right hand from the rest and injured my right leg the femur part i am lebanese living in lebanon i feel like the wrong person in the wrong place here the lebanese gov. Doesnt really care about the 15% of lebanese citizen that live in lebanon instead of helping and giving then monthly benefits for example not $1000 but $500 at least they dont and our law 220/2000 is not applied yet so i dont have a rights to practice or enjoy like other disabiled people in other countries and i dont have my own apartment or place yet also am single and unable to have a girlfriend at least. Also in lebanon there are 102 org. But half of them are not legal the other half are theifes and take advantage of the disabilied but as the size of lebanon in my opinion we dont need 102 org. Its like they made it there job and all the money they recive or donations they go to there pockets and we dont get anything from it and have a feeling that those org. They dont want us to have a better future or get married one day and be indepandent so they want us to always be at our knees and ask them for help .. so i hope this message gets to everyone and i hope you guys could help me start an indepandant org. for example and try to build a big nice building to house and support about 100 guy and girl with disability also employ 150 lebanese guys and girls also that building the people also could benefit from it not just the disabiled thats why i am trying to design and draw an 8 level build in 2D and hopefully i get your help and support on that project please contact me by email or whatsapp alaa.mohieddine@gmail.com +01196176652728 whatsapp,328,False,True,1,1,Disability Support Workers,Southern Health and Social Care Trust,zwoMkkx--XA,@Alex-wn6jd,2020-12-09 19:01:17+00:00,disability support worker Australia,youtube_comment
UgxgEuMUPnB2i08W5DN4AaABAg,aged_and_disabled_carers,2020,2020-05,"I live in Bangladesh, i'm a disabled person.can i get asylum 😔.my life is getting hell",16,False,False,4,1,Disability Support Workers,Southern Health and Social Care Trust,zwoMkkx--XA,@allresultbd6362,2020-05-14 06:47:05+00:00,disability support worker Australia,youtube_comment
Ugwo3Hb4pd67D2j-CEl4AaABAg,aged_and_disabled_carers,2023,2023-03,Lpns can just high s hook grads,7,False,False,0,0,What is it like to be a Disability Support Worker?,At Home Care,03BH6tnu9aY,@emeraldkimble7602,2023-03-04 15:29:09+00:00,disability support worker Australia,youtube_comment
UgyNIdWlmE5yFzg1jJh4AaABAg,aged_and_disabled_carers,2023,2023-03,Can they administer medicines or suction trach tubes,8,False,False,0,0,What is it like to be a Disability Support Worker?,At Home Care,03BH6tnu9aY,@emeraldkimble7602,2023-03-04 15:28:21+00:00,disability support worker Australia,youtube_comment
Ugwf9pmjYqKiwh-xiRx4AaABAg,aged_and_disabled_carers,2025,2025-06,I have asperger's syndrome and add and ocd and anxiety,10,True,False,0,0,Disability Support Workers - a client perspective,Epilepsy Foundation Australia,owGBPpJ4YfE,@renaebailey82,2025-06-28 22:39:39+00:00,disability support worker Australia,youtube_comment
Ugxps24rjHqVnAHzMTZ4AaABAg,aged_and_disabled_carers,2025,2025-06,I get along with my support people ally and Hayley and jo,12,True,False,0,0,Disability Support Workers - a client perspective,Epilepsy Foundation Australia,owGBPpJ4YfE,@renaebailey82,2025-06-28 22:38:41+00:00,disability support worker Australia,youtube_comment
UgxeP32QPFIi_8TJBsx4AaABAg,aged_and_disabled_carers,2023,2023-03,Never let down disabled .there should be presentation of disabled in the UN to raise their voice,17,True,False,0,0,Disability Support Workers - a client perspective,Epilepsy Foundation Australia,owGBPpJ4YfE,@naseebullah648,2023-03-09 14:11:18+00:00,disability support worker Australia,youtube_comment
UgwaOBfLEj_0f8mCr1R4AaABAg,aged_and_disabled_carers,2022,2022-11,Oh the comments? No one here knows anything about disability. That’s the problem with disability services they are not trained .,21,True,True,1,4,Disability Support Workers - a client perspective,Epilepsy Foundation Australia,owGBPpJ4YfE,@ulrikezachmann7596,2022-11-13 09:34:03+00:00,disability support worker Australia,youtube_comment
UgwlPo8flN9Jq_czWll4AaABAg,aged_and_disabled_carers,2022,2022-04,"They're all beautiful people. I feel upset because of the struggle they're going through. But then, they're so brave.",19,True,False,4,1,Disability Support Workers - a client perspective,Epilepsy Foundation Australia,owGBPpJ4YfE,@pragmaticlolo7531,2022-04-24 23:08:59+00:00,disability support worker Australia,youtube_comment
UgybptlfyI_L1Lv0cw94AaABAg,aged_and_disabled_carers,2021,2021-01,I feel it’s part of our job to be able to determine the difference between behaviour that is associated with our clients conditions and not get so upset and take things personally. There’s a huge difference between directive abuse from anyone not just clients compared to a behaviour type associated with a neurological disabilities.,54,True,False,10,1,Disability Support Workers - a client perspective,Epilepsy Foundation Australia,owGBPpJ4YfE,@69ridlah,2021-01-01 01:13:39+00:00,disability support worker Australia,youtube_comment
UgxE55l16l83tAyNDpZ4AaABAg,aged_and_disabled_carers,2020,2020-10,"Great job in creating a video from the client's perspective!

At “Elderly & Senior” Home Care Solutions, we provide a holistic approach to home health care that addresses both the physical and psychological needs of our patients. Our services are hourly home health aides, live-in home care, companion care, and many more. We care for disabled children and adults as well as aging parents and elderly seniors needing personalized care for the normal activities of daily living such as grocery shopping, laundry, light housekeeping, etc.



Schedule a FREE zoom consultation today at www.eshcs.com or call us at",97,True,True,0,0,Disability Support Workers - a client perspective,Epilepsy Foundation Australia,owGBPpJ4YfE,@eshomecaresolutionselizabe3336,2020-10-27 15:48:26+00:00,disability support worker Australia,youtube_comment
UgwpcXhrq3tJEPv5eCN4AaABAg,aged_and_disabled_carers,2017,2017-09,Thank you for sharing your hardships much appreciated 😁 I'm looking forward to being a support worker😉,17,True,False,10,0,Disability Support Workers - a client perspective,Epilepsy Foundation Australia,owGBPpJ4YfE,@christinem5293,2017-09-30 12:30:01+00:00,disability support worker Australia,youtube_comment
UgziSwUZu6Qs2unAWOl4AaABAg,aged_and_disabled_carers,2025,2025-05,@SupportWorkersMelbourne I am considering doing a course in disability support. Is it necessary to have the flu vaccine every year in this role? I understand covid vaccines are no longer required. Correct me if I'm wrong.,36,True,True,1,0,How to become an NDIS Support Worker,Support Workers Melbourne,KE8ho_EGn20,@jayem6277,2025-05-05 14:13:48+00:00,NDIS support worker Australia,youtube_comment
UgwsRLPxhGGL4J8k-DJ4AaABAg,aged_and_disabled_carers,2025,2025-01,"45 dollars an hour ,and 1 dollar per km driving .for doing f all.I bust my ass for 33 bucks an hour.These people go shopping,to lunch,the tab and get paid .wtf",31,True,False,2,3,How to become an NDIS Support Worker,Support Workers Melbourne,KE8ho_EGn20,@ChrisHeit-y9g,2025-01-04 05:15:20+00:00,NDIS support worker Australia,youtube_comment
UgyrLVcnryxAeqAiMPN4AaABAg,aged_and_disabled_carers,2024,2024-10,"How important is English profeciency? my mother is studying EAL level II at TAFE, Is it suitable for her to start working as a support worker?",26,True,False,1,1,How to become an NDIS Support Worker,Support Workers Melbourne,KE8ho_EGn20,@rezabakhshi,2024-10-09 23:22:02+00:00,NDIS support worker Australia,youtube_comment
Ugx3xFfXBMDpWjC_hRN4AaABAg,aged_and_disabled_carers,2024,2024-06,"Hi, how do I get my worker screening card without an employer ID which is required on the application (as I will be working for myself)? Thanks",27,True,False,1,1,How to become an NDIS Support Worker,Support Workers Melbourne,KE8ho_EGn20,@stephip6429,2024-06-26 05:33:43+00:00,NDIS support worker Australia,youtube_comment
UgxvSA2Phv9lc6bE-NN4AaABAg,aged_and_disabled_carers,2024,2024-06,Hi love thnax for explaining so well.. could you please make a video how we can work directly with clients ?? Do we need to register ndis quality and safeguard commissions..???,31,True,True,1,3,How to become an NDIS Support Worker,Support Workers Melbourne,KE8ho_EGn20,@malihaibrar2124,2024-06-15 06:54:55+00:00,NDIS support worker Australia,youtube_comment
UgwB2VES-kjL9xAD28N4AaABAg,aged_and_disabled_carers,2024,2024-05,"Good afternoon, I hope you are well! 
I have a question to ask you! I am a Kinesiologist and physiatrist in my country (Argentina), I have experience in the field and I would like to work with disabled and elderly people here in Australia as well (currently in Gold Coast). When trying to get the yellow card permit, in the eligibility test in one sector it says, if you already have an employer or if they are about to hire you, which in my case they do not, and it tells me that I am not eligible, I wanted to get it so that when I have the opportunity of an employer or a job offer I will already be qualified. How can I get it without an employer yet, I have ABN, but I don't know what I should put in the part that asks for the employer's data. I hope I have explained my question and situation.
Thank you very much
I am waiting for your answer
Regards
Fede",171,True,False,1,1,How to become an NDIS Support Worker,Support Workers Melbourne,KE8ho_EGn20,@FedeCe-nj8of,2024-05-16 03:26:56+00:00,NDIS support worker Australia,youtube_comment
UgwgN8SUAHzxe80fk0t4AaABAg,aged_and_disabled_carers,2024,2024-02,Do we have to make any disability or aged care certificate to join,13,True,True,0,1,How to become an NDIS Support Worker,Support Workers Melbourne,KE8ho_EGn20,@subodhghalan3110,2024-02-03 23:07:54+00:00,NDIS support worker Australia,youtube_comment
Ugy5BhOCpZuRuabKatB4AaABAg,aged_and_disabled_carers,2025,2025-07,"I am Sri Lankan I love to do this job ,how can I do this course",16,True,False,0,0,Support Work in Australia: What NDIS Support Workers do,Support Workers Melbourne,_vLUoLdjW8s,@dilrukshiwijekoon886,2025-07-06 05:53:18+00:00,NDIS support worker Australia,youtube_comment
Ugx-JBLTBwxdTlLbOkJ4AaABAg,aged_and_disabled_carers,2025,2025-04,i like how the video starts with you avoiding a plant,11,True,False,0,0,Support Work in Australia: What NDIS Support Workers do,Support Workers Melbourne,_vLUoLdjW8s,@carlitoantipuesto6034,2025-04-25 18:46:36+00:00,NDIS support worker Australia,youtube_comment
Ugxxnt4kQZTywS1M0RR4AaABAg,aged_and_disabled_carers,2024,2024-01,love your work - thank you,6,True,False,1,1,Support Work in Australia: What NDIS Support Workers do,Support Workers Melbourne,_vLUoLdjW8s,@MarcoSanderCoaching,2024-01-08 11:05:35+00:00,NDIS support worker Australia,youtube_comment
UgxisRa2Jn9t66RaGjV4AaABAg,aged_and_disabled_carers,2023,2023-11,Thank you. We are glad you like it ;),9,True,False,0,0,Support Work in Australia: What NDIS Support Workers do,Support Workers Melbourne,_vLUoLdjW8s,@SupportWorkersMelbourne,2023-11-22 09:45:51+00:00,NDIS support worker Australia,youtube_comment
UgwpKLpJNPnYfC6p0VN4AaABAg,aged_and_disabled_carers,2023,2023-11,"What a great video - how fantastic, thank you so much",11,True,False,1,1,Support Work in Australia: What NDIS Support Workers do,Support Workers Melbourne,_vLUoLdjW8s,@dayakundi5140,2023-11-22 04:53:59+00:00,NDIS support worker Australia,youtube_comment
UgzCFOu7C4BPlUeHjb54AaABAg,aged_and_disabled_carers,2023,2023-11,This video is a valuable resource for anyone seeking NDIS information. Great job!,13,True,True,3,1,Support Work in Australia: What NDIS Support Workers do,Support Workers Melbourne,_vLUoLdjW8s,@Listerine50,2023-11-16 05:03:26+00:00,NDIS support worker Australia,youtube_comment
Ugx9s9qmY0p8b3rHSoh4AaABAg,aged_and_disabled_carers,2025,2025-12,"Starting your support worker journey and not sure where to begin?

Tell me below: What’s the hardest part right now — training, confidence, or knowing what to expect on shift?

👇 Drop your question below and I’ll answer it in the next video.",43,True,False,0,0,"How To Become an NDIS Support Worker (The Real, Honest Guide)",Yes Emily NDIS Growth Hub,OiVsgTTezCo,@YesEmilyNDISGrowthHub,2025-12-07 22:31:55+00:00,NDIS support worker Australia,youtube_comment
Ugx6T_a7mooCyAqfSB54AaABAg,aged_and_disabled_carers,2026,2026-03,"📌 If you’re aiming for PR through aged care, remember this:

👉 No labour agreement = no pathway (this is the #1 rule)
👉 Best move is to find employers already approved
👉 Work with them first → then sponsorship → then PR

💬 Are you already working in aged care or planning to study? Comment below 👇",58,True,True,1,2,Aged Care PR in Australia (2026 Guide),Pathway To Aus,0aVI4krzctM,@Pathwaytoaus,2026-03-18 07:11:17+00:00,aged care jobs Victoria,youtube_comment
UgxxzEBdUwVJyuDZQYV4AaABAg,aged_and_disabled_carers,2026,2026-05,Can primary care nursing certificate qualify me to work as a disability support worker in Australia regional areas,18,True,True,0,0,Aged Care PR in Australia (2026 Guide),Pathway To Aus,0aVI4krzctM,@IdahMakumbe-j4v,2026-05-18 20:05:29+00:00,aged care jobs Victoria,youtube_comment
UgysozGkhKi2OaWE_qd4AaABAg,aged_and_disabled_carers,2026,2026-05,I am 53 now and can I qualify to work as an care worker in Australia,16,True,False,0,0,Aged Care PR in Australia (2026 Guide),Pathway To Aus,0aVI4krzctM,@IdahMakumbe-j4v,2026-05-18 20:03:47+00:00,aged care jobs Victoria,youtube_comment
UgxBRwxninRy-acTjkd4AaABAg,aged_and_disabled_carers,2026,2026-04,"hi, i’m 32 yo. Is it possible for me to take Certif III aged care if I have no formal experience ??",22,True,True,0,1,Aged Care PR in Australia (2026 Guide),Pathway To Aus,0aVI4krzctM,@vikabercerita,2026-04-30 15:51:01+00:00,aged care jobs Victoria,youtube_comment
Ugy0N16zVBfJu6qFk2Z4AaABAg,aged_and_disabled_carers,2026,2026-04,how if I have level 4 cert from new zealand? can I use that certificate? thank you,17,True,False,0,1,Aged Care PR in Australia (2026 Guide),Pathway To Aus,0aVI4krzctM,@LeoSan-n7n,2026-04-14 05:48:21+00:00,aged care jobs Victoria,youtube_comment
Ugwpzt2mzuBfeojFqR54AaABAg,aged_and_disabled_carers,2026,2026-04,"Can you send me contacts to person who will assist me,or direct me çorrectly",14,True,False,0,1,Aged Care PR in Australia (2026 Guide),Pathway To Aus,0aVI4krzctM,@LouisChemeba,2026-04-12 08:05:41+00:00,aged care jobs Victoria,youtube_comment
UgxXYKoK7ps170nv_Qd4AaABAg,aged_and_disabled_carers,2026,2026-04,I'm interested in working with construction companies in Australia I'm am a Tradesman Carpenter,14,True,False,0,1,Aged Care PR in Australia (2026 Guide),Pathway To Aus,0aVI4krzctM,@LouisChemeba,2026-04-12 08:03:59+00:00,aged care jobs Victoria,youtube_comment
UgxceRyI4GF1bLuKyjx4AaABAg,aged_and_disabled_carers,2026,2026-03,I am 49 years old from Malaysia. Can I apply for this job?,13,True,False,0,1,Aged Care PR in Australia (2026 Guide),Pathway To Aus,0aVI4krzctM,@shurentersvlogs970,2026-03-27 02:12:37+00:00,aged care jobs Victoria,youtube_comment
UgyuDHABpcNAYDUo5p94AaABAg,aged_and_disabled_carers,2026,2026-03,What if I am already 47 years old?,8,True,False,0,1,Aged Care PR in Australia (2026 Guide),Pathway To Aus,0aVI4krzctM,@fayealvarado7713,2026-03-26 23:52:08+00:00,aged care jobs Victoria,youtube_comment
UgwFGYRXSqyfKmtsu014AaABAg,aged_and_disabled_carers,2026,2026-03,Fruitful information because I am searching for sponsorship AIN /support worker,11,True,False,1,1,Aged Care PR in Australia (2026 Guide),Pathway To Aus,0aVI4krzctM,@reelrushali,2026-03-21 06:25:20+00:00,aged care jobs Victoria,youtube_comment
UgwXVkGLEQEltx-Fxk14AaABAg,aged_and_disabled_carers,2026,2026-03,"I want to work for senior citizens of Australia. Where ever you want to deploy me, I am ready to work. I don’t want any holiday or vacation and also I am flexible to work round the clock. 
Would you pls fix someone who can be my visa sponsorship . I am giving you guarantee that you will be highly satisfied and also you will appreciate me. I am a dedicated devoted and disciplined worker, I got employee of the month , employee of the year while I was working with The Coca-Cola Bottling Company of Saudi Arabia. 
My only negativity is my age. I need only to bring my family afterward I settle myself. 
Anyhow as you know my situation, I am only requesting yours good self to allow me to come here along with my family, and then just see what I can do for all of you.",150,True,False,0,1,Aged Care PR in Australia (2026 Guide),Pathway To Aus,0aVI4krzctM,@MahbubulIslam-s3z,2026-03-19 09:24:50+00:00,aged care jobs Victoria,youtube_comment
UgwaOiqQz6_9k4QSqhh4AaABAg,aged_and_disabled_carers,2026,2026-04,Yessssss 💕❤️thank you your information 😄😃😀🖐️🖐️,6,True,False,0,0,How to Get Caregiver Jobs in Australia with Visa Sponsorship 2025 | Step-by-Step Guide,Abbey Travel Migration ,w8sRQzyhMsg,@TrukenWale,2026-04-24 13:13:14+00:00,aged care jobs Victoria,youtube_comment
Ugz07PdPkbUpIZjyr0V4AaABAg,aged_and_disabled_carers,2026,2026-02,yes how to apply and submit my CV please thank you,11,True,False,0,0,How to Get Caregiver Jobs in Australia with Visa Sponsorship 2025 | Step-by-Step Guide,Abbey Travel Migration ,w8sRQzyhMsg,@ashleyerielcustodio,2026-02-21 10:49:42+00:00,aged care jobs Victoria,youtube_comment
Ugy6tQGwkCmgZ1vrYeN4AaABAg,aged_and_disabled_carers,2025,2025-12,I know am let so my i can appl,9,True,False,0,0,How to Get Caregiver Jobs in Australia with Visa Sponsorship 2025 | Step-by-Step Guide,Abbey Travel Migration ,w8sRQzyhMsg,@AbebaYohaness,2025-12-02 12:31:11+00:00,aged care jobs Victoria,youtube_comment
Ugya0vHCVMAEsEwgJdB4AaABAg,aged_and_disabled_carers,2025,2025-11,"Hi I am interested., I am currently working as nursing assistant and currently student as a practical nurse here in finland",21,True,False,0,2,How to Get Caregiver Jobs in Australia with Visa Sponsorship 2025 | Step-by-Step Guide,Abbey Travel Migration ,w8sRQzyhMsg,@ma.theresaaprecio7411,2025-11-15 21:56:39+00:00,aged care jobs Victoria,youtube_comment
UgyFkDPXx5lJov_tJet4AaABAg,aged_and_disabled_carers,2025,2025-08,Am really interested how will I go about it,9,True,False,0,8,How to Get Caregiver Jobs in Australia with Visa Sponsorship 2025 | Step-by-Step Guide,Abbey Travel Migration ,w8sRQzyhMsg,@UjunwaEfiko-uh9ro,2025-08-03 19:32:00+00:00,aged care jobs Victoria,youtube_comment
Ugw52F2txD1yIcD7tOl4AaABAg,sales_assistants,2026,2026-01,Aren't you supposed to be financially self-sufficient before studying here?,10,True,False,1,1,How to Get Retail Jobs in Australia: International Students,Overseas Students Australia,Z_dQTUshXS0,@richardontube,2026-01-22 05:33:53+00:00,retail worker Australia,youtube_comment
Ugx_9P48QzYpUsf8ZrF4AaABAg,sales_assistants,2025,2025-11,"Thanks for your video, I will keep trying. But I lack work experience, they usually refuse me, what should I do?",21,True,False,1,1,How to Get Retail Jobs in Australia: International Students,Overseas Students Australia,Z_dQTUshXS0,@farmer5434,2025-11-30 14:01:02+00:00,retail worker Australia,youtube_comment
Ugz_iUKL4IzFVS6Lqs14AaABAg,sales_assistants,2025,2025-09,Which kind of questions they ask in interview? Please reply,10,True,False,1,1,How to Get Retail Jobs in Australia: International Students,Overseas Students Australia,Z_dQTUshXS0,@Bath_editz,2025-09-07 23:05:41+00:00,retail worker Australia,youtube_comment
Ugxm4YQ3XEr-OLDnH-94AaABAg,sales_assistants,2025,2025-08,"Leave Australia, Australia is not a country of Indians.",9,True,False,0,0,How to Get Retail Jobs in Australia: International Students,Overseas Students Australia,Z_dQTUshXS0,@Jemn_21,2025-08-25 03:10:14+00:00,retail worker Australia,youtube_comment
Ugyodno8parLorDp_zl4AaABAg,sales_assistants,2025,2025-08,"My experience supermarket and hypermarket 10 years Sales Assistant, Shelf filler in Bahrain 

Have vacancies sale assistant supermarket from Australia",20,True,True,1,1,How to Get Retail Jobs in Australia: International Students,Overseas Students Australia,Z_dQTUshXS0,@nardeepchaudhary2278,2025-08-20 19:32:44+00:00,retail worker Australia,youtube_comment
UgyCLZKz-4VOb495pkl4AaABAg,sales_assistants,2025,2025-06,Hey bro i want to talk with you please help me out.,12,True,False,1,0,How to Get Retail Jobs in Australia: International Students,Overseas Students Australia,Z_dQTUshXS0,@nowshinlaskar3509,2025-06-26 09:58:03+00:00,retail worker Australia,youtube_comment
UgyMSetcTfToBk9bsXx4AaABAg,sales_assistants,2025,2025-05,How about the working hours? Is it fixed? What is min hours we have to work each day?,18,True,False,0,1,How to Get Retail Jobs in Australia: International Students,Overseas Students Australia,Z_dQTUshXS0,@tinab1826,2025-05-13 13:46:53+00:00,retail worker Australia,youtube_comment
Ugzn3SwZS9yHIbiFf_J4AaABAg,sales_assistants,2025,2025-04,"basically，1. fill your file in the stores you'd like to work: woolworths, coles, myer, ..others. 2 they hire much before Xmas, some began at october. 3 try to build the network, join the union, get reference, quicker.",37,True,False,5,0,How to Get Retail Jobs in Australia: International Students,Overseas Students Australia,Z_dQTUshXS0,@ssh4090,2025-04-18 07:18:14+00:00,retail worker Australia,youtube_comment
Ugx8nMC1Y0cvrEdSI8R4AaABAg,sales_assistants,2025,2025-04,Could you please help me find job there in Retail for storemanager as I have good experience,17,True,True,0,0,How to Get Retail Jobs in Australia: International Students,Overseas Students Australia,Z_dQTUshXS0,@noorafshan5518,2025-04-16 14:01:49+00:00,retail worker Australia,youtube_comment
Ugzm7jQh0HH_0RpF0v54AaABAg,sales_assistants,2025,2025-04,Can you please mention the list of accredited employer in Australia. I need sponsorship to work in Australia. I've applied in woolsworth and kmart i am getting rejections instead of selection. They don't consider my job application first. Tho i am applying from India.,44,True,False,0,0,How to Get Retail Jobs in Australia: International Students,Overseas Students Australia,Z_dQTUshXS0,@adilakram9590,2025-04-13 07:19:37+00:00,retail worker Australia,youtube_comment
Ugzz_BLriHmSfABCANZ4AaABAg,sales_assistants,2025,2025-04,Hy everyone I'm a student of Griffith University gold coast.,10,True,False,0,1,How to Get Retail Jobs in Australia: International Students,Overseas Students Australia,Z_dQTUshXS0,@garvvohra21,2025-04-11 07:51:19+00:00,retail worker Australia,youtube_comment
UgzdW4hVygjJ4UeYMYp4AaABAg,sales_assistants,2025,2025-03,Hey mate can you share your resume,7,True,False,0,0,How to Get Retail Jobs in Australia: International Students,Overseas Students Australia,Z_dQTUshXS0,@sahiladwani5355,2025-03-23 08:40:09+00:00,retail worker Australia,youtube_comment
Ugwl7NUwl2zLAlwJZiF4AaABAg,sales_assistants,2025,2025-01,"This information is so relevant right now. I’m planning to work part-time while studying, and your tips on applying are just what I needed.",24,True,False,2,0,How to Get Retail Jobs in Australia: International Students,Overseas Students Australia,Z_dQTUshXS0,@WillieReyes_361,2025-01-29 01:45:47+00:00,retail worker Australia,youtube_comment
UgyEXZk1DPviiKQPRRN4AaABAg,sales_assistants,2025,2025-01,"I like how Sam breaks everything down. Also, I heard about Resubot for resume help, might be worth looking into as I prepare my applications.",25,True,False,0,0,How to Get Retail Jobs in Australia: International Students,Overseas Students Australia,Z_dQTUshXS0,@MatthewGeorgeNelson,2025-01-29 01:41:08+00:00,retail worker Australia,youtube_comment
Ugw565pYigD2lF6XruV4AaABAg,sales_assistants,2025,2025-01,"This video is really helpful for international students like me. I had no idea where to start with retail jobs in Australia. Appreciate the insights, Sam.",26,True,True,7,0,How to Get Retail Jobs in Australia: International Students,Overseas Students Australia,Z_dQTUshXS0,@GaryRandyAllen,2025-01-28 23:50:39+00:00,retail worker Australia,youtube_comment
Ugx1eHtPtPhVna7xM8t4AaABAg,sales_assistants,2024,2024-12,Hi there I’m in Sydney Australia I really wanted to work in retail jobs because I have a lot of enthusiasm to be a candidate,25,True,True,0,1,How to Get Retail Jobs in Australia: International Students,Overseas Students Australia,Z_dQTUshXS0,@Griffith-k8k,2024-12-10 06:49:24+00:00,retail worker Australia,youtube_comment
UgyOCXpsqmnyfaatRop4AaABAg,sales_assistants,2024,2024-07,i m looking for a job in Melborne for past month please help. Can anyone give references?,17,True,False,0,1,How to Get Retail Jobs in Australia: International Students,Overseas Students Australia,Z_dQTUshXS0,@NitimaArora-f5z,2024-07-16 08:54:12+00:00,retail worker Australia,youtube_comment
UgzPGourk7jGDlqGPlp4AaABAg,sales_assistants,2024,2024-07,Could you make a video on interview preparation tips?,9,True,False,4,0,How to Get Retail Jobs in Australia: International Students,Overseas Students Australia,Z_dQTUshXS0,@prishitamazumdar9454,2024-07-07 09:51:32+00:00,retail worker Australia,youtube_comment
UgxIrFQckFDIN8o5Bx54AaABAg,sales_assistants,2024,2024-06,Excellent tips! Thak you very much!!!,6,True,False,0,1,How to Get Retail Jobs in Australia: International Students,Overseas Students Australia,Z_dQTUshXS0,@lucascastelobrancodedeus7596,2024-06-24 10:14:25+00:00,retail worker Australia,youtube_comment
UgyqhifU_hf4FNuZ88B4AaABAg,sales_assistants,2024,2024-06,"Thanks for the information 

I am interested in Australia 

Pls how can you help me move to Australia 

I am in need of Unskilled Job 

Thank you",27,True,False,0,0,How to Get Retail Jobs in Australia: International Students,Overseas Students Australia,Z_dQTUshXS0,@fakiyafemi4101,2024-06-14 20:16:56+00:00,retail worker Australia,youtube_comment
UgxI9huxUP_kIMsvPwF4AaABAg,sales_assistants,2024,2024-03,How about studying masters in advanced professional accounting in university of new castle,13,True,False,3,0,How to Get Retail Jobs in Australia: International Students,Overseas Students Australia,Z_dQTUshXS0,@kvts2447,2024-03-18 05:20:57+00:00,retail worker Australia,youtube_comment
UgzW9Lg71GUBWoHtnGh4AaABAg,sales_assistants,2024,2024-03,"Hello, can you please show us your resume you made to get an idea because they reject us on basis of that.",22,True,False,20,1,How to Get Retail Jobs in Australia: International Students,Overseas Students Australia,Z_dQTUshXS0,@rimmiverma2626,2024-03-17 21:27:29+00:00,retail worker Australia,youtube_comment
UgwSjtZ8e9DIVT6gnm14AaABAg,sales_assistants,2024,2024-02,Bro i have video interview tomorrow with woolworths. I'm little bit nervous 🙂 can you help me with any tips,20,True,False,2,1,How to Get Retail Jobs in Australia: International Students,Overseas Students Australia,Z_dQTUshXS0,@AvinashKumar-cj6df,2024-02-23 20:16:40+00:00,retail worker Australia,youtube_comment
UgxS-meBlF2B6UuW4AN4AaABAg,sales_assistants,2024,2024-01,"Hello sir,
I am international student here in Melbourne. I have been trying for retail jobs in coles and Woolworths but still I haven’t gotten job. Been refused till now. I don’t have anyone to refer to. If you could help me be my reference i would be highly grateful to you sir. 

With hope and respect sir. Please help me sir. I am in dire situation here.

Thanking you. 🙏",71,True,True,0,3,How to Get Retail Jobs in Australia: International Students,Overseas Students Australia,Z_dQTUshXS0,@asoftrai,2024-01-31 00:50:40+00:00,retail worker Australia,youtube_comment
UgyFPFyHQZ_RL3zDMHN4AaABAg,sales_assistants,2024,2024-01,"Everything was good until you said it was certainly respectable than working as a dishwasher. I have heard that work is worship no matter whatever you do. It's us who have learnt to discriminate work. Now I know people will come at me saying how will you and your parents feel after spending heaps on your education for you to work as a dishwasher. My answer would still stay the same. Work is work, atleast it's better than doing onlyfans, prostitution, selling drugs, and anything illegal.",86,True,False,0,1,How to Get Retail Jobs in Australia: International Students,Overseas Students Australia,Z_dQTUshXS0,@ishita.ishu.p1303,2024-01-10 08:50:13+00:00,retail worker Australia,youtube_comment
UgzxmxWBjJk09sf5JhZ4AaABAg,sales_assistants,2023,2023-12,"Thanku so much for making this video itd quite informative video , could you please tell me which company provide sponsorship job in retail. I am in London but wanna move to Australia, please answer",35,True,True,0,0,How to Get Retail Jobs in Australia: International Students,Overseas Students Australia,Z_dQTUshXS0,@abhinavvlogs5582,2023-12-27 11:00:37+00:00,retail worker Australia,youtube_comment
UgzswUZCPSh2paDzcRd4AaABAg,sales_assistants,2023,2023-09,"Hello sir 
I am your new subscriber
Great video and also
Very very informative video
This means alot to us sir
Keep going🔥
Thank you bhai❣️",26,True,False,2,0,How to Get Retail Jobs in Australia: International Students,Overseas Students Australia,Z_dQTUshXS0,@nmshorts-m7b,2023-09-23 13:28:11+00:00,retail worker Australia,youtube_comment
Ugwg2Is8yXLEtNTo4dB4AaABAg,sales_assistants,2023,2023-09,"Are their job opportunities for business analytics ,both long term and short term",13,True,False,0,0,How to Get Retail Jobs in Australia: International Students,Overseas Students Australia,Z_dQTUshXS0,@jamalhassan442,2023-09-22 20:08:35+00:00,retail worker Australia,youtube_comment
Ugyv5YC_0xGG4ww44V94AaABAg,sales_assistants,2023,2023-09,"Sir,if i got my visa for australia in october for FEB intake then i can come there in october or november?",21,True,False,2,1,How to Get Retail Jobs in Australia: International Students,Overseas Students Australia,Z_dQTUshXS0,@armanvhora8628,2023-09-22 11:35:26+00:00,retail worker Australia,youtube_comment
UgyxlD6aresgbm-MRl94AaABAg,sales_assistants,2023,2023-09,How about you international students stay the fck in your own country. We cant house our own and thanks to university putting priority on you lot australian get fcked over and made to pay a ton to go to uni.,40,True,False,0,0,How to Get Retail Jobs in Australia: International Students,Overseas Students Australia,Z_dQTUshXS0,@johnset-qt1he,2023-09-21 18:54:04+00:00,retail worker Australia,youtube_comment
Ugzw9dqELenfUtAjUft4AaABAg,sales_assistants,2023,2023-09,Hi bro i applied for my abn and it got to pending. What should i do?,16,True,False,0,0,How to Get Retail Jobs in Australia: International Students,Overseas Students Australia,Z_dQTUshXS0,@yashpreet8373,2023-09-20 11:35:20+00:00,retail worker Australia,youtube_comment
Ugy6mFlmCcnFqvX4mJ94AaABAg,sales_assistants,2023,2023-09,Hello..I need some ideas how to create profile/ resume to apply on those retails store ❤,16,True,True,2,0,How to Get Retail Jobs in Australia: International Students,Overseas Students Australia,Z_dQTUshXS0,@ellapayot5471,2023-09-19 00:21:03+00:00,retail worker Australia,youtube_comment
UgzM5d-tZQ3NH2rLArJ4AaABAg,sales_assistants,2023,2023-09,hi. how long does an appeal tale after student visa refusal?,11,True,False,0,0,How to Get Retail Jobs in Australia: International Students,Overseas Students Australia,Z_dQTUshXS0,@mil_2988,2023-09-18 18:13:09+00:00,retail worker Australia,youtube_comment
UgxPNfIyG8_9l7xc7-N4AaABAg,sales_assistants,2023,2023-09,"Hello sir, kindly If possible make video on visa assessment processing timeframe, as I have applied for student visa and mine is in further assessment, It is a request, actually I just want to know that I have deferred my offer from UNSW to term 1, 2024 and will i get my visa decision before that??😢😢",56,True,False,0,5,How to Get Retail Jobs in Australia: International Students,Overseas Students Australia,Z_dQTUshXS0,@nitishdhamija6166,2023-09-18 13:53:15+00:00,retail worker Australia,youtube_comment
Ugw6dpC8GZr9GgGiK6N4AaABAg,sales_assistants,2023,2023-09,"I am going to do masters in network systems in swinburne ,is it a good career ? In melbourne?",19,True,False,4,0,How to Get Retail Jobs in Australia: International Students,Overseas Students Australia,Z_dQTUshXS0,@Rko2001,2023-09-18 07:51:01+00:00,retail worker Australia,youtube_comment
UgxMhCTsj3rjO98wo2h4AaABAg,sales_assistants,2023,2023-09,"Hlo Sir
How are you
Sir I needed your good advise
Plz suggest me which one course is best for australia
Bechelor of business
Bechelor of media",27,True,False,0,1,How to Get Retail Jobs in Australia: International Students,Overseas Students Australia,Z_dQTUshXS0,@AJGroup786,2023-09-18 01:29:46+00:00,retail worker Australia,youtube_comment
Ugw6qkxTDjnJd1NAiKF4AaABAg,sales_assistants,2023,2023-09,"Thanks for making this, saved me having to do it myself 😄",12,True,False,5,1,How to Get Retail Jobs in Australia: International Students,Overseas Students Australia,Z_dQTUshXS0,@Spectrecontrol,2023-09-17 22:17:51+00:00,retail worker Australia,youtube_comment
Ugze5V4JY2pbXUHMzip4AaABAg,sales_assistants,2023,2023-09,"hey I'm planning for my
is there any scope of bacholers in business management?
or can an international student companstate all the expenses easily ?",25,True,False,2,1,How to Get Retail Jobs in Australia: International Students,Overseas Students Australia,Z_dQTUshXS0,@simran6093,2023-09-17 15:59:28+00:00,retail worker Australia,youtube_comment
Ugyc6v7HrmuyVDgPpLp4AaABAg,sales_assistants,2023,2023-09,I planned for doing masters in mining is it good option,11,True,False,1,1,How to Get Retail Jobs in Australia: International Students,Overseas Students Australia,Z_dQTUshXS0,@swaroop36918,2023-09-17 12:00:06+00:00,retail worker Australia,youtube_comment
Ugx3uUaFAzECYyhCZ6t4AaABAg,sales_assistants,2023,2023-09,"It's very hard to find work here in Melbourne
Thousands of people apply for these jobs very hard to get work in retail trust me l have tried many times",30,True,True,1,1,How to Get Retail Jobs in Australia: International Students,Overseas Students Australia,Z_dQTUshXS0,@JayShiva-fh7sx,2023-09-17 10:10:13+00:00,retail worker Australia,youtube_comment
UgwhRltfLsOs8C4J2cl4AaABAg,sales_assistants,2023,2023-09,Hi could you please tell me the scope of doing masters in finance in sydney? Is it a good option?,20,True,False,0,2,How to Get Retail Jobs in Australia: International Students,Overseas Students Australia,Z_dQTUshXS0,@ATvlogs4u,2023-09-17 09:13:02+00:00,retail worker Australia,youtube_comment
Ugw33MMzbaWzAoMEEdJ4AaABAg,sales_assistants,2023,2023-09,Do u think if applying for multiple jobs type/roles in a retailers website will decrease my chance of getting an interview ?,22,True,True,2,2,How to Get Retail Jobs in Australia: International Students,Overseas Students Australia,Z_dQTUshXS0,@HimsZ,2023-09-17 08:50:00+00:00,retail worker Australia,youtube_comment
UgyIrHnxNGpLLeXpqrh4AaABAg,sales_assistants,2026,2026-05,"Sorry for the spam...
My coworker I'm on the same shift, before closing the store, she mops without taking the garbage out beforehand...and this one of many things she does that leaves me perplexed...",34,False,False,0,0,When they actually work in retail | Retail Life,CraigNotCreg,d0MLuihn__A,@AndreeaCe,2026-05-19 17:52:41+00:00,retail worker Australia,youtube_comment
UgzameBt2DCGzJVHVzt4AaABAg,sales_assistants,2026,2026-05,"Technically speaking, are lazy people in all fields. Some of them strongly and wrongly believe they work smart.
And some of them lie about their work experience or skills.
So you have to tackle customers and coworkers.",37,False,False,0,0,When they actually work in retail | Retail Life,CraigNotCreg,d0MLuihn__A,@AndreeaCe,2026-05-19 14:32:20+00:00,retail worker Australia,youtube_comment
Ugw_y4t71fzoFQNALh54AaABAg,sales_assistants,2026,2026-05,Ditching American Ninja Warrior and moving to Retail Shift Warrior,10,False,True,0,0,When they actually work in retail | Retail Life,CraigNotCreg,d0MLuihn__A,@ChefTontu,2026-05-15 02:42:24+00:00,retail worker Australia,youtube_comment
UgxhJd0uDMto2Kx5kEV4AaABAg,sales_assistants,2026,2026-05,No the hardest part of retail is not killing the new help especially if they're like this idiot,18,False,True,0,0,When they actually work in retail | Retail Life,CraigNotCreg,d0MLuihn__A,@dragon12789,2026-05-15 01:07:59+00:00,retail worker Australia,youtube_comment
Ugz1qXPI-QpRhGcMb614AaABAg,sales_assistants,2026,2026-05,"Retail work is in theory easy, the actual tasks if written on paper are again simple jobs....however reality is a bitch who slaps you in the face with customers, management and just inept design of processes which all culminate to make retail work so soul crushing.",46,False,True,0,0,When they actually work in retail | Retail Life,CraigNotCreg,d0MLuihn__A,@PlayerNerfed,2026-05-14 18:40:23+00:00,retail worker Australia,youtube_comment
Ugzkt5NJF2CyMNtmV314AaABAg,sales_assistants,2026,2026-05,I worked in childcare and parents literally would say it must be nice getting to do arts and crafts all day sit around and watch the kids etc etc yeah they have no clue,34,False,False,0,0,When they actually work in retail | Retail Life,CraigNotCreg,d0MLuihn__A,@suesue5142,2026-05-14 14:54:59+00:00,retail worker Australia,youtube_comment
UgzRAkQH-iFY5c973ld4AaABAg,sales_assistants,2026,2026-05,"Retail is surprisingly hard work, but Fast Food is noticeably harder. I've done both.",14,False,True,0,0,When they actually work in retail | Retail Life,CraigNotCreg,d0MLuihn__A,@metalnep,2026-05-14 08:50:05+00:00,retail worker Australia,youtube_comment
UgxiOed5B5CyepqGeAZ4AaABAg,sales_assistants,2026,2026-05,"As an employee, if a new employee said that well, he's on these first job, he will get 5 straight away. Because that's been very just respectful to retail workers. We toil, workers constantly keep the shelves we stocked in sharps in supermarkets. So people can come in and get the stuff. They need such as bread, meat, chicken ice cream. A lot of mostly all the centrals and stuff they need for their house, excluding makeup and jewelley and stuff, because that's not where the sential stuff. He's been very disrespectful.He will get fired straight away",97,False,True,0,0,When they actually work in retail | Retail Life,CraigNotCreg,d0MLuihn__A,@LewisScott-x8h,2026-05-14 08:19:58+00:00,retail worker Australia,youtube_comment
UgwcRQWwTjwZXqytwFl4AaABAg,sales_assistants,2026,2026-05,"Want a lazy job? Become a machine operator for a textile mill, just gotta sit watching a machine, get up very few hours and do something, it does get very very boring though",33,False,False,0,0,When they actually work in retail | Retail Life,CraigNotCreg,d0MLuihn__A,@captain1148,2026-05-14 07:46:54+00:00,retail worker Australia,youtube_comment
UgzNI0EBjuXi2j946mF4AaABAg,sales_assistants,2026,2026-05,as someone who only worked 3 months at dollar general. i took a vow never to touch retail again unless i have absolutely no other choices,26,False,True,0,0,When they actually work in retail | Retail Life,CraigNotCreg,d0MLuihn__A,@robyamato4056,2026-05-14 06:45:01+00:00,retail worker Australia,youtube_comment
UgwWq6f2mmnQXXQVzpZ4AaABAg,sales_assistants,2026,2026-05,It's not easy. It is definitely repetitive,7,False,False,0,0,When they actually work in retail | Retail Life,CraigNotCreg,d0MLuihn__A,@justcam_28,2026-05-13 22:07:05+00:00,retail worker Australia,youtube_comment
UgzHfnfLVIzXPex18254AaABAg,sales_assistants,2026,2026-05,Guys retail work so easy but so boring ive done it but first guy was right you dont use your brain lol,22,False,True,0,0,When they actually work in retail | Retail Life,CraigNotCreg,d0MLuihn__A,@dirtl7g,2026-05-13 17:15:34+00:00,retail worker Australia,youtube_comment
UgwXe0NEaR42STxNd094AaABAg,sales_assistants,2026,2026-05,"I've worked in warehouses and factories; I will never work in retail again. It made me want the last shit warehouse job back, where the entire staff walked out.",29,False,True,0,0,When they actually work in retail | Retail Life,CraigNotCreg,d0MLuihn__A,@Apollo34tg,2026-05-13 14:32:30+00:00,retail worker Australia,youtube_comment
UgzSUnbe2HMMOpe2z-l4AaABAg,sales_assistants,2026,2026-05,"I know this is fake, would never happen.
I mean seriously? A retail boss saying ""good job""?? Totaly fake!",19,False,True,0,0,When they actually work in retail | Retail Life,CraigNotCreg,d0MLuihn__A,@frozztie7511,2026-05-13 13:34:01+00:00,retail worker Australia,youtube_comment
Ugx_xuRkAvyY9vNMJDp4AaABAg,sales_assistants,2026,2026-05,We would sometimes get retirees who thought it would be a nice easy retirement job. It was... an experience watching them go from scoffing at the millennials to basically being too tired to speak most of the time.,38,False,False,0,0,When they actually work in retail | Retail Life,CraigNotCreg,d0MLuihn__A,@annana6098,2026-05-13 12:40:33+00:00,retail worker Australia,youtube_comment
Ugxt8ZNGd6OSxpDUY9N4AaABAg,sales_assistants,2026,2026-05,"Worked retail at a certain club store. The amount of vile, entitled people who come in and think they're better cause they pay to be there? Ha, they pay me to be here and my membership is higher tier.",39,False,True,0,0,When they actually work in retail | Retail Life,CraigNotCreg,d0MLuihn__A,@Mechjoc,2026-05-13 11:10:21+00:00,retail worker Australia,youtube_comment
UgxG2bxamTpKUM_IvDp4AaABAg,sales_assistants,2026,2026-05,"The o ly difference ik is, one is a resist the tempting thoughts to bash the idiots heads in, and the other is you're either the idiot with idiots, idiots around smart fucks or the smart fuck sorrounded by idiots",40,False,False,0,0,When they actually work in retail | Retail Life,CraigNotCreg,d0MLuihn__A,@Spycrafter-G-101,2026-05-13 08:24:56+00:00,retail worker Australia,youtube_comment
UgwTQwSPBCo_Eb8RZf94AaABAg,sales_assistants,2026,2026-05,Everyone at some point should work retail or at a restaurant in there life,14,False,True,0,0,When they actually work in retail | Retail Life,CraigNotCreg,d0MLuihn__A,@Dkpeasley,2026-05-13 01:23:41+00:00,retail worker Australia,youtube_comment
UgzEVT2IXJiYfR7BzeV4AaABAg,sales_assistants,2026,2026-05,"Straight to the pet food aisle with that one, or the cleaning products, then furniture, then canned and dry foods, then drinks, especially water cases.",25,False,False,0,0,When they actually work in retail | Retail Life,CraigNotCreg,d0MLuihn__A,@Mothisme3,2026-05-13 01:23:20+00:00,retail worker Australia,youtube_comment
Ugx1bETlANFgC6cD9JJ4AaABAg,sales_assistants,2026,2026-05,I would atill rather work OfficeMax than McDonnalds,8,False,False,0,0,When they actually work in retail | Retail Life,CraigNotCreg,d0MLuihn__A,@Tarsidous,2026-05-13 00:38:18+00:00,retail worker Australia,youtube_comment
Ugz1Z9kyKB8jT0YG8_B4AaABAg,sales_assistants,2026,2026-05,I think I might be the only person to not have rude customers all day. Sure I get annoyed or upset but never rude. Maybe I’ve just got a perfect customer service personality or something.,35,False,True,0,0,When they actually work in retail | Retail Life,CraigNotCreg,d0MLuihn__A,@Zenikai_,2026-05-12 23:18:06+00:00,retail worker Australia,youtube_comment
Ugw08MMVB6Pq09bLX1J4AaABAg,sales_assistants,2026,2026-05,"If anything, retail jobs ARE the most real job in the entire infrastructure.....and alongside teaching, they are also the most UNDERPAID in ther entire infrastructure",25,False,True,0,0,When they actually work in retail | Retail Life,CraigNotCreg,d0MLuihn__A,@_fire_fox_1152,2026-05-12 22:37:23+00:00,retail worker Australia,youtube_comment
Ugy-mhlHSnYJOB89i8Z4AaABAg,sales_assistants,2026,2026-05,"As someone who's worked retail for over a decade.
It CAN be easy. But that doesn't mean it always is.
You gotta find the RIGHT kind of retail job at specific locations for such a privilege.",36,False,True,0,0,When they actually work in retail | Retail Life,CraigNotCreg,d0MLuihn__A,@zaczane,2026-05-12 18:06:12+00:00,retail worker Australia,youtube_comment
UgwW6-5cppXGvz1l2pF4AaABAg,sales_assistants,2026,2026-05,Still has time to stand around eating..... Just saying. 😂😂,10,False,False,0,0,When they actually work in retail | Retail Life,CraigNotCreg,d0MLuihn__A,@robgreenwood6939,2026-05-12 17:03:54+00:00,retail worker Australia,youtube_comment
UgxMRC0ImO4lkpwAnqN4AaABAg,sales_assistants,2026,2026-05,Well at least you didn’t tell him to go make friends with Kenny… 💀,14,False,False,0,0,When they actually work in retail | Retail Life,CraigNotCreg,d0MLuihn__A,@Callme_h,2026-05-12 14:57:56+00:00,retail worker Australia,youtube_comment
UgywLUOMNOvlPe7cfBt4AaABAg,sales_assistants,2026,2026-05,It's may now so I reckon the Christmas music prolly starts pretty soon lol o7,15,False,False,0,0,When they actually work in retail | Retail Life,CraigNotCreg,d0MLuihn__A,@TheOblivionKing,2026-05-12 14:28:31+00:00,retail worker Australia,youtube_comment
Ugzqd0M2EtF6JNnmTbZ4AaABAg,sales_assistants,2026,2026-05,"""Oh retail lords give me patience and wisdom... because if you give me strength, im gonna choke someone """,19,False,True,0,0,When they actually work in retail | Retail Life,CraigNotCreg,d0MLuihn__A,@jakeellis863,2026-05-12 10:33:39+00:00,retail worker Australia,youtube_comment
Ugy0LYYLjop_onW-4zh4AaABAg,sales_assistants,2026,2026-05,"I worked in retail during highschool. I can say this. Harder than it looks. Maybe not physically as jobs i do now but psykological it is. Asked same stupid questions. Got in a new drink and when i came back after checking first time it took not even a minute before another one asked me to check. I said we are out and they ofcourse asked if i could check again, i said to them i checked a minute ago and we were out sorry. 
A costumer who works for that company shops there, funny is i know him and he stepped in and said they be able to deliver in a week because the machine was broken.
After my shift he called and said he got 12 monsters (yes it was monster) and asked if i wanted them. Ofcourse i said yes.",143,False,True,0,0,When they actually work in retail | Retail Life,CraigNotCreg,d0MLuihn__A,@jaktfalk1377,2026-05-12 03:56:27+00:00,retail worker Australia,youtube_comment
UgyU1ofiwEiIv4oRaS14AaABAg,sales_assistants,2026,2026-05,"Same case with fast food, sure we got our lazy workers, but if you actually work... It's exhausting",18,False,False,0,0,When they actually work in retail | Retail Life,CraigNotCreg,d0MLuihn__A,@samuelhaverghast2442,2026-05-12 02:25:15+00:00,retail worker Australia,youtube_comment
UgxU6-9RSZrGkAD6sR14AaABAg,sales_assistants,2026,2026-05,"When people start yelling at you and gang angry, just get quiet and stare at them in the eye. Don't blink.Don't move.Just dead, stare right into the eye",28,False,False,0,0,When they actually work in retail | Retail Life,CraigNotCreg,d0MLuihn__A,@mnewport742,2026-05-12 02:00:44+00:00,retail worker Australia,youtube_comment
UgzgSimd65MnrF3xN_l4AaABAg,sales_assistants,2026,2026-05,This is the only compliment I'd take from a manager like him,12,False,False,0,0,When they actually work in retail | Retail Life,CraigNotCreg,d0MLuihn__A,@srslysarcastic8386,2026-05-11 17:27:21+00:00,retail worker Australia,youtube_comment
Ugz32RxsNN9GQSKAtSd4AaABAg,sales_assistants,2026,2026-05,I know how this feels i worked retail before,9,False,True,0,0,When they actually work in retail | Retail Life,CraigNotCreg,d0MLuihn__A,@dustinimoe-r4e,2026-05-11 16:10:29+00:00,retail worker Australia,youtube_comment
UgxBFsxizYM6UzN3Tup4AaABAg,sales_assistants,2026,2026-05,I actually can tell u for sure that working in retail would be very easy for me because I am very polite.,22,False,True,0,0,When they actually work in retail | Retail Life,CraigNotCreg,d0MLuihn__A,@stabbac,2026-05-11 14:26:47+00:00,retail worker Australia,youtube_comment
UgxZwGSJjmOaxaNa1ud4AaABAg,sales_assistants,2026,2026-05,Everyone should work 6 months of retail minimum before moving on to something better,14,False,True,0,0,When they actually work in retail | Retail Life,CraigNotCreg,d0MLuihn__A,@LuluPup3387,2026-05-11 14:06:46+00:00,retail worker Australia,youtube_comment
UgwW3kOMbtKEb-2wIMZ4AaABAg,sales_assistants,2026,2026-05,"I believe the job you were looking for was politician my friend. 

That's the one where you can be lazy... For some reason. 

Almost any other job though? Yeah, no buddy, most other jobs are just various levels of buckle up, knuckle down and get to it. 

And retail is one of the most hellish versions of that for almost no pay. Been there, and if it was the only job that would hire me again, I would seriously consider homelessness and starvation.",83,False,True,0,0,When they actually work in retail | Retail Life,CraigNotCreg,d0MLuihn__A,@MikeStudios08,2026-05-11 05:47:19+00:00,retail worker Australia,youtube_comment
UgwZimU566a_R_Ss5pZ4AaABAg,sales_assistants,2026,2026-05,"Back when I used to be in this line of work I had a saying: ""it's not the job, it's the people.""",22,False,False,0,0,When they actually work in retail | Retail Life,CraigNotCreg,d0MLuihn__A,@basteala525,2026-05-11 04:24:45+00:00,retail worker Australia,youtube_comment
UgwjEM6lHQEplZJ8o7x4AaABAg,sales_assistants,2026,2026-05,I’ve worked in a retail warehouse. We had a new worker started. He thought the exact same thing all it took was one double trailer semi truck to rock up field with stock that we need to put away now for context. This isn’t grocery warehouse. This is the type of warehouse. They have logical appliance that ranges between a toaster to a fridge as well as furniture and bedding and on that day that truck had no light stuff the lighters item still required two people to lift and his face. Oh I wish I had a photo of that face. It was priceless seeing his face his expression. and for extra context he is still working there and now he knows to never judge a book by its cover.,131,False,True,0,0,When they actually work in retail | Retail Life,CraigNotCreg,d0MLuihn__A,@guardian1962,2026-05-11 03:29:48+00:00,retail worker Australia,youtube_comment
UgxMf47W47M3RqZCPEZ4AaABAg,sales_assistants,2026,2026-05,"Day shift its all mental exhaustion from what i heard from day folk of dealing eith... so... so many people sometimes.

And depending on the retail, night shift, like mine. Is all the quiet physical crap.

Then theres the folk who deal with unloading the trucks...

Fuck that job in particular...

Retail is ass on your health no matter WHAT job it is lol.

But lazy isn't part of it. Definitely not.",72,False,True,0,0,When they actually work in retail | Retail Life,CraigNotCreg,d0MLuihn__A,@Laughing_Dragon,2026-05-11 03:23:00+00:00,retail worker Australia,youtube_comment
UgwBm5zsJVfhrap3w3N4AaABAg,sales_assistants,2026,2026-05,Oh you sweet summer child.,5,False,False,0,0,When they actually work in retail | Retail Life,CraigNotCreg,d0MLuihn__A,@thetester755,2026-05-11 03:17:27+00:00,retail worker Australia,youtube_comment
UgxijP44PlyDprUs1Pp4AaABAg,sales_assistants,2026,2026-05,"""he thought we were lazy, didn't he?"" ""Yep"" ""hmm, good job"" better words have never been said, y'all retail workers are deadset the unspoken legends",25,False,True,0,0,When they actually work in retail | Retail Life,CraigNotCreg,d0MLuihn__A,@Mysteriouslydarkstorys,2026-05-11 02:23:43+00:00,retail worker Australia,youtube_comment
UgzEZdvKuYCZnyUX6Kt4AaABAg,sales_assistants,2026,2026-05,So I'm just the weirdo that loves working retail but then again I just quit McDonald's maybe that's why,19,False,True,0,0,When they actually work in retail | Retail Life,CraigNotCreg,d0MLuihn__A,@LetsTalkAboutIt2331,2026-05-10 19:29:27+00:00,retail worker Australia,youtube_comment
UgyjA-pMwr1NlEtq9gl4AaABAg,sales_assistants,2026,2026-05,"Never worked retail, but anyone who thinks they are lazy is dumb.",12,False,True,0,0,When they actually work in retail | Retail Life,CraigNotCreg,d0MLuihn__A,@halo-cn3ku,2026-05-10 17:03:00+00:00,retail worker Australia,youtube_comment
UgxFRnLMZxAQ3qPGhxd4AaABAg,sales_assistants,2026,2026-05,I was the assistant training manager for a Pizza Hut franchise and had one like that come in. I've had more than my fair share of new hires like that. I work in IT now and very much prefer working with computers over people,44,False,False,0,0,When they actually work in retail | Retail Life,CraigNotCreg,d0MLuihn__A,@Straywork,2026-05-10 14:14:29+00:00,retail worker Australia,youtube_comment
Ugy6GHqFgqJITqemoa54AaABAg,sales_assistants,2026,2026-05,The difference between being yelled at by my 4 supervisors versus the 56 customers to yell at u about anything each hour plus unload the truck and reprice all in 4 hours 🎉,33,False,False,1,0,When they actually work in retail | Retail Life,CraigNotCreg,d0MLuihn__A,@ironskual,2026-05-10 14:04:57+00:00,retail worker Australia,youtube_comment
Ugw1T_D1UxeI_wo2IB14AaABAg,sales_assistants,2026,2026-05,Tbf it's more of an extremely tedious job rather than a hard one,13,False,False,0,0,When they actually work in retail | Retail Life,CraigNotCreg,d0MLuihn__A,@bluecometdaniel,2026-05-10 07:16:39+00:00,retail worker Australia,youtube_comment
Ugwayi1O12aocKUh-Pl4AaABAg,sales_assistants,2026,2026-05,"As someone whos worked at a petrol station and currently works in fadt food I pity you.
May the force be with you",23,False,False,0,0,When they actually work in retail | Retail Life,CraigNotCreg,d0MLuihn__A,@tsuki7838,2026-05-09 22:21:55+00:00,retail worker Australia,youtube_comment
UgxNcWfc4916mW2RsCx4AaABAg,sales_assistants,2026,2026-05,"Never in my life have I thought retail work was easy 😭 that shit sounds exhausting, and I worked construction",20,False,True,0,0,When they actually work in retail | Retail Life,CraigNotCreg,d0MLuihn__A,@rae6878,2026-05-09 14:58:54+00:00,retail worker Australia,youtube_comment
UgwBtPnaNfn2jIogxNp4AaABAg,sales_assistants,2026,2026-05,"I much prefer ""Lord give me patience because if you give me strength you'll need to give bail money""",19,False,False,0,0,When they actually work in retail | Retail Life,CraigNotCreg,d0MLuihn__A,@Sniper361984,2026-05-09 07:13:07+00:00,retail worker Australia,youtube_comment
Ugy4_ujBcFncEto3Y-14AaABAg,sales_assistants,2026,2026-05,I worked retail in a thrift store. The amount of horrors I’ve seen…… I never want to go back…..,19,False,True,0,0,When they actually work in retail | Retail Life,CraigNotCreg,d0MLuihn__A,@DragonSilverlight,2026-05-09 05:49:01+00:00,retail worker Australia,youtube_comment
UgyECobTbdAXWCVRB1N4AaABAg,sales_assistants,2026,2026-05,Try being a vehicle technician,5,False,False,0,0,When they actually work in retail | Retail Life,CraigNotCreg,d0MLuihn__A,@liamlivesey5905,2026-05-09 02:25:41+00:00,retail worker Australia,youtube_comment
UgxZkwjtyomKgrFiNlR4AaABAg,sales_assistants,2026,2026-05,"Had one of our customer service desk ppl say the floor job was easy 😂
1. On the floor you walk anywhere from 4-10 miles a day
2. Somethings are heavy af
3. Mentally draining
4. We interact with more customers than you
5. We have to know more
6. We are the most likely to know how to do multiple positions/jobs in the building (sales floor, maintenance, cart pushing, cashier, even back of house) 
It's not lazy. It's work. And new hires/teens need to know that",87,False,True,0,0,When they actually work in retail | Retail Life,CraigNotCreg,d0MLuihn__A,@dragonqueen6776,2026-05-09 00:09:24+00:00,retail worker Australia,youtube_comment
UgyVtYK0AsjyJsN8C4t4AaABAg,sales_assistants,2026,2026-05,Its lazy compared to a lot of jobs,8,False,False,0,0,When they actually work in retail | Retail Life,CraigNotCreg,d0MLuihn__A,@matthewlanchester1049,2026-05-08 23:44:12+00:00,retail worker Australia,youtube_comment
UgwfMul7ZefwVg34p5l4AaABAg,sales_assistants,2026,2026-05,You know you did an actual good job is when the manager isnt yelling at you and also says good job and just walks away,25,False,False,0,0,When they actually work in retail | Retail Life,CraigNotCreg,d0MLuihn__A,@MrGamer-hn7db,2026-05-08 22:17:11+00:00,retail worker Australia,youtube_comment
UgyXABd89TsxbYDRn6p4AaABAg,sales_assistants,2026,2026-05,Anyone else work in sales? The laziest job kicks your ass the hardest.,13,False,False,0,0,When they actually work in retail | Retail Life,CraigNotCreg,d0MLuihn__A,@lisapurvis322,2026-05-08 21:12:44+00:00,retail worker Australia,youtube_comment
UgxG3-4FitO0OGZyj6Z4AaABAg,sales_assistants,2026,2026-05,"I’ve always said that to be considered an adult people need to work at least two years of retail, you can’t vote until you’ve worked retail",26,False,True,0,0,When they actually work in retail | Retail Life,CraigNotCreg,d0MLuihn__A,@alithanar8,2026-05-08 15:40:36+00:00,retail worker Australia,youtube_comment
Ugx9DGl9qBPxHYpJvTJ4AaABAg,sales_assistants,2026,2026-05,"No, I never thought it was an easy job. I never applied because I always saw it as a tiring job that paid little.",24,False,False,0,0,When they actually work in retail | Retail Life,CraigNotCreg,d0MLuihn__A,@estherdellavo2129,2026-05-08 04:47:57+00:00,retail worker Australia,youtube_comment
UgxUPEX6qtUaA0kAHWV4AaABAg,sales_assistants,2026,2026-05,"""Good job"" got me 😅",5,False,False,0,0,When they actually work in retail | Retail Life,CraigNotCreg,d0MLuihn__A,@ThreesACrowd321,2026-05-08 01:24:23+00:00,retail worker Australia,youtube_comment
UgzsSabttF2SHpm_kDt4AaABAg,sales_assistants,2026,2026-05,Criag. You broke him too early.,6,False,False,1,0,When they actually work in retail | Retail Life,CraigNotCreg,d0MLuihn__A,@haydynchandler4378,2026-05-07 23:15:09+00:00,retail worker Australia,youtube_comment
UgyxIK-S8azw4E55xE94AaABAg,sales_assistants,2026,2026-05,I like how the only character that looks a little different is the manager or customers and the manager only has glasses,22,False,False,0,0,When they actually work in retail | Retail Life,CraigNotCreg,d0MLuihn__A,@MonkeyGameMaster,2026-05-07 22:59:40+00:00,retail worker Australia,youtube_comment
UgzbYpxIpfx_iuaNnNN4AaABAg,sales_assistants,2026,2026-05,Most amount of steps I've ever done was in retail. Longer days were 30000 steps a day. Average day 20000. 🤣 Retail workers are not even close to lazy,29,False,True,1,0,When they actually work in retail | Retail Life,CraigNotCreg,d0MLuihn__A,@rebeccabutyoucancallmebeck3962,2026-05-07 22:44:39+00:00,retail worker Australia,youtube_comment
UgxM5pKvo1XDBxfhROB4AaABAg,sales_assistants,2026,2026-05,"Retail has different levels of hard depending on how big the store is 
I’ve worked in very large warehouse jobs to tiny convenience stores that I run the store by myself 
I think the convenience store job was the “laziest” but it’s still hard to run a store by yourself since you got nobody to back you up when customers get pissed",62,False,True,1,0,When they actually work in retail | Retail Life,CraigNotCreg,d0MLuihn__A,@tomapple64,2026-05-07 21:19:16+00:00,retail worker Australia,youtube_comment
UgwgKBn_dLIGTyktSeN4AaABAg,sales_assistants,2026,2026-05,This is what its like when I train Someone new at my job and a week later there crying saying I applied here to set on a forklift not stack pallets. Wile im saying we told you this in the walk through. What did you think we asked you if you could lift 50 lbs all day for,58,False,False,0,0,When they actually work in retail | Retail Life,CraigNotCreg,d0MLuihn__A,@ryoushimorino9436,2026-05-07 19:38:50+00:00,retail worker Australia,youtube_comment
UgxwdZZkjb_lTJTjOD94AaABAg,sales_assistants,2026,2026-05,"And also one fact, coffee and energy drinks are your friends while you’re working in retail. If you’re shopping, I mean nice shopping pushing cards outside those two things are go hand-in-hand not together that if you catch my drift.",40,False,True,0,0,When they actually work in retail | Retail Life,CraigNotCreg,d0MLuihn__A,@joseaguirre9048,2026-05-07 16:55:40+00:00,retail worker Australia,youtube_comment
UgxLACieGtWHEmaVhTp4AaABAg,sales_assistants,2026,2026-05,"I used to put shopping cards for a while so if you’re gonna go into this retail job a quick fact, it’s not that hard at all. There will be days when you’re by yourself and then there will be days when you have Help if they’re reliable, so yeah, don’t come in like oh this is gonna be easy. No, it’s really really hard sitting down in an office and doing paperwork would be better than pushing cards outside in the blazing sun, snow, cold weather and rain so yeah, always take precautions when you’re going to pushing our cards.",101,False,True,0,0,When they actually work in retail | Retail Life,CraigNotCreg,d0MLuihn__A,@joseaguirre9048,2026-05-07 16:54:21+00:00,retail worker Australia,youtube_comment
UgzwB1qpMrFTJXCR4Id4AaABAg,sales_assistants,2026,2026-05,Do a job so good that people think you're not doing it at all.,14,False,False,0,0,When they actually work in retail | Retail Life,CraigNotCreg,d0MLuihn__A,@Theotherone27,2026-05-07 16:19:16+00:00,retail worker Australia,youtube_comment
Ugw9ZwSBG4K1arkRJDx4AaABAg,sales_assistants,2026,2026-05,"A friendly reminder to treat all on a job wit respect. It's literally just them trying to get through a day, they don't deserve you making their day worse than it may already be. treat people like people, they don't just stop existing when out of your sight. They go home, they cry, they laugh, treat them like you would a complete stranger, with respect to the knowledge they have.
If you ask a retail worker where something is and they don't know, don't get mad, just understand they may be new or don't work near that area often enough to know. Or if a server doesn't know all on the menu, they may have allergies, or just simply have a preference. You don't know a person, so just treat them with respect.",133,False,True,1,0,When they actually work in retail | Retail Life,CraigNotCreg,d0MLuihn__A,@bloody_fragment,2026-05-05 17:54:26+00:00,retail worker Australia,youtube_comment
UgyLHilk6mNAnmnVC8V4AaABAg,sales_assistants,2026,2026-05,This kind of people does NOT last long. EVER. They always quit the same day or a month at best,20,False,False,2,0,When they actually work in retail | Retail Life,CraigNotCreg,d0MLuihn__A,@LoveNikkiponyo-101,2026-05-05 15:40:14+00:00,retail worker Australia,youtube_comment
Ugy6yLqr9oRigR7raVF4AaABAg,sales_assistants,2026,2026-05,"Had nearly this same convo when i worked in fast food. Like if you wanna come do my job, PLEASE DO I'LL TRAIN YOU MYSELF. 
And now that i work in a hotel, it's somehow worse.",36,False,False,0,0,When they actually work in retail | Retail Life,CraigNotCreg,d0MLuihn__A,@SerariInariVT,2026-05-05 15:19:51+00:00,retail worker Australia,youtube_comment
UgzylJPfXqimXsuXg4J4AaABAg,sales_assistants,2026,2026-05,"Tbf, it depends where you work cause the job can be a piece of pish...",15,False,False,1,0,When they actually work in retail | Retail Life,CraigNotCreg,d0MLuihn__A,@ooogabooogggaa1012,2026-05-05 12:08:54+00:00,retail worker Australia,youtube_comment
Ugx8n3qFo_KQc5H7Gkx4AaABAg,sales_assistants,2026,2026-05,"Go work at Home Depot, that is the definition of 90% of their workforce.",14,False,False,0,0,When they actually work in retail | Retail Life,CraigNotCreg,d0MLuihn__A,@Cyclop85,2026-05-04 22:34:01+00:00,retail worker Australia,youtube_comment
UgxixGpYwpozWyoZLSx4AaABAg,sales_assistants,2026,2026-05,"Once had this woman get hired. She apparently used to travel along with her truck driver husband. First day, boss said she would put an anchor on her if she didnt stop leaving the register. Second day the woman got mad when I informed her that we had no carry-outs for the rest of the shift (theyre all 14 or 15 and are only permitted 4 hour shifts by law) and she needed to do the carry-out herself
Day three was my day off. Came back and learned she went ""i cant do this"" and walked out midshift
Apparently she couldnt handle a job that teenagers with school and extracurriculars primarily staffed, which had us JUDGING. No the job's not easy, but damn was she weak",126,False,False,0,0,When they actually work in retail | Retail Life,CraigNotCreg,d0MLuihn__A,@ADmetalHD,2026-05-03 04:24:09+00:00,retail worker Australia,youtube_comment
Ugzc-H_U2DsXZ55TKlJ4AaABAg,sales_assistants,2026,2026-05,"I like that. Comment, you put working. Retail is truly hard to stay out of prison. Not only because your co-workers and your boss are complete. Jackasses, but you also have to put up with the customers who love to argue with you. Even when you tell them they're wrong over and over and over again and not insist they're right.So to anyone else, besides myself, who has to work retail?Thank you for the work you do.You are the backbone to our country and all other countries",87,False,True,0,0,When they actually work in retail | Retail Life,CraigNotCreg,d0MLuihn__A,@donna55477,2026-05-03 03:22:41+00:00,retail worker Australia,youtube_comment
Ugz1jzQ_nLIX5ulp0Dd4AaABAg,sales_assistants,2026,2026-05,I'm of the belief that every job is difficult for different reasons. You don't know how much someone does on the job until you work that job.,27,False,False,0,0,When they actually work in retail | Retail Life,CraigNotCreg,d0MLuihn__A,@redhood5090,2026-05-03 01:01:37+00:00,retail worker Australia,youtube_comment
UgySYQZxdoPmn_XwOWB4AaABAg,sales_assistants,2026,2026-05,The best part about retail is showing these peasants what a real job is,14,False,True,0,0,When they actually work in retail | Retail Life,CraigNotCreg,d0MLuihn__A,@alexanderelderhorst2107,2026-05-02 21:36:32+00:00,retail worker Australia,youtube_comment
UgwUCEUlpQ4UGSwaktV4AaABAg,sales_assistants,2026,2026-05,Anger management training st its finest,6,False,False,0,0,When they actually work in retail | Retail Life,CraigNotCreg,d0MLuihn__A,@sculkwizard,2026-05-02 07:51:51+00:00,retail worker Australia,youtube_comment
UgyhSMYVAfVuyWjaQOh4AaABAg,sales_assistants,2026,2026-05,The amount rage i felt from the words that came out his mouth 😅 also manager being cool for once lol,21,False,False,0,0,When they actually work in retail | Retail Life,CraigNotCreg,d0MLuihn__A,@ryanraju6774,2026-05-01 19:53:54+00:00,retail worker Australia,youtube_comment
Ugz1eU1GmGGvWoFO8Yt4AaABAg,sales_assistants,2026,2026-04,Yaaa I'd be working the breaks off him that day,10,False,False,0,0,When they actually work in retail | Retail Life,CraigNotCreg,d0MLuihn__A,@scottgoldfarb95,2026-04-30 21:08:25+00:00,retail worker Australia,youtube_comment
UgwNGmDsQt_mMrIkz-Z4AaABAg,sales_assistants,2026,2026-04,"I wouldn't even be mean to him, I'll just let him work normally and he'll breakdown within a hour lol",20,False,False,0,0,When they actually work in retail | Retail Life,CraigNotCreg,d0MLuihn__A,@Sakura_Best_Girl,2026-04-28 03:18:42+00:00,retail worker Australia,youtube_comment
UgyG5Q8h70rKxtIGzDl4AaABAg,sales_assistants,2026,2026-04,"I honestly think that EVERYONE needs to mandatory to a couple of months in retail or a service job.
I think the world Will be a much more understanding and Compassionate when everyone has been treated as sh-[BLEEP] and they realise that People are People and not just untermenchen that are ""Lazy"".",52,False,True,0,0,When they actually work in retail | Retail Life,CraigNotCreg,d0MLuihn__A,@nielsmichiels1939,2026-04-27 07:34:10+00:00,retail worker Australia,youtube_comment
UgxMuJawpBq5G021lbN4AaABAg,sales_assistants,2026,2026-04,Everybody should be forced to work a retail job during the xmas season rush at least once just so they know what its like and will understand what retail workers go through.,32,False,True,1,0,When they actually work in retail | Retail Life,CraigNotCreg,d0MLuihn__A,@YouTubeSucksShyte,2026-04-27 00:38:10+00:00,retail worker Australia,youtube_comment
UgzTuYveUzuV0DdraI94AaABAg,sales_assistants,2026,2026-04,"At the first line, my first thought he's gonna be soooo sorry 😂

Good job 😂😂😂😂😂😂😂",16,False,False,0,0,When they actually work in retail | Retail Life,CraigNotCreg,d0MLuihn__A,@natalieas8740,2026-04-26 01:09:11+00:00,retail worker Australia,youtube_comment
Ugx_DIzyYibGT9xs4B14AaABAg,sales_assistants,2026,2026-04,"Working a ""real job"" and working retail at the same time. Worse choice I've ever made",16,False,True,1,1,When they actually work in retail | Retail Life,CraigNotCreg,d0MLuihn__A,@thelastJD12,2026-04-25 06:32:22+00:00,retail worker Australia,youtube_comment
UgzCo4GLDvPjOWeS5gx4AaABAg,sales_assistants,2026,2026-04,Send his azz to my store. We need help unloading them big azz trucks. 😂,15,False,False,0,0,When they actually work in retail | Retail Life,CraigNotCreg,d0MLuihn__A,@trinarichardson6682,2026-04-24 20:27:08+00:00,retail worker Australia,youtube_comment
Ugx50A3dQIstjRouqlx4AaABAg,sales_assistants,2026,2026-04,"Good job . That hit like a truck, but was it wrong. I don’t think so",16,False,False,1,0,When they actually work in retail | Retail Life,CraigNotCreg,d0MLuihn__A,@TGF203,2026-04-23 19:56:31+00:00,retail worker Australia,youtube_comment
UgzKWkdhoiSUy3KrZNh4AaABAg,sales_assistants,2026,2026-04,Bro i saw craig whilst bowling😂😂😂,6,False,False,0,0,When they actually work in retail | Retail Life,CraigNotCreg,d0MLuihn__A,@Fortnite-Sweat3576,2026-04-10 19:44:27+00:00,retail worker Australia,youtube_comment
UgyI95r2iSfyKzCl1Vx4AaABAg,sales_assistants,2026,2026-04,Love this it made my sick day a bit better plus I respect retail workers especially since on of my ldrs works in retail,24,False,True,0,0,When they actually work in retail | Retail Life,CraigNotCreg,d0MLuihn__A,@creaperarmylabs,2026-04-08 22:35:36+00:00,retail worker Australia,youtube_comment
UgzeNNKGq4CJcBC0NY94AaABAg,sales_assistants,2026,2026-04,Being a bit mean is okay. But when you have a toxic workplace and everybody seems like like expert infront of a new staff acting like they are capable and learned everything from their mother womb is annoying.,38,False,False,0,0,When they actually work in retail | Retail Life,CraigNotCreg,d0MLuihn__A,@somratsp4539,2026-04-04 12:31:29+00:00,retail worker Australia,youtube_comment
Ugzkf1WeAXc0O_dQOvF4AaABAg,sales_assistants,2026,2026-04,"People told me its an easy job, if that is true, then i mustve picked the wrong company to work in.",21,False,False,0,0,When they actually work in retail | Retail Life,CraigNotCreg,d0MLuihn__A,@jermallsmith6244,2026-04-04 00:18:51+00:00,retail worker Australia,youtube_comment
UgzNMS7MVKy-Sc_yDcR4AaABAg,sales_assistants,2026,2026-03,"I love it when people think they can be rude because we are poor or something. 

Lady, I just bought a house in the 2025 housing market, got two cars, and live comfortably. You just bought your frozen dinners with an EBT card. And I'm only half listening to you because I have my earbuds on under this beanie. But sure, please continue to complain because I have 3 hours left in my shift and this is way more entertaining than stacking apples.",83,False,False,0,0,When they actually work in retail | Retail Life,CraigNotCreg,d0MLuihn__A,@ccramit,2026-03-31 23:12:52+00:00,retail worker Australia,youtube_comment
Ugx1HP-KoxuX9lf7vwV4AaABAg,sales_assistants,2026,2026-03,"Don’t get me wrong. There are still some retail workers who are lazy AF. One of my coworkers is a great example of this. He’ll avoid putting certain items on the shelves because “the section is too hard to find” and he’ll set those items aside and tell the rest of us that they’re backstock. 

Oh and he’s going to definitely give us all workers comp one day. Just last week he put 3 aerosol cans in the baler.",79,False,True,2,1,When they actually work in retail | Retail Life,CraigNotCreg,d0MLuihn__A,@MadisonKupsky,2026-03-17 21:00:26+00:00,retail worker Australia,youtube_comment
UgwUQEvtCmH3fQQmdsR4AaABAg,sales_assistants,2026,2026-03,mean ppl oh yeah i would be fired for assault and Verbal assault at my last job i grilled a mean costumer so much he started crying safe to say im not allowed to be at the register anymore just down in the warehouse,44,False,False,0,0,When they actually work in retail | Retail Life,CraigNotCreg,d0MLuihn__A,@placeholderName-s5f,2026-03-01 09:33:17+00:00,retail worker Australia,youtube_comment
UgyYhLOcyPp5ZGlQy914AaABAg,sales_assistants,2026,2026-02,"I've just had an awkward talk with my manager in the supermarket i work in.
So basically i have a crush on a colleague, everything was going well between us and i believe it can work out between us. But suddenly the other shift had problems with personal so the manager wanted to force me to join the other shift. I obviously didn't agree and she said 'Why? Is it bcus the boss of your shift will go on paid vacation so that fits you?' And i said no, i don't care if theres a boss or not im the same. Then she said what do you mean you dont care you suppose to! Then i said, i mean i dont care, im the same, i will work the same way, i will stack my shelf the same way (right away when i come to work, i wont wait for the boss to be around so they can see me stacking) and if im done stacking which is my job then ill take it easy after no matter if theres a boss or not. 
And then she just blank stared at me like i was a ghost or something and went speechless for a bit. Then she replied, ok i get your point you are somewhat right but i dont like your answer.",223,False,False,0,0,When they actually work in retail | Retail Life,CraigNotCreg,d0MLuihn__A,@Crixen,2026-02-24 01:37:43+00:00,retail worker Australia,youtube_comment
UgyZgaBQ_KzaK6BNr5x4AaABAg,sales_assistants,2026,2026-02,"To be fair to the new guy, the intellectual work in retail is counting change researching serial numbers and memorizing a changing map of the entire building. 
Most of retail is emotional & physical work, absolutely not lazy by any means.",41,False,True,1,0,When they actually work in retail | Retail Life,CraigNotCreg,d0MLuihn__A,@XperimentorEES,2026-02-22 22:12:50+00:00,retail worker Australia,youtube_comment
UgzBQ5-Wp3TQjCqxaoV4AaABAg,sales_assistants,2026,2026-05,Einfach die australische Dome xD,5,True,False,1,0,AUSTRALIA&#39;S WORST RETAIL WORKERS,Misfit Minds,m4cz9mef8rI,@peetabalu6750,2026-05-13 19:31:55+00:00,retail worker Australia,youtube_comment
Ugw7FDBD4yBvC_VQvi14AaABAg,sales_assistants,2026,2026-05,11:59 omg wgy is his dick uncensored,7,True,False,0,0,AUSTRALIA&#39;S WORST RETAIL WORKERS,Misfit Minds,m4cz9mef8rI,@mevoy-s2x,2026-05-10 10:41:14+00:00,retail worker Australia,youtube_comment
UgyUS3NzXerNOwoNkqJ4AaABAg,sales_assistants,2026,2026-05,Whats filming with consent like in melbourne lol...?,8,True,False,0,0,AUSTRALIA&#39;S WORST RETAIL WORKERS,Misfit Minds,m4cz9mef8rI,@lester44444,2026-05-09 01:07:40+00:00,retail worker Australia,youtube_comment
Ugxcpj5idwQKW7vXJcF4AaABAg,sales_assistants,2026,2026-05,Is that at Greensborough Kmart or Northland?,7,True,False,0,0,AUSTRALIA&#39;S WORST RETAIL WORKERS,Misfit Minds,m4cz9mef8rI,@bernk2150,2026-05-08 15:39:09+00:00,retail worker Australia,youtube_comment
UgzAc-xgFib70oYjc294AaABAg,sales_assistants,2026,2026-05,"Choccy dan for president

I love this guy, seems like a really good bloke",14,True,False,0,0,AUSTRALIA&#39;S WORST RETAIL WORKERS,Misfit Minds,m4cz9mef8rI,@randomchaos-lol,2026-05-07 19:57:08+00:00,retail worker Australia,youtube_comment
Ugxk5gR2Mffo_F5jIJF4AaABAg,sales_assistants,2026,2026-05,Yall still have k marts in Aussie land ?,9,True,False,0,0,AUSTRALIA&#39;S WORST RETAIL WORKERS,Misfit Minds,m4cz9mef8rI,@BikesNTrikes-b8b,2026-05-07 05:52:37+00:00,retail worker Australia,youtube_comment
UgySWDHUdvrl4xz5WQB4AaABAg,sales_assistants,2026,2026-05,I want the shirt and hoodie 👌💪,7,True,False,0,0,AUSTRALIA&#39;S WORST RETAIL WORKERS,Misfit Minds,m4cz9mef8rI,@alexandermanley-clayton4050,2026-05-03 19:24:12+00:00,retail worker Australia,youtube_comment
Ugxxa3GHCyBVhsjN-sd4AaABAg,sales_assistants,2026,2026-05,@ my digital footprint 👣 😂,6,True,False,0,0,AUSTRALIA&#39;S WORST RETAIL WORKERS,Misfit Minds,m4cz9mef8rI,@AndyKola86345,2026-05-03 18:11:44+00:00,retail worker Australia,youtube_comment
Ugw2uehkifC_IwniXaB4AaABAg,sales_assistants,2026,2026-04,Love the Lunch Club... They were so confused and firm,10,True,False,0,0,AUSTRALIA&#39;S WORST RETAIL WORKERS,Misfit Minds,m4cz9mef8rI,@pete1704,2026-04-30 11:54:56+00:00,retail worker Australia,youtube_comment
UgxJhNDJNmtFGy7MaEZ4AaABAg,sales_assistants,2026,2026-04,"me after a 6 hour shift with no breaks and doing it alone during rush hour, while being on my periods",21,True,False,0,0,AUSTRALIA&#39;S WORST RETAIL WORKERS,Misfit Minds,m4cz9mef8rI,@happytaffy9678,2026-04-18 01:20:57+00:00,retail worker Australia,youtube_comment
UgzJLM0Qx1HC3v2e2_t4AaABAg,sales_assistants,2026,2026-04,Love you boys no homo,5,True,False,1,2,AUSTRALIA&#39;S WORST RETAIL WORKERS,Misfit Minds,m4cz9mef8rI,@LuckDrop,2026-04-10 17:50:19+00:00,retail worker Australia,youtube_comment
UgxIWqwXeJVVmKNN7xV4AaABAg,sales_assistants,2026,2026-04,Imagine naming your son Willow,5,True,False,0,0,AUSTRALIA&#39;S WORST RETAIL WORKERS,Misfit Minds,m4cz9mef8rI,@RegularMatt82,2026-04-07 07:36:10+00:00,retail worker Australia,youtube_comment
UgzJMdbtkxAqrLWJNFd4AaABAg,sales_assistants,2026,2026-04,7:10 That is a very calm and polite Balkan lady 🤣,11,True,False,0,0,AUSTRALIA&#39;S WORST RETAIL WORKERS,Misfit Minds,m4cz9mef8rI,@user_tibor,2026-04-05 15:07:02+00:00,retail worker Australia,youtube_comment
UgxM7n_CjLJpENnf_tp4AaABAg,sales_assistants,2026,2026-04,10:55 she was trying to hard to not laugh lol😂😂😂,10,True,False,1,0,AUSTRALIA&#39;S WORST RETAIL WORKERS,Misfit Minds,m4cz9mef8rI,@keynanali6827,2026-04-05 00:33:33+00:00,retail worker Australia,youtube_comment
Ugw5NEll41kLdZGquEd4AaABAg,sales_assistants,2026,2026-04,The chocolate bit should have been a bit longer,9,True,False,0,0,AUSTRALIA&#39;S WORST RETAIL WORKERS,Misfit Minds,m4cz9mef8rI,@yu01025,2026-04-03 06:09:18+00:00,retail worker Australia,youtube_comment
UgzBGts76u662XU7eZl4AaABAg,sales_assistants,2026,2026-03,Bring em' white titties out,5,True,False,0,0,AUSTRALIA&#39;S WORST RETAIL WORKERS,Misfit Minds,m4cz9mef8rI,@SrinathBadri-c2d,2026-03-26 11:52:58+00:00,retail worker Australia,youtube_comment
UgxWoGbKyqeDuPEcNWl4AaABAg,sales_assistants,2026,2026-03,can i have the shirt thanks,6,True,False,0,0,AUSTRALIA&#39;S WORST RETAIL WORKERS,Misfit Minds,m4cz9mef8rI,@npnpadpoadpo,2026-03-24 20:25:45+00:00,retail worker Australia,youtube_comment
UgwANNlENqza5cDLmRl4AaABAg,sales_assistants,2026,2026-03,I want the chitty shirt!,5,True,False,0,0,AUSTRALIA&#39;S WORST RETAIL WORKERS,Misfit Minds,m4cz9mef8rI,@drup65,2026-03-12 03:25:57+00:00,retail worker Australia,youtube_comment
UgxXLtCla-iWsj1tPnh4AaABAg,sales_assistants,2026,2026-03,THIS IS WHAT WORKING RETAIL IS ACTUALLY LIKE,8,True,True,0,0,AUSTRALIA&#39;S WORST RETAIL WORKERS,Misfit Minds,m4cz9mef8rI,@michael102387,2026-03-11 23:52:26+00:00,retail worker Australia,youtube_comment
UgyHrZqt0G_M4I6NDPx4AaABAg,sales_assistants,2026,2026-03,still have the old site on the description,8,True,False,0,0,AUSTRALIA&#39;S WORST RETAIL WORKERS,Misfit Minds,m4cz9mef8rI,@UnSafeHairBall,2026-03-07 22:03:48+00:00,retail worker Australia,youtube_comment
UgyaPbJTr3tOiZrxjEF4AaABAg,sales_assistants,2026,2026-03,The Lady at 7:18 sounds like gru,7,True,False,0,0,AUSTRALIA&#39;S WORST RETAIL WORKERS,Misfit Minds,m4cz9mef8rI,@Sparky-27SVJ,2026-03-07 03:22:41+00:00,retail worker Australia,youtube_comment
UgwpQk9C8CbyFWRi14J4AaABAg,sales_assistants,2026,2026-03,Willow needs a punch in the di.. wait.. a kick in the vag... What the fuck was that snitch thing supposed to be anyway?,24,True,False,0,0,AUSTRALIA&#39;S WORST RETAIL WORKERS,Misfit Minds,m4cz9mef8rI,@tedious_dave,2026-03-06 07:37:32+00:00,retail worker Australia,youtube_comment
UgytdUcJdbQPCp5uP9x4AaABAg,sales_assistants,2026,2026-02,How devious is the look in Sebastians eyes pure evil 🙈🙈,11,True,False,0,0,AUSTRALIA&#39;S WORST RETAIL WORKERS,Misfit Minds,m4cz9mef8rI,@christianbourke8687,2026-02-28 11:29:49+00:00,retail worker Australia,youtube_comment
Ugw-q9LgkRqy9zb6HMx4AaABAg,sales_assistants,2026,2026-02,"I’ve been binge watching this channel, the last two minutes of this video is the best thing I’ve seen. Had me 💀",22,True,False,0,0,AUSTRALIA&#39;S WORST RETAIL WORKERS,Misfit Minds,m4cz9mef8rI,@FarmerArma,2026-02-27 09:25:42+00:00,retail worker Australia,youtube_comment
UgyvxIwXqtI79VrMkld4AaABAg,sales_assistants,2026,2026-02,7:10 - love the Dwight Schrute line!,7,True,False,0,0,AUSTRALIA&#39;S WORST RETAIL WORKERS,Misfit Minds,m4cz9mef8rI,@o6e-h8v,2026-02-14 21:43:28+00:00,retail worker Australia,youtube_comment
Ugz0D_Sok8Yoklmc0o94AaABAg,sales_assistants,2026,2026-02,00:30 You guys are such degenerates 😂,7,True,False,0,0,AUSTRALIA&#39;S WORST RETAIL WORKERS,Misfit Minds,m4cz9mef8rI,@HideoGojira,2026-02-06 16:41:46+00:00,retail worker Australia,youtube_comment
Ugz9RBvvnWUZHntjgN14AaABAg,sales_assistants,2026,2026-01,Fuckin pisser love your work. From a pome bastard,9,True,False,0,0,AUSTRALIA&#39;S WORST RETAIL WORKERS,Misfit Minds,m4cz9mef8rI,@vintage-vt9qh,2026-01-23 22:07:09+00:00,retail worker Australia,youtube_comment
UgzOAP9jL4NMehqUcr94AaABAg,sales_assistants,2026,2026-01,11:31 cute girl said “You’ve made mu day”,8,True,False,5,0,AUSTRALIA&#39;S WORST RETAIL WORKERS,Misfit Minds,m4cz9mef8rI,@SukhvirSingh-p4z,2026-01-06 18:53:56+00:00,retail worker Australia,youtube_comment
UgznW4WADqfrNrm_-Px4AaABAg,sales_assistants,2026,2026-01,Willow a bitch! Immediately ratted you out over the radio. Fkn narc.,12,True,False,1,0,AUSTRALIA&#39;S WORST RETAIL WORKERS,Misfit Minds,m4cz9mef8rI,@themadhanna,2026-01-04 00:15:23+00:00,retail worker Australia,youtube_comment
UgyAOHK8Z0e7eNs_4s54AaABAg,sales_assistants,2026,2026-01,Re watch shorts chock wtf,5,True,False,0,0,AUSTRALIA&#39;S WORST RETAIL WORKERS,Misfit Minds,m4cz9mef8rI,@matildaalice1219,2026-01-03 20:47:44+00:00,retail worker Australia,youtube_comment
UgzmAftIiCbF1HadbRB4AaABAg,sales_assistants,2026,2026-01,Dog wash was a pissa 😂😂😂,6,True,False,0,0,AUSTRALIA&#39;S WORST RETAIL WORKERS,Misfit Minds,m4cz9mef8rI,@Marcus-sx5iu,2026-01-02 09:21:35+00:00,retail worker Australia,youtube_comment
UgzBoB11vG8wWTsDmW94AaABAg,sales_assistants,2025,2025-12,I'm curious how you boys triggered the alarm on the Kmart store if he did have a receipt lol idk how those things get triggered unless you actually steal something with a tag,33,True,False,0,0,AUSTRALIA&#39;S WORST RETAIL WORKERS,Misfit Minds,m4cz9mef8rI,@MrCokewithice,2025-12-21 01:30:12+00:00,retail worker Australia,youtube_comment
Ugxk0cynbKfFxwF19gd4AaABAg,sales_assistants,2025,2025-12,What is funny about this? This is humour for 5 year olds.,12,True,False,0,0,AUSTRALIA&#39;S WORST RETAIL WORKERS,Misfit Minds,m4cz9mef8rI,@mmacarty701,2025-12-13 03:27:15+00:00,retail worker Australia,youtube_comment
UgwrQa4L8zzdSSIfnfl4AaABAg,sales_assistants,2025,2025-12,"Nice to see Kmart still exists somewhere,",7,True,False,0,0,AUSTRALIA&#39;S WORST RETAIL WORKERS,Misfit Minds,m4cz9mef8rI,@LescoBrandon2028,2025-12-07 12:57:51+00:00,retail worker Australia,youtube_comment
UgwB22efCr0HG5q-uud4AaABAg,sales_assistants,2025,2025-12,"I love my steak like i like my women, dead ❤",11,True,False,0,0,AUSTRALIA&#39;S WORST RETAIL WORKERS,Misfit Minds,m4cz9mef8rI,@CheesyCharlotteCheese,2025-12-04 05:08:10+00:00,retail worker Australia,youtube_comment
Ugw_wVzDlJy4qYACls14AaABAg,sales_assistants,2025,2025-11,"Am I fk washing my dog in one of those DIY DOG WASHERS anymore. 
If a whale that size is getting hurt imagine my 10 kilo schnoodle",27,True,False,0,0,AUSTRALIA&#39;S WORST RETAIL WORKERS,Misfit Minds,m4cz9mef8rI,@Mozzy_Mosquito,2025-11-30 03:56:55+00:00,retail worker Australia,youtube_comment
UgyXg2KgHRdMV35X0y14AaABAg,sales_assistants,2025,2025-11,You look like the adult version of that kid in Willy Wonka haha,13,True,False,0,0,AUSTRALIA&#39;S WORST RETAIL WORKERS,Misfit Minds,m4cz9mef8rI,@genetixmatter,2025-11-20 00:50:38+00:00,retail worker Australia,youtube_comment
Ugx41RwQaQ4zp4TAbrV4AaABAg,sales_assistants,2025,2025-11,Anyone else worried about choccy Dans health? 😢,8,True,False,3,0,AUSTRALIA&#39;S WORST RETAIL WORKERS,Misfit Minds,m4cz9mef8rI,@danfromgossipgirl,2025-11-16 19:49:02+00:00,retail worker Australia,youtube_comment
UgwSKF4LXGlbs3_6hYl4AaABAg,sales_assistants,2025,2025-11,you can't have a c*** off with flaccid bro that's not fair,12,True,False,0,0,AUSTRALIA&#39;S WORST RETAIL WORKERS,Misfit Minds,m4cz9mef8rI,@ajinkazama7930,2025-11-16 00:10:54+00:00,retail worker Australia,youtube_comment
UgzwFnFFy4dPNw7lFvp4AaABAg,sales_assistants,2025,2025-11,I spotted 2 kiwis in this video ❤,8,True,False,0,0,AUSTRALIA&#39;S WORST RETAIL WORKERS,Misfit Minds,m4cz9mef8rI,@master-akku,2025-11-09 20:16:01+00:00,retail worker Australia,youtube_comment
Ugz0fErwL-KWZ3DY0Bp4AaABAg,sales_assistants,2025,2025-11,Is Nic just special or Semi Retarded 🤣?,8,True,False,0,0,AUSTRALIA&#39;S WORST RETAIL WORKERS,Misfit Minds,m4cz9mef8rI,@FreedomGoldStriker,2025-11-08 19:23:50+00:00,retail worker Australia,youtube_comment
UgwafBUaeC2QmETwVy94AaABAg,sales_assistants,2025,2025-10,I miss the run down hood kmart we had in Buffalo when I was a kid. I dont think theres even any in the US anymore,26,True,False,0,0,AUSTRALIA&#39;S WORST RETAIL WORKERS,Misfit Minds,m4cz9mef8rI,@essej7261,2025-10-19 12:27:26+00:00,retail worker Australia,youtube_comment
UgxTiBkx6JNPMVhZygR4AaABAg,sales_assistants,2025,2025-10,6:54 The awkward silence is just insane for this whole part...,11,True,False,1,1,AUSTRALIA&#39;S WORST RETAIL WORKERS,Misfit Minds,m4cz9mef8rI,@Gretchaninov,2025-10-15 16:15:31+00:00,retail worker Australia,youtube_comment
UgxuX6ugmza2UK407m54AaABAg,sales_assistants,2025,2025-10,One of those return service workers looked like why tf he works there.,13,True,False,0,0,AUSTRALIA&#39;S WORST RETAIL WORKERS,Misfit Minds,m4cz9mef8rI,@PULUMAFIA,2025-10-10 19:01:26+00:00,retail worker Australia,youtube_comment
UgybMIH4RM9d8Lv0w8B4AaABAg,sales_assistants,2025,2025-10,Choccy Dan is the best for that,7,True,False,1,0,AUSTRALIA&#39;S WORST RETAIL WORKERS,Misfit Minds,m4cz9mef8rI,@singahsung712,2025-10-09 18:15:36+00:00,retail worker Australia,youtube_comment
UgzEmST_CUqpk2OJQcR4AaABAg,sales_assistants,2025,2025-10,Sooooooo many 'The Office' quotes and references 😅 love it,10,True,False,0,0,AUSTRALIA&#39;S WORST RETAIL WORKERS,Misfit Minds,m4cz9mef8rI,@nataliecameron6453,2025-10-09 06:18:49+00:00,retail worker Australia,youtube_comment
UgyUXmZg3aNaNLX4JuR4AaABAg,sales_assistants,2025,2025-10,ME ME ME ME I WANT MERCH PORFAVOR,8,True,False,0,0,AUSTRALIA&#39;S WORST RETAIL WORKERS,Misfit Minds,m4cz9mef8rI,@Amoongus1,2025-10-06 21:56:25+00:00,retail worker Australia,youtube_comment
UgwEsTFkJry4YgHKeFl4AaABAg,sales_assistants,2025,2025-10,I think the gay pride Step Ones are the only ones I don't have. I'm jealous,16,True,False,0,0,AUSTRALIA&#39;S WORST RETAIL WORKERS,Misfit Minds,m4cz9mef8rI,@GibbyTheBeard,2025-10-05 00:02:13+00:00,retail worker Australia,youtube_comment
UgwGtQe8Y4PqtZz4ByJ4AaABAg,sales_assistants,2025,2025-09,"You are almost funny , but almost beyond sure annoying",10,True,False,0,0,AUSTRALIA&#39;S WORST RETAIL WORKERS,Misfit Minds,m4cz9mef8rI,@SASQUATCHBROTHERS,2025-09-25 03:38:47+00:00,retail worker Australia,youtube_comment
Ugz5NgzZMyqGIyyxYJ54AaABAg,sales_assistants,2025,2025-09,Please i know im late but i absolutely need that choccy dan shirt😂,13,True,False,0,0,AUSTRALIA&#39;S WORST RETAIL WORKERS,Misfit Minds,m4cz9mef8rI,@Bag0Soup1,2025-09-21 03:21:34+00:00,retail worker Australia,youtube_comment
Ugwy3Z7jtIW0pqfVsJR4AaABAg,sales_assistants,2025,2025-09,could be an android lol,5,True,False,0,0,AUSTRALIA&#39;S WORST RETAIL WORKERS,Misfit Minds,m4cz9mef8rI,@rynnff4648,2025-09-18 07:37:59+00:00,retail worker Australia,youtube_comment
UgyxYfpM8WE8GKzRRm94AaABAg,sales_assistants,2025,2025-09,Next time do one where choccy dan is in the bathroom pretending to eat a turd made of brownie and Nutella out of the toilet and you report him to the employee,32,True,False,0,0,AUSTRALIA&#39;S WORST RETAIL WORKERS,Misfit Minds,m4cz9mef8rI,@vrebot,2025-09-16 06:46:28+00:00,retail worker Australia,youtube_comment
UgynFPWVbBmcyfkopoJ4AaABAg,sales_assistants,2025,2025-09,Rossy bucks IS the machine,5,True,False,0,0,AUSTRALIA&#39;S WORST RETAIL WORKERS,Misfit Minds,m4cz9mef8rI,@invaderzimonline,2025-09-11 12:06:01+00:00,retail worker Australia,youtube_comment
UgxbnIkOjnbp3PWgNHF4AaABAg,sales_assistants,2025,2025-09,I’ve never seen a bag of milk covered in chocolate been hosed down before! Thanks guys!!! 🙏,17,True,False,0,0,AUSTRALIA&#39;S WORST RETAIL WORKERS,Misfit Minds,m4cz9mef8rI,@WhoDeanyy,2025-09-11 01:14:45+00:00,retail worker Australia,youtube_comment
Ugxrp_vqE_O4m4jWHMJ4AaABAg,sales_assistants,2025,2025-09,haha i havent laughed so much in a while. The choclate gig was legendary,14,True,False,0,0,AUSTRALIA&#39;S WORST RETAIL WORKERS,Misfit Minds,m4cz9mef8rI,@Jonesy-j8q,2025-09-10 06:38:59+00:00,retail worker Australia,youtube_comment
UgwKzkeQYT9eXtcF9dp4AaABAg,sales_assistants,2025,2025-09,7:17 reminds me of when your in school and your sitting there doing your work and the teacher is just stood there staring at you.,25,True,False,3,0,AUSTRALIA&#39;S WORST RETAIL WORKERS,Misfit Minds,m4cz9mef8rI,@Hvy-c5v5r,2025-09-03 23:54:32+00:00,retail worker Australia,youtube_comment
UgzKeBplFx_JoCmxvAR4AaABAg,sales_assistants,2025,2025-09,😮mate looks like U have hit a shit pit . lucky cops didn't pull U Up 😂,17,True,False,0,0,AUSTRALIA&#39;S WORST RETAIL WORKERS,Misfit Minds,m4cz9mef8rI,@Jordan-v6i5e,2025-09-03 01:22:00+00:00,retail worker Australia,youtube_comment
UgxTJflD5fc-96_YGxJ4AaABAg,sales_assistants,2025,2025-09,the dog shower had me dieing laughing,7,True,False,0,0,AUSTRALIA&#39;S WORST RETAIL WORKERS,Misfit Minds,m4cz9mef8rI,@romancenatural128,2025-09-01 17:25:42+00:00,retail worker Australia,youtube_comment
UgyjwhAETXJ69VepCix4AaABAg,sales_assistants,2025,2025-08,"I used to work at Woolworths and would sometimes shop at Target on my break which had a similar uniform. People would always ask me where items were. After a while, I got sick of saying I don't work here so would tell them where to go.",47,True,False,3,0,AUSTRALIA&#39;S WORST RETAIL WORKERS,Misfit Minds,m4cz9mef8rI,@FiguringOutJapan,2025-08-29 23:37:13+00:00,retail worker Australia,youtube_comment
UgwfTCXA--Jk5v5sQeJ4AaABAg,sales_assistants,2025,2025-08,your shame brought me joy choccy Dan,7,True,False,0,0,AUSTRALIA&#39;S WORST RETAIL WORKERS,Misfit Minds,m4cz9mef8rI,@XanderCrews4Prez,2025-08-29 23:12:50+00:00,retail worker Australia,youtube_comment
Ugyg_N2eO1f-NIg3y2x4AaABAg,sales_assistants,2025,2025-08,"He was right, it did look pretty cool on camera when he was all covered in chocolate",17,True,False,0,0,AUSTRALIA&#39;S WORST RETAIL WORKERS,Misfit Minds,m4cz9mef8rI,@zap2747,2025-08-28 02:18:20+00:00,retail worker Australia,youtube_comment
UgwvkMQoBc3Y16Fh75l4AaABAg,sales_assistants,2025,2025-08,I almost have to turn it off im cringing so hard. Good shit lads lol 7:00,16,True,False,1,1,AUSTRALIA&#39;S WORST RETAIL WORKERS,Misfit Minds,m4cz9mef8rI,@PTL0W51T,2025-08-24 09:25:35+00:00,retail worker Australia,youtube_comment
UgxhTBQhaX7efeSuKlJ4AaABAg,sales_assistants,2025,2025-08,Willow is so cute 🥹 🥹 🥹,7,True,False,2,0,AUSTRALIA&#39;S WORST RETAIL WORKERS,Misfit Minds,m4cz9mef8rI,@megamushroom,2025-08-19 08:59:11+00:00,retail worker Australia,youtube_comment
UgzzRHXu6u3MxIRq8Dd4AaABAg,sales_assistants,2025,2025-08,11:50 😂😂🤣🤣🤣 IM FUCKING DYING. Literally on the floor,9,True,False,4,1,AUSTRALIA&#39;S WORST RETAIL WORKERS,Misfit Minds,m4cz9mef8rI,@Classified420,2025-08-14 10:43:27+00:00,retail worker Australia,youtube_comment
UgxjRKHMlu_SnUwNDox4AaABAg,sales_assistants,2025,2025-08,10:04 bro is just picking the chocolate off and eating it 😂😂😂😂🤣🤣🤣😭😭,12,True,False,2,0,AUSTRALIA&#39;S WORST RETAIL WORKERS,Misfit Minds,m4cz9mef8rI,@Classified420,2025-08-14 10:39:58+00:00,retail worker Australia,youtube_comment
UgxNxzAQ8UHuxB7h9kx4AaABAg,sales_assistants,2025,2025-08,I love my country this is comedy gold,8,True,False,1,0,AUSTRALIA&#39;S WORST RETAIL WORKERS,Misfit Minds,m4cz9mef8rI,@GODis1st333,2025-08-12 03:10:25+00:00,retail worker Australia,youtube_comment
UgyKRDcBY_H5TWhidiR4AaABAg,sales_assistants,2025,2025-08,"You guys are on a winner 🏆 always enjoy watching the vids 😂😂, you guys crack me up ❤",19,True,False,1,0,AUSTRALIA&#39;S WORST RETAIL WORKERS,Misfit Minds,m4cz9mef8rI,@JasonBuchanan-iu7sz,2025-08-06 03:27:25+00:00,retail worker Australia,youtube_comment
Ugxyy72wLb7o0buvzBd4AaABAg,sales_assistants,2025,2025-08,"I'd love to see these guys show up on the Internet show ""Fishtank"" made by Sam Hyde - I think it'd be a perfect combo",25,True,False,0,0,AUSTRALIA&#39;S WORST RETAIL WORKERS,Misfit Minds,m4cz9mef8rI,@jaydarklighter1989,2025-08-03 07:34:07+00:00,retail worker Australia,youtube_comment
UgxVyrm6gdUhvkaWT0F4AaABAg,sales_assistants,2025,2025-08,i love the nickname rissole.,5,True,False,0,0,AUSTRALIA&#39;S WORST RETAIL WORKERS,Misfit Minds,m4cz9mef8rI,@jzzonmymang,2025-08-02 07:13:15+00:00,retail worker Australia,youtube_comment
UgwlzETQpdY7x-ttZzB4AaABAg,sales_assistants,2025,2025-07,10:38 HES SO CUTE WHAY,5,True,False,1,0,AUSTRALIA&#39;S WORST RETAIL WORKERS,Misfit Minds,m4cz9mef8rI,@eairneta,2025-07-30 07:31:15+00:00,retail worker Australia,youtube_comment
Ugx70jpMTHrDNzbVkNp4AaABAg,sales_assistants,2025,2025-07,I haven't laughed out loud for a while lads this was awesome!,12,True,False,1,1,AUSTRALIA&#39;S WORST RETAIL WORKERS,Misfit Minds,m4cz9mef8rI,@jsmith8646,2025-07-28 08:53:50+00:00,retail worker Australia,youtube_comment
Ugy1sThC8Z1oTRnQ2Z14AaABAg,sales_assistants,2025,2025-07,8:38 if they can't stop people then why are they even checking receipts?!,13,True,False,8,3,AUSTRALIA&#39;S WORST RETAIL WORKERS,Misfit Minds,m4cz9mef8rI,@XdekHckr,2025-07-25 09:41:15+00:00,retail worker Australia,youtube_comment
UgwcdyJ3hrm-81iXMY14AaABAg,sales_assistants,2025,2025-07,Choccy Dan should go into a Kmart and try to return his choccy machine for not working,17,True,False,0,0,AUSTRALIA&#39;S WORST RETAIL WORKERS,Misfit Minds,m4cz9mef8rI,@shifted.visualss,2025-07-24 08:48:22+00:00,retail worker Australia,youtube_comment
UgxFJ_wCiMErdyoICnt4AaABAg,sales_assistants,2025,2025-07,Seb and the kids section bit hahahaha pure gold 😂😂😂,10,True,False,0,0,AUSTRALIA&#39;S WORST RETAIL WORKERS,Misfit Minds,m4cz9mef8rI,@Nivag0508,2025-07-23 20:51:40+00:00,retail worker Australia,youtube_comment
Ugzly-iWNt2IPvpJzFF4AaABAg,sales_assistants,2025,2025-07,Hahahaaa Rossy in the make up section 😂😂😂😂😂😂😂😂,8,True,False,0,0,AUSTRALIA&#39;S WORST RETAIL WORKERS,Misfit Minds,m4cz9mef8rI,@Nivag0508,2025-07-23 20:48:46+00:00,retail worker Australia,youtube_comment
UgzxENo0MMgVaz9CtVp4AaABAg,sales_assistants,2026,2026-05,Damn maybe I need to chill out working at retail stores like,12,False,True,0,0,Scott Seiss Retail TikTok Compilation FULL,ScottSeissComedy,P7KBcsdPhxA,@poppunkwillneverdie,2026-05-14 21:50:38+00:00,retail worker Australia,youtube_comment
UgzIg8l7FGyEHYtyoYJ4AaABAg,sales_assistants,2026,2026-05,Something tells me bro worked at IKEA😭😭,7,False,False,0,0,Scott Seiss Retail TikTok Compilation FULL,ScottSeissComedy,P7KBcsdPhxA,@icarusFlew23,2026-05-12 19:55:48+00:00,retail worker Australia,youtube_comment
UgwimJzgKz9JsdSK9SJ4AaABAg,sales_assistants,2026,2026-05,"Yeah working in retail is just being an emotional punching bag for adults that are mentally still children
> to be a heavy hitter in this industry do this. Master De-escalation. Deny, avoid and be awkward in conversations. Faking autistic behaviors comes naturally working at these places. Well its not really faking, just communicating with people several hours a day will make you look like you have some sort of social delays. Once you do this, you are golden. Welcome to corporate, we get a pizza party every two months. 🥳🎉🪅",91,False,True,0,0,Scott Seiss Retail TikTok Compilation FULL,ScottSeissComedy,P7KBcsdPhxA,@WizardApe8,2026-05-06 23:17:18+00:00,retail worker Australia,youtube_comment
Ugw9DMTSo4u52MnHBv54AaABAg,sales_assistants,2026,2026-05,Those brownies Darcy brought in tho 🔥,7,False,False,0,0,Scott Seiss Retail TikTok Compilation FULL,ScottSeissComedy,P7KBcsdPhxA,@MGIIBallin,2026-05-05 22:36:49+00:00,retail worker Australia,youtube_comment
UgzDSZmJ6NhVn9mLKYN4AaABAg,sales_assistants,2026,2026-05,"""I work here"" this give us the clarity we need",10,False,False,0,0,Scott Seiss Retail TikTok Compilation FULL,ScottSeissComedy,P7KBcsdPhxA,@vl4117,2026-05-04 15:10:51+00:00,retail worker Australia,youtube_comment
Ugy8rpGoIJloiQMN9gN4AaABAg,sales_assistants,2026,2026-05,I really wish you made a series like this. Or at the very least a video with responses to common things management and corporate CEOs say to employees 😂,29,False,False,0,0,Scott Seiss Retail TikTok Compilation FULL,ScottSeissComedy,P7KBcsdPhxA,@Bella.Parabellum,2026-05-03 04:07:32+00:00,retail worker Australia,youtube_comment
UgzlJW1YljOqx_-UZOl4AaABAg,sales_assistants,2026,2026-05,"You used to work here? Well I used to be happy. ☠️☠️☠️☠️

1:25",13,False,False,0,0,Scott Seiss Retail TikTok Compilation FULL,ScottSeissComedy,P7KBcsdPhxA,@jordandavis6742,2026-05-01 16:49:15+00:00,retail worker Australia,youtube_comment
UgyNcceUipg_AISDgop4AaABAg,sales_assistants,2026,2026-05,I loves this guy he tells it like it is 😂,11,False,False,0,0,Scott Seiss Retail TikTok Compilation FULL,ScottSeissComedy,P7KBcsdPhxA,@escanorlionsin9211,2026-05-01 06:00:33+00:00,retail worker Australia,youtube_comment
UgzIubBLnkXRYvGEk1x4AaABAg,sales_assistants,2026,2026-04,"“When does it end, Dianne?”",5,False,False,1,0,Scott Seiss Retail TikTok Compilation FULL,ScottSeissComedy,P7KBcsdPhxA,@robertsmithshair4199,2026-04-30 16:15:57+00:00,retail worker Australia,youtube_comment
UgxybwaU7hEqC74t7X54AaABAg,sales_assistants,2026,2026-04,I just realized this guy was in the cocaine bear movie 😂,12,False,False,0,0,Scott Seiss Retail TikTok Compilation FULL,ScottSeissComedy,P7KBcsdPhxA,@renzo9193,2026-04-30 01:16:00+00:00,retail worker Australia,youtube_comment
UgzlkKeZlSnX1NrvZhp4AaABAg,sales_assistants,2026,2026-04,"Quit my service job two weeks ago, on the spot, after nearly 8 years of abuse, and it was one of the best days of my life",27,False,False,0,0,Scott Seiss Retail TikTok Compilation FULL,ScottSeissComedy,P7KBcsdPhxA,@Dodelijk144,2026-04-28 20:04:49+00:00,retail worker Australia,youtube_comment
UgxOmG1L57q_cWsGsk54AaABAg,sales_assistants,2026,2026-04,Its hard to not having resting B face when customers are trying to get in before the store opens. The only job I wanted to start asap was an urgent care job but they wouldnt allow us to start earlier.,40,False,False,0,0,Scott Seiss Retail TikTok Compilation FULL,ScottSeissComedy,P7KBcsdPhxA,@Jess-kn8vl,2026-04-25 13:03:45+00:00,retail worker Australia,youtube_comment
UgzRxrlF_Nk7AVbJnoB4AaABAg,sales_assistants,2026,2026-04,"Omg! 😂. I worked there for 14 years, this man has it down!",13,False,False,1,0,Scott Seiss Retail TikTok Compilation FULL,ScottSeissComedy,P7KBcsdPhxA,@Ruzzle60,2026-04-25 05:11:08+00:00,retail worker Australia,youtube_comment
Ugx4O2qCDNSrBXqBgUV4AaABAg,sales_assistants,2026,2026-04,"Heck, I tell people not to shop here too, probably more.",11,False,False,0,0,Scott Seiss Retail TikTok Compilation FULL,ScottSeissComedy,P7KBcsdPhxA,@vaporsaver,2026-04-25 04:54:26+00:00,retail worker Australia,youtube_comment
UgxeoaslLufBTBjCdFl4AaABAg,sales_assistants,2026,2026-04,I'm literally feeling nostalgic for when I first saw 😅,10,False,False,1,0,Scott Seiss Retail TikTok Compilation FULL,ScottSeissComedy,P7KBcsdPhxA,@ThePowergoats,2026-04-21 22:23:14+00:00,retail worker Australia,youtube_comment
UgwzLKL9eX6tLy5s71F4AaABAg,sales_assistants,2026,2026-04,Cocaine Bear didn't deserve this guy.,6,False,False,1,0,Scott Seiss Retail TikTok Compilation FULL,ScottSeissComedy,P7KBcsdPhxA,@damonedwards1544,2026-04-19 17:53:04+00:00,retail worker Australia,youtube_comment
UgwexgpltrBe2C_b8Nl4AaABAg,sales_assistants,2026,2026-04,MORE THAN YOU SHOULD HIT FN HARD 🤣,8,False,False,1,0,Scott Seiss Retail TikTok Compilation FULL,ScottSeissComedy,P7KBcsdPhxA,@nazismomsrhos,2026-04-18 21:35:47+00:00,retail worker Australia,youtube_comment
Ugwdmpn3Fo2aRAmkT8p4AaABAg,sales_assistants,2026,2026-04,I saw this years ago and a coworker reminded me of Scott! I'm baaaaaaack!,14,False,False,1,0,Scott Seiss Retail TikTok Compilation FULL,ScottSeissComedy,P7KBcsdPhxA,@Tengobaila3,2026-04-18 00:26:26+00:00,retail worker Australia,youtube_comment
Ugxhip3zNL1VR7-8Asp4AaABAg,sales_assistants,2026,2026-04,lol bro love the come backs haha,7,False,False,1,0,Scott Seiss Retail TikTok Compilation FULL,ScottSeissComedy,P7KBcsdPhxA,@SAJKhil-d6r,2026-04-17 18:18:48+00:00,retail worker Australia,youtube_comment
UgxtWUv0T_hSqkCI_YF4AaABAg,sales_assistants,2026,2026-04,Even the music is good.,5,False,False,2,0,Scott Seiss Retail TikTok Compilation FULL,ScottSeissComedy,P7KBcsdPhxA,@Kravos-r1r,2026-04-14 10:16:16+00:00,retail worker Australia,youtube_comment
UgxBgvDOM_k9z550qEh4AaABAg,sales_assistants,2026,2026-04,"Yo it's that guy from cocaine bear. I just look the cast of the film and it's you I thought you look very identical to the guy in the film. Good movie by the way I watched it 3 days already, but sparingly.",43,False,False,1,0,Scott Seiss Retail TikTok Compilation FULL,ScottSeissComedy,P7KBcsdPhxA,@Werner-sv2le,2026-04-10 22:34:33+00:00,retail worker Australia,youtube_comment
Ugz19Ke4eHnH55sxKrN4AaABAg,sales_assistants,2026,2026-04,We can't go backwards. Time marches on.,7,False,False,1,0,Scott Seiss Retail TikTok Compilation FULL,ScottSeissComedy,P7KBcsdPhxA,@thisismyusername9,2026-04-05 19:43:30+00:00,retail worker Australia,youtube_comment
UgwKTFgD8cLpdK29wI54AaABAg,sales_assistants,2026,2026-04,The customer is always wrong,5,False,False,1,0,Scott Seiss Retail TikTok Compilation FULL,ScottSeissComedy,P7KBcsdPhxA,@bloodsweatandbeers4684,2026-04-04 18:58:45+00:00,retail worker Australia,youtube_comment
UgyImaQH95Tfzo86aYN4AaABAg,sales_assistants,2026,2026-04,We need more people like this guys. I'd actually shop on a place more with a guy like that. 👍🏻,20,False,False,2,0,Scott Seiss Retail TikTok Compilation FULL,ScottSeissComedy,P7KBcsdPhxA,@APeacefulGuy,2026-04-04 13:19:44+00:00,retail worker Australia,youtube_comment
UgxNl46ZKuvLzV8zl8R4AaABAg,sales_assistants,2026,2026-04,Is this the vax guy? I thought he died,9,False,False,0,0,Scott Seiss Retail TikTok Compilation FULL,ScottSeissComedy,P7KBcsdPhxA,@denisdonohue1863,2026-04-03 01:42:15+00:00,retail worker Australia,youtube_comment
UgzRt38IsMSddOFOWnh4AaABAg,sales_assistants,2026,2026-04,"Holy shi, the ant man ... I'm in tears😂😂",9,False,False,1,0,Scott Seiss Retail TikTok Compilation FULL,ScottSeissComedy,P7KBcsdPhxA,@ЕвгенийГрязнов-к9ч,2026-04-01 11:51:36+00:00,retail worker Australia,youtube_comment
UgzIeAE9UWGvHODQhRx4AaABAg,sales_assistants,2026,2026-04,1:05 “Look inward” has the same energy as “have you tried speaking to the manager *within*?” 😂😂,17,False,False,1,0,Scott Seiss Retail TikTok Compilation FULL,ScottSeissComedy,P7KBcsdPhxA,@scarscribbles,2026-04-01 05:36:29+00:00,retail worker Australia,youtube_comment
UgzCzcxPmhjLvCiJ9zl4AaABAg,sales_assistants,2026,2026-03,"""Do you work here""?! No I just wear a name tag recreationally.😂😂😂😂😂",12,False,False,1,0,Scott Seiss Retail TikTok Compilation FULL,ScottSeissComedy,P7KBcsdPhxA,@erin6423,2026-03-31 23:50:19+00:00,retail worker Australia,youtube_comment
UgxSyGyZHoFleRmO6RB4AaABAg,sales_assistants,2026,2026-03,"Or when the customer leaves saying they won't shop there ever again, so you reply with ""Good, makes my job easier"".",21,False,False,1,0,Scott Seiss Retail TikTok Compilation FULL,ScottSeissComedy,P7KBcsdPhxA,@jeffs4483,2026-03-27 23:26:18+00:00,retail worker Australia,youtube_comment
UgwY9144Dze7eTqTU054AaABAg,sales_assistants,2026,2026-03,"Or when customers complain about restrooms being permanently closed so you tell them it's because of thieves and customers trashing the place, and having random people entering the store to use the restroom only just to leave immediately without making a purchase.",42,False,False,1,0,Scott Seiss Retail TikTok Compilation FULL,ScottSeissComedy,P7KBcsdPhxA,@jeffs4483,2026-03-27 23:24:57+00:00,retail worker Australia,youtube_comment
Ugwzune-K8e0jAhFpAN4AaABAg,sales_assistants,2026,2026-03,Working retail will make anyone want to convert to becoming an online shopper.,13,False,True,1,0,Scott Seiss Retail TikTok Compilation FULL,ScottSeissComedy,P7KBcsdPhxA,@jeffs4483,2026-03-27 23:20:39+00:00,retail worker Australia,youtube_comment
UgxOU37s_pZj35d6s5t4AaABAg,sales_assistants,2026,2026-03,Surprised he hasn't made videos about retail theft and how the companies don't care about it.,16,False,True,0,0,Scott Seiss Retail TikTok Compilation FULL,ScottSeissComedy,P7KBcsdPhxA,@jeffs4483,2026-03-27 23:17:57+00:00,retail worker Australia,youtube_comment
UgwCcD3kHJnI8OD4OpN4AaABAg,sales_assistants,2026,2026-03,This man’s hilarious and reminds me of my time in retail before I became an engineer,16,False,True,0,0,Scott Seiss Retail TikTok Compilation FULL,ScottSeissComedy,P7KBcsdPhxA,@Seshimina-yx8kc,2026-03-23 14:28:27+00:00,retail worker Australia,youtube_comment
UgxGhx3alW7cgGi-ZT14AaABAg,sales_assistants,2026,2026-03,At a certain point it’s time to start workin back of the house😭,13,False,False,0,0,Scott Seiss Retail TikTok Compilation FULL,ScottSeissComedy,P7KBcsdPhxA,@maryberry8331,2026-03-21 11:59:23+00:00,retail worker Australia,youtube_comment
UgztCO7hWRIJI0RJXaN4AaABAg,sales_assistants,2026,2026-03,Only if people knew the murderous thought that goes through my head towards a customer. Saved by the laws.,19,False,False,2,0,Scott Seiss Retail TikTok Compilation FULL,ScottSeissComedy,P7KBcsdPhxA,@LennyCastro-t8y,2026-03-16 21:57:42+00:00,retail worker Australia,youtube_comment
UgwYLXHiz2sUHykNjsl4AaABAg,sales_assistants,2026,2026-03,Only out of touch corporate assholes put out a bullshit statement like that.,13,False,False,2,0,Scott Seiss Retail TikTok Compilation FULL,ScottSeissComedy,P7KBcsdPhxA,@Snarp4332,2026-03-16 21:33:33+00:00,retail worker Australia,youtube_comment
UgzVVDXkgdBH_5QVmIl4AaABAg,sales_assistants,2026,2026-03,This guy is the best. 😂,6,False,False,0,0,Scott Seiss Retail TikTok Compilation FULL,ScottSeissComedy,P7KBcsdPhxA,@brotatocrisp,2026-03-16 00:53:28+00:00,retail worker Australia,youtube_comment
UgxcZDgrk3pDetRGoXx4AaABAg,sales_assistants,2026,2026-03,Those customers that are surprised tax exists as if they’ve never purchased anything before. Pick something out that’s $19.99 and hand over $20 like that should cover it perfectly 😂,30,False,False,1,0,Scott Seiss Retail TikTok Compilation FULL,ScottSeissComedy,P7KBcsdPhxA,@DevonChampion,2026-03-15 21:55:52+00:00,retail worker Australia,youtube_comment
UgwY7wzSLrDJavjafKx4AaABAg,sales_assistants,2026,2026-03,Anyone who has worked retail or hospitality knows exactly what this guy is talking about. I hated it and I’m so glad I don’t do it anymore.,27,False,True,1,0,Scott Seiss Retail TikTok Compilation FULL,ScottSeissComedy,P7KBcsdPhxA,@cinemaniak1055,2026-03-15 18:55:56+00:00,retail worker Australia,youtube_comment
Ugyyei-yyDQ-zCbaneV4AaABAg,sales_assistants,2026,2026-03,"😂😂 love this guy it's the stare for me, and I'm high asf",13,False,False,0,0,Scott Seiss Retail TikTok Compilation FULL,ScottSeissComedy,P7KBcsdPhxA,@shundatekkenlord,2026-03-14 00:48:28+00:00,retail worker Australia,youtube_comment
Ugy3fwMbf_HG4gKMYHt4AaABAg,sales_assistants,2026,2026-03,"Scott Seiss was at his absolute PEAK when he was bashing customers and making funny, relateable service/ retail sector worker humor. Now his videos are just left wing progressive talking points and political commentary disguised as the humor he USED to have. Miss the old stuff like these videos.",49,False,True,2,0,Scott Seiss Retail TikTok Compilation FULL,ScottSeissComedy,P7KBcsdPhxA,@EnlightenedMinarchist,2026-03-13 01:16:40+00:00,retail worker Australia,youtube_comment
UgzNAPXEtCt5xSz0xDN4AaABAg,sales_assistants,2026,2026-03,I used to work at a Brookstone. I hadn't watched this in a few years. It's hilarious. I just showed my grandson because he's applying for a job at ikea. He barely laughed at all.. he's going to find out 😅,41,False,False,1,0,Scott Seiss Retail TikTok Compilation FULL,ScottSeissComedy,P7KBcsdPhxA,@noname-by3qz,2026-03-12 19:04:58+00:00,retail worker Australia,youtube_comment
Ugxd6gvOcEjm-CDK_-V4AaABAg,sales_assistants,2026,2026-03,Every once in a while I come back to this video to watch it and laugh my butt off. Never even worked retail.,23,False,True,1,0,Scott Seiss Retail TikTok Compilation FULL,ScottSeissComedy,P7KBcsdPhxA,@rickclark7508,2026-03-09 23:43:57+00:00,retail worker Australia,youtube_comment
UgwlciHukUdzgpsFsvp4AaABAg,sales_assistants,2026,2026-03,I’d like to speak to the manager…well I’d like to speak to your mother 😂,15,False,False,2,0,Scott Seiss Retail TikTok Compilation FULL,ScottSeissComedy,P7KBcsdPhxA,@christinaj149,2026-03-06 14:59:31+00:00,retail worker Australia,youtube_comment
Ugze-GxSlIZDmJKvr0h4AaABAg,sales_assistants,2026,2026-03,"""Whos gonna work em, you gonna apply?"" You gonna hire me? *cue stupid music*",14,False,False,0,0,Scott Seiss Retail TikTok Compilation FULL,ScottSeissComedy,P7KBcsdPhxA,@Nickomanite,2026-03-05 20:38:31+00:00,retail worker Australia,youtube_comment
UgyCNb1t-xlZNmz9nXx4AaABAg,sales_assistants,2026,2026-02,Quickly moving to the exit? 😂,6,False,False,1,0,Scott Seiss Retail TikTok Compilation FULL,ScottSeissComedy,P7KBcsdPhxA,@ILLini61607,2026-02-27 13:50:07+00:00,retail worker Australia,youtube_comment
UgzJmb-QWG3q0mdyMBt4AaABAg,sales_assistants,2026,2026-02,I have never related to a video so much in my life,12,False,False,2,0,Scott Seiss Retail TikTok Compilation FULL,ScottSeissComedy,P7KBcsdPhxA,@jeffreyholmes9348,2026-02-26 01:03:15+00:00,retail worker Australia,youtube_comment
Ugztd2cnY97NATd_Q1l4AaABAg,sales_assistants,2026,2026-02,"""I'd like to speak to your manager""

*""I'D LIKE TO SPEAK TO YOUR MOTHER!!!""*",14,False,False,1,0,Scott Seiss Retail TikTok Compilation FULL,ScottSeissComedy,P7KBcsdPhxA,@yūgen_sabi,2026-02-20 07:30:32+00:00,retail worker Australia,youtube_comment
UgwQvNh7MuQRjuCuTXh4AaABAg,sales_assistants,2026,2026-02,"""You think I'm the only one ringing you up because I called dibs?""

""How many people you know wear a nametag recreationally?""

Both responses always have me rolling 😂💀🤣",29,False,False,2,0,Scott Seiss Retail TikTok Compilation FULL,ScottSeissComedy,P7KBcsdPhxA,@CryptoAce,2026-02-20 02:22:36+00:00,retail worker Australia,youtube_comment
UgwQsOHk7wiR3strEaF4AaABAg,sales_assistants,2026,2026-02,"When he starts actually rapping, spit bars an ting... gonna be heavy",12,False,False,0,0,Scott Seiss Retail TikTok Compilation FULL,ScottSeissComedy,P7KBcsdPhxA,@escapadesrpg,2026-02-18 16:04:01+00:00,retail worker Australia,youtube_comment
UgyJKlwkq7A9VW9togt4AaABAg,sales_assistants,2026,2026-02,We’re not playing to the buzzer 😂😂😂😂,7,False,False,2,0,Scott Seiss Retail TikTok Compilation FULL,ScottSeissComedy,P7KBcsdPhxA,@2012Fnl,2026-02-18 02:16:24+00:00,retail worker Australia,youtube_comment
UgykQL3GrA7WN6FC4ZZ4AaABAg,sales_assistants,2026,2026-02,Tell her she should be embarrassed,6,False,False,1,0,Scott Seiss Retail TikTok Compilation FULL,ScottSeissComedy,P7KBcsdPhxA,@KellienMag,2026-02-13 23:45:30+00:00,retail worker Australia,youtube_comment
UgyDkPbh3XXz1m9ld2h4AaABAg,sales_assistants,2026,2026-02,haven't you ever worked anywhere before 😂,7,False,False,3,0,Scott Seiss Retail TikTok Compilation FULL,ScottSeissComedy,P7KBcsdPhxA,@henryjtien,2026-02-12 23:34:39+00:00,retail worker Australia,youtube_comment
Ugyt61C1hVUcd8oP9m14AaABAg,sales_assistants,2026,2026-02,This guy full of sass,5,False,False,0,0,Scott Seiss Retail TikTok Compilation FULL,ScottSeissComedy,P7KBcsdPhxA,@adamg5108,2026-02-11 03:21:18+00:00,retail worker Australia,youtube_comment
Ugw2g6Cs7bNlSm_pObl4AaABAg,sales_assistants,2026,2026-02,This will never NOT be funny ❤😂,7,False,False,6,0,Scott Seiss Retail TikTok Compilation FULL,ScottSeissComedy,P7KBcsdPhxA,@neharkulkarni1228,2026-02-06 03:50:33+00:00,retail worker Australia,youtube_comment
UgwYPMHp64IQO-yI_wt4AaABAg,sales_assistants,2026,2026-02,I wish there was one of these about being a bookseller and working in a chain of UK-based bookshops. I’d happily write the script for that. 😂,27,False,False,1,0,Scott Seiss Retail TikTok Compilation FULL,ScottSeissComedy,P7KBcsdPhxA,@fis5191,2026-02-05 12:41:22+00:00,retail worker Australia,youtube_comment
UgwMvKwIpaRTfjpTfO54AaABAg,sales_assistants,2026,2026-02,I thought he was Ian Carroll 😂,7,False,False,0,0,Scott Seiss Retail TikTok Compilation FULL,ScottSeissComedy,P7KBcsdPhxA,@smoke17sum,2026-02-04 17:13:39+00:00,retail worker Australia,youtube_comment
UgxeRmoZL8xxtTB1zjR4AaABAg,sales_assistants,2026,2026-02,"""what do your eyes say?"" is part of my daily script now.",12,False,False,6,0,Scott Seiss Retail TikTok Compilation FULL,ScottSeissComedy,P7KBcsdPhxA,@CamboyGDubbz,2026-02-02 15:33:36+00:00,retail worker Australia,youtube_comment
UgzWdq2ClXjHa6g5oOJ4AaABAg,sales_assistants,2026,2026-01,"What i always laugh at ""i don't come anymore!"". You don't buy anything and come only to piss off us, yes please don't come more!",25,False,False,0,0,Scott Seiss Retail TikTok Compilation FULL,ScottSeissComedy,P7KBcsdPhxA,@lavie2630,2026-01-28 06:46:16+00:00,retail worker Australia,youtube_comment
Ugw9W1tXb4FA1RMois54AaABAg,sales_assistants,2026,2026-01,I'm a retail worker- and he speaks from deep inside❤,10,False,True,5,0,Scott Seiss Retail TikTok Compilation FULL,ScottSeissComedy,P7KBcsdPhxA,@lavie2630,2026-01-28 06:25:00+00:00,retail worker Australia,youtube_comment
Ugw_cfstzjuAw2n_Ggp4AaABAg,sales_assistants,2026,2026-01,all that for a drop of blood,7,False,False,0,0,Scott Seiss Retail TikTok Compilation FULL,ScottSeissComedy,P7KBcsdPhxA,@najiv,2026-01-27 13:10:07+00:00,retail worker Australia,youtube_comment
UgwoR5rXT9dHOrjm1tN4AaABAg,sales_assistants,2026,2026-01,Dude he just says what we are all thinking,9,False,False,1,0,Scott Seiss Retail TikTok Compilation FULL,ScottSeissComedy,P7KBcsdPhxA,@DivineKnight_115,2026-01-18 19:20:16+00:00,retail worker Australia,youtube_comment
Ugzqh919MObRAvHbM4N4AaABAg,sales_assistants,2026,2026-01,"As a retail employee where I come from, we never really get too many dumb comments from customers. The one we do, however, are pretty much like that. Our customers pretty much know where everything is, they just go get it, pay and they're done. I guess Ikea is special.",50,False,True,0,0,Scott Seiss Retail TikTok Compilation FULL,ScottSeissComedy,P7KBcsdPhxA,@shadowoctopus990,2026-01-16 05:35:51+00:00,retail worker Australia,youtube_comment
UgyTwI5OeMIonEd9WEV4AaABAg,sales_assistants,2026,2026-01,Revisiting this in 2026. Still fkn hilarious. Brilliant bit 😂,10,False,False,2,0,Scott Seiss Retail TikTok Compilation FULL,ScottSeissComedy,P7KBcsdPhxA,@joesutherland508,2026-01-10 19:54:28+00:00,retail worker Australia,youtube_comment
UgwaU-jmHWhN3zT0ALF4AaABAg,sales_assistants,2026,2026-01,The man is a legend,5,False,False,0,0,Scott Seiss Retail TikTok Compilation FULL,ScottSeissComedy,P7KBcsdPhxA,@Stubert222,2026-01-08 04:33:37+00:00,retail worker Australia,youtube_comment
UgzPXP4N47lTxs2eCJV4AaABAg,sales_assistants,2026,2026-01,"When I worked for Target, I had a customer ask if I worked there, while I was stocking hardlines (I HATE hardlines).

I told her no. Her eyebrows raised, she apologized and said I was nice for doing them a favor. Then she walked away.

To this day I can't figure out if it was sarcasm or obliviousness. I've heard dumber shit from customers before.",65,False,False,2,0,Scott Seiss Retail TikTok Compilation FULL,ScottSeissComedy,P7KBcsdPhxA,@WilliamL-j2q,2026-01-07 09:32:39+00:00,retail worker Australia,youtube_comment
Ugz731JM9faNreruEOp4AaABAg,sales_assistants,2026,2026-01,Funniest thing I’ve seen in 30 years LMFAO,8,False,False,1,0,Scott Seiss Retail TikTok Compilation FULL,ScottSeissComedy,P7KBcsdPhxA,@DougBashem,2026-01-03 22:34:42+00:00,retail worker Australia,youtube_comment
Ugx8H_FNl_ZAMwrADPh4AaABAg,sales_assistants,2025,2025-12,The website saying it's in stock is a legit argument though,11,False,False,0,0,Scott Seiss Retail TikTok Compilation FULL,ScottSeissComedy,P7KBcsdPhxA,@kitkatgur124,2025-12-31 03:47:58+00:00,retail worker Australia,youtube_comment
Ugxx2lD02P-xGrkKgCZ4AaABAg,sales_assistants,2025,2025-12,"I work in pizza and I always say “the customer is always right, unless they’re not”.",16,False,False,0,0,Scott Seiss Retail TikTok Compilation FULL,ScottSeissComedy,P7KBcsdPhxA,@TorontoPronto,2025-12-29 04:52:08+00:00,retail worker Australia,youtube_comment
UgwGA9-a7mFkice51GZ4AaABAg,sales_assistants,2025,2025-12,why did he stop. where can i find more of him ??,12,False,False,1,0,Scott Seiss Retail TikTok Compilation FULL,ScottSeissComedy,P7KBcsdPhxA,@adetuck3174,2025-12-27 07:38:47+00:00,retail worker Australia,youtube_comment
UgznBtDa3QulaxaWHjV4AaABAg,sales_assistants,2025,2025-12,"The worst part about when people think they can time their shopping just right to get out right on the minute the store closes is that EVERYONE thinks the same, meaning that at the time the store closes it's a really long line of people who thought they still had a few minutes left so they don't have to go to the counter not just yet, instead everybody have to wait longer in line and the staff have to stay longer than they should have to because it takes so much extra time. My job actually have a message in the speakers that asks the customers to move to the counters, but no one listens, so instead of starting ringing up the last customers during the last 10 minutes everyone gets to the counter right on the minute the store closes.",141,False,False,0,0,Scott Seiss Retail TikTok Compilation FULL,ScottSeissComedy,P7KBcsdPhxA,@Thelodis,2025-12-27 00:02:01+00:00,retail worker Australia,youtube_comment
Ugyp4vR2meh-kvIMH8d4AaABAg,sales_assistants,2025,2025-12,"As a customer support rep half way through a resignation , i loved this",14,False,False,0,0,Scott Seiss Retail TikTok Compilation FULL,ScottSeissComedy,P7KBcsdPhxA,@ismael7554,2025-12-24 23:44:33+00:00,retail worker Australia,youtube_comment
UgwBtzcGFi7jPUeTazh4AaABAg,sales_assistants,2025,2025-12,"""Do you work here?"" I used to work in tesco a u.k store and you had to wear all blue. I was asked every single day if i worked there. Like no i just like dressing like a smurf and heading to my local tesco.",45,False,False,1,0,Scott Seiss Retail TikTok Compilation FULL,ScottSeissComedy,P7KBcsdPhxA,@adamtimson8046,2025-12-24 18:44:18+00:00,retail worker Australia,youtube_comment
UgxzgkMMxvmO4C6b3rJ4AaABAg,sales_assistants,2025,2025-12,Watching it in compilation makes a 1000000 times funnier 😂😂😂😂 that music playing over and over again 😂😂😂 I love it,21,False,False,0,0,Scott Seiss Retail TikTok Compilation FULL,ScottSeissComedy,P7KBcsdPhxA,@Rob-g3j,2025-12-23 05:09:52+00:00,retail worker Australia,youtube_comment
UgzOFkSKGpy5zc8eEo94AaABAg,sales_assistants,2025,2025-12,That's why every place sucks these days. Employees to crappy to care and do a good job with a good attitude. That's why people stop going and shop online. The people complain they closed the store I lost my job. Yeah well I remember telling you this would happen if y'all kept running such a crappy store. Now go to Dollar General and get a job loser.,67,False,False,0,1,Scott Seiss Retail TikTok Compilation FULL,ScottSeissComedy,P7KBcsdPhxA,@gabrielpowers766,2025-12-19 06:34:44+00:00,retail worker Australia,youtube_comment
Ugy80sIKkHQLRHugkeN4AaABAg,sales_assistants,2025,2025-12,I work at Michael’s & I tell you that these customers are THE ABSOLUTE WORST.,15,False,False,1,0,Scott Seiss Retail TikTok Compilation FULL,ScottSeissComedy,P7KBcsdPhxA,@CShannon1991,2025-12-16 23:16:26+00:00,retail worker Australia,youtube_comment
UgxE2E9kcrc2Yi4XQhh4AaABAg,sales_assistants,2025,2025-12,Oh the customer being told the same damn thing I just got done telling them by my manager. I love it. Because afterwards my Manager would tell me how stupid that customer was and we both had a good laugh.,40,False,False,1,0,Scott Seiss Retail TikTok Compilation FULL,ScottSeissComedy,P7KBcsdPhxA,@MrTheone77,2025-12-13 07:47:41+00:00,retail worker Australia,youtube_comment
UgxEQhMd8ZD139UutNZ4AaABAg,sales_assistants,2025,2025-12,Holy shit I forgot about this guy hahahah,8,False,False,1,0,Scott Seiss Retail TikTok Compilation FULL,ScottSeissComedy,P7KBcsdPhxA,@Bigwave3K,2025-12-11 00:17:54+00:00,retail worker Australia,youtube_comment
Ugw2YLZGA-_m3Xk7bNh4AaABAg,sales_assistants,2025,2025-12,Scott would you be interested in doing an automotive business video if I supplied the content?,16,False,False,0,0,Scott Seiss Retail TikTok Compilation FULL,ScottSeissComedy,P7KBcsdPhxA,@RobAndres-l4f,2025-12-09 17:06:47+00:00,retail worker Australia,youtube_comment
Ugyu387ryPp5cthwJPd4AaABAg,sales_assistants,2025,2025-12,I'll be the millionth person to say it: This dude is an effing genius.,14,False,False,0,0,Scott Seiss Retail TikTok Compilation FULL,ScottSeissComedy,P7KBcsdPhxA,@cornbin74,2025-12-06 13:04:48+00:00,retail worker Australia,youtube_comment
UgyndUFtoGMZH2SftWp4AaABAg,sales_assistants,2025,2025-12,"""How many people do you know that wear a name tag recreationally"" 😂 Cracks me up every time.",18,False,False,0,0,Scott Seiss Retail TikTok Compilation FULL,ScottSeissComedy,P7KBcsdPhxA,@FoggyPigeon,2025-12-05 22:08:12+00:00,retail worker Australia,youtube_comment
UgzNFJMzY41t7Gkg_RJ4AaABAg,sales_assistants,2025,2025-12,He gave us a lot but I still want more.,10,False,False,3,0,Scott Seiss Retail TikTok Compilation FULL,ScottSeissComedy,P7KBcsdPhxA,@Peterplayingguitar,2025-12-05 04:43:24+00:00,retail worker Australia,youtube_comment
UgyIZptN77ZTfqPIf_F4AaABAg,sales_assistants,2025,2025-11,"I want to talk to your manager. Well, I wanna talk to your mother.I'd like to make a complaint to the manufacturer.",22,False,False,0,0,Scott Seiss Retail TikTok Compilation FULL,ScottSeissComedy,P7KBcsdPhxA,@robertwhite7845,2025-11-30 01:33:59+00:00,retail worker Australia,youtube_comment
Ugz0ShYkHE6OS5NekgN4AaABAg,sales_assistants,2025,2025-11,The amount of people who think the money is going directly to u BRUH,14,False,False,1,0,Scott Seiss Retail TikTok Compilation FULL,ScottSeissComedy,P7KBcsdPhxA,@Erin66722,2025-11-29 09:01:08+00:00,retail worker Australia,youtube_comment
UgzWVGMJDACR-6hQPCp4AaABAg,sales_assistants,2025,2025-11,"""I'm hardly laughing""

I'm not!",5,False,False,0,0,Scott Seiss Retail TikTok Compilation FULL,ScottSeissComedy,P7KBcsdPhxA,@ThePhantomTide,2025-11-27 19:06:26+00:00,retail worker Australia,youtube_comment
UgymkN-QPjsFqwWNB3h4AaABAg,sales_assistants,2019,2019-04,Heyyy I like it when you can switched from Australian accent to Singaporean way of speaking! Haha some of your videos are so hilarious! Keep them coming 😂,28,True,False,0,0,Sales Assistants: Australia Vs Singapore | ObliviousD,Delvin Ang,SYpzPNt5__Y,@jackyjac476,2019-04-23 15:06:12+00:00,sales assistant Australia,youtube_comment
Ugzufc2u-3nWi11EdO14AaABAg,sales_assistants,2017,2017-08,"Lol ive been working as a retail sales associate since 2011. In singapore, don't greet the customers and also approach them. Only when they needed the assistance they will call ""hello hello"" for you. Also as a male staff it's better not to be very close with the female customers as they might think that male staff will touch them. Many prefers female sales associates to assists them. If you look around many of of the boutiques in singapore hires female sales associates because of that. Many of the singaporeans customers are annoying as their demands & expectations is too much. I've came across many Australians customers and they were so nice and friendly.",114,True,True,0,0,Sales Assistants: Australia Vs Singapore | ObliviousD,Delvin Ang,SYpzPNt5__Y,@ryan_2026-y3j,2017-08-04 19:09:44+00:00,sales assistant Australia,youtube_comment
Ugh1ma3eS0CF1ngCoAEC,sales_assistants,2016,2016-07,"I am Australian and if a shop assistant ever walks around with me in the store after i have already told them i am just looking, then i will immediately walk out of that store and make a mental note never to go back to that store again.. I hate being pressurized into make up my mind to quickly buy.. I like to look around and think in peace for a while without having some creep shadowing you like a stalker..",81,True,True,5,0,Sales Assistants: Australia Vs Singapore | ObliviousD,Delvin Ang,SYpzPNt5__Y,@AdstarAPAD,2016-07-17 05:32:03+00:00,sales assistant Australia,youtube_comment
Ugjp8s-c434NKngCoAEC,sales_assistants,2015,2015-10,"Hahah this is true. I went on a holiday in Melbourne its exactly the same thing with the Australians.

In Singapore when you walk around to window shop, you'll get creeped out from the Shopkeeper staring at you and quickly will leave the shop.",44,True,False,6,0,Sales Assistants: Australia Vs Singapore | ObliviousD,Delvin Ang,SYpzPNt5__Y,@mriz7258,2015-10-28 02:53:18+00:00,sales assistant Australia,youtube_comment
UgiS6HtsE0fp9ngCoAEC,sales_assistants,2015,2015-04,hahaha this is so true :DDD,6,True,False,0,0,Sales Assistants: Australia Vs Singapore | ObliviousD,Delvin Ang,SYpzPNt5__Y,@marthasaridewi984,2015-04-04 11:13:29+00:00,sales assistant Australia,youtube_comment
Ugjqvnr2XcorEXgCoAEC,sales_assistants,2014,2014-11,"Sometimes, shopping do really makes me boring in Sgp but i haven't try out & visit to Aussie there... Yes, I can feel difference btw talkative & quiet of sale assistant lol ! Good acting ! Delvin :)",38,True,False,0,0,Sales Assistants: Australia Vs Singapore | ObliviousD,Delvin Ang,SYpzPNt5__Y,@susanwin7290,2014-11-26 12:54:04+00:00,sales assistant Australia,youtube_comment
Ugj915_tZivgG3gCoAEC,sales_assistants,2014,2014-10,so true. I'd barley stay in a shop for 5minutes in Signapore cause i got so freaked out about  the sales assistant just standing there watching me,27,True,True,4,0,Sales Assistants: Australia Vs Singapore | ObliviousD,Delvin Ang,SYpzPNt5__Y,@indiatwwell3005,2014-10-15 13:31:38+00:00,sales assistant Australia,youtube_comment
UggwNfUKywJRVngCoAEC,sales_assistants,2014,2014-09,"Haha this is so trueeeee... I suppose S'pore and M'sia are so similar that it's the same. Those persistent sales assistants can be really annoying sometimes, I get freaked out and just leave the store... And the small talk part, it just makes the whole atmosphere more lively :D",49,True,True,4,1,Sales Assistants: Australia Vs Singapore | ObliviousD,Delvin Ang,SYpzPNt5__Y,@yuh-lingan3688,2014-09-15 13:28:02+00:00,sales assistant Australia,youtube_comment
UgjmE_piMhBODngCoAEC,sales_assistants,2014,2014-09,"""Actually"" is the most Singaporean word ever ahahaha, nice video man :)",12,True,False,12,1,Sales Assistants: Australia Vs Singapore | ObliviousD,Delvin Ang,SYpzPNt5__Y,@iDreamDance,2014-09-07 15:07:38+00:00,sales assistant Australia,youtube_comment
UgiNVK7eackExngCoAEC,sales_assistants,2014,2014-09,"so true!! although I have come across both kinds in both countries, the last bit with counter-small-talk is so true! when I first got to Australia I felt so nervous sharing small talk with a complete stranger, now I miss it when I go back",45,True,False,2,1,Sales Assistants: Australia Vs Singapore | ObliviousD,Delvin Ang,SYpzPNt5__Y,@inscid179,2014-09-07 09:30:41+00:00,sales assistant Australia,youtube_comment
Ugx6bAI92R_z2oIOx3V4AaABAg,sales_assistants,2022,2022-04,Can u pin I watch all ur vids it would mean a lot. Keep it up,16,True,False,371,6,Working Retail in Australia,Liam Dowling,jjJ35R55fTs,@yeewww8670,2022-04-13 09:47:02+00:00,working in retail Australia,youtube_comment
UgxB_-2m5Oz9zB16sqF4AaABAg,sales_assistants,2024,2024-10,"2:37 literally experienced this today, someone taking up the accessible toilet for half an hour that one with the massive private space for wheelchairs and whatever and an automatic door that locks. Security came to check that he was alright and this in the video is pretty much how it went except he was going on about the security guy should go away and do his job lmao and they had to get some sort of master key to open the door and get him out XD",87,True,False,0,0,Working Retail in Australia,Liam Dowling,jjJ35R55fTs,@MrCokewithice,2024-10-07 07:51:36+00:00,working in retail Australia,youtube_comment
UgwgHX4cjZbDhTwa34R4AaABAg,sales_assistants,2024,2024-10,"IMO rebel sport excels at overcharging for things, have been in a couple of times and never felt like I paid a reasonable price",24,True,False,0,0,Working Retail in Australia,Liam Dowling,jjJ35R55fTs,@MrCokewithice,2024-10-07 07:45:12+00:00,working in retail Australia,youtube_comment
UgzkEjBlK3F9-NgJyKt4AaABAg,sales_assistants,2024,2024-07,"Bro got rebel t shirt and the plus fitness lanyard 
😂",11,True,False,0,0,Working Retail in Australia,Liam Dowling,jjJ35R55fTs,@EVERGLOW_GIRLS,2024-07-10 02:14:46+00:00,working in retail Australia,youtube_comment
Ugx6n-J5h_21lWHzCK54AaABAg,sales_assistants,2023,2023-05,"This is gold… reminds me of Chris Lilley, reckon Liam will go far!",13,True,False,0,0,Working Retail in Australia,Liam Dowling,jjJ35R55fTs,@Celeste-in-Oz,2023-05-10 02:17:11+00:00,working in retail Australia,youtube_comment
UgwxED7ePH7V6XYsmEp4AaABAg,sales_assistants,2023,2023-04,"The majority of products at Rebel are of poor quality, especially all those football jerseys which are made of a cheap polyester material, terribly overpriced, most of the products are made in China of all countries.",36,True,False,0,0,Working Retail in Australia,Liam Dowling,jjJ35R55fTs,@JohnJohn-zn8ib,2023-04-26 12:00:11+00:00,working in retail Australia,youtube_comment
UgxtqM7PT_Cuo9l5eV14AaABAg,sales_assistants,2023,2023-01,Still mad that you need to be 18 to buy spray paint in Australia,14,True,False,0,0,Working Retail in Australia,Liam Dowling,jjJ35R55fTs,@brubrulani,2023-01-10 07:47:46+00:00,working in retail Australia,youtube_comment
Ugxnl_AsD4WCBq-OjbB4AaABAg,sales_assistants,2022,2022-11,The first guy sounds like Clarence from The Big Lez Show,11,True,False,0,0,Working Retail in Australia,Liam Dowling,jjJ35R55fTs,@AltisFrost,2022-11-16 02:29:45+00:00,working in retail Australia,youtube_comment
UgyH9CNqOqTFRP5dNYl4AaABAg,sales_assistants,2022,2022-11,Yep that's my life as a retail worker.,8,True,True,0,0,Working Retail in Australia,Liam Dowling,jjJ35R55fTs,@home1261,2022-11-14 20:27:54+00:00,working in retail Australia,youtube_comment
UgxpHNq57X1-pOPw2mB4AaABAg,sales_assistants,2022,2022-11,"Machine: Says 'CARD ONLY' in huge writing

Old people: Does this take cash?",13,True,False,0,0,Working Retail in Australia,Liam Dowling,jjJ35R55fTs,@Goldenblitzer,2022-11-12 19:57:30+00:00,working in retail Australia,youtube_comment
Ugyr8DbtZTNVtL8oLzV4AaABAg,sales_assistants,2022,2022-10,Why is this so accurate,5,True,False,0,0,Working Retail in Australia,Liam Dowling,jjJ35R55fTs,@samuelleask1132,2022-10-29 11:47:40+00:00,working in retail Australia,youtube_comment
UgwMztFU4w5vC91N6Ox4AaABAg,sales_assistants,2022,2022-10,I had some wackjob walk in the door one day and start rambling about telstra and how the government is paying politicians with its stocks or some dumb bullcrap like that. The dude then told me to make my own political party abd recruit all of my friends and proceeded to turn around and leave. Also this was a toy store.,61,True,False,1,0,Working Retail in Australia,Liam Dowling,jjJ35R55fTs,@pkpittoo795,2022-10-19 14:44:03+00:00,working in retail Australia,youtube_comment
UgwbVnLNAGke9dkrrhF4AaABAg,sales_assistants,2022,2022-09,The traced foot was hilarious. I died 💀💀💀💀,8,True,False,1,0,Working Retail in Australia,Liam Dowling,jjJ35R55fTs,@sapphrose,2022-09-10 07:54:50+00:00,working in retail Australia,youtube_comment
UgyKOIgeZAA2i3A8N2h4AaABAg,sales_assistants,2022,2022-09,Bro the shoe one is so relatable,7,True,False,1,0,Working Retail in Australia,Liam Dowling,jjJ35R55fTs,@WillD3laney,2022-09-02 09:25:21+00:00,working in retail Australia,youtube_comment
Ugxy8cKKebWMqTEc_954AaABAg,sales_assistants,2022,2022-08,"Used to work at maccas, one time we ran out of coca cola. ""We have Fanta, Sprite or Orange Juice because our coca cola isn't working. What would you like?""
Customer's: ... Coca cola.
Me: ... Fuck's sake.",38,True,False,1,0,Working Retail in Australia,Liam Dowling,jjJ35R55fTs,@reighost8399,2022-08-31 16:18:48+00:00,working in retail Australia,youtube_comment
Ugx1TwmwM7kvFhnbPPV4AaABAg,sales_assistants,2022,2022-08,It's good to know that working retail in Australia isnt much different from working retail in America,17,True,True,1,0,Working Retail in Australia,Liam Dowling,jjJ35R55fTs,@werewolfgirl1995,2022-08-16 06:05:44+00:00,working in retail Australia,youtube_comment
UgxqhVvokGpBYR797ul4AaABAg,sales_assistants,2022,2022-08,God I hate when a customer gives you their whole life story,12,True,False,1,0,Working Retail in Australia,Liam Dowling,jjJ35R55fTs,@werewolfgirl1995,2022-08-16 06:02:24+00:00,working in retail Australia,youtube_comment
Ugy7LIu3ZArajK8UzZ54AaABAg,sales_assistants,2022,2022-08,"so fucking accurate 
especially with the guy that keeps gambling on about his life story then leaves and ends up coming back the net day with another story",28,True,False,3,0,Working Retail in Australia,Liam Dowling,jjJ35R55fTs,@arvacado3540,2022-08-11 11:54:15+00:00,working in retail Australia,youtube_comment
UgzOaV0ew7L4Xecs2qp4AaABAg,sales_assistants,2022,2022-08,Can relate to all of this 🤣,7,True,False,0,0,Working Retail in Australia,Liam Dowling,jjJ35R55fTs,@NexSocius,2022-08-09 04:07:51+00:00,working in retail Australia,youtube_comment
UgxZocUuHWfdQ4wbMzB4AaABAg,sales_assistants,2022,2022-07,Ok but yeezys kid is LITERALLY my younger brother,9,True,False,0,0,Working Retail in Australia,Liam Dowling,jjJ35R55fTs,@Heartseekrrchar,2022-07-29 19:35:07+00:00,working in retail Australia,youtube_comment
Ugy8KeRqX0MDCcFj81p4AaABAg,sales_assistants,2022,2022-07,"You forgot the customer that gets mistakenly overcharged 5 bucks on an item/sale and only realities it when the get home to see the receipt. 
They come in the next day to see a completely unrelated worker and screams bloody murder at them, like that worker on minimum wage is directly ripping food from their child's starving mouth. 
Great times.....",60,True,False,10,0,Working Retail in Australia,Liam Dowling,jjJ35R55fTs,@boota2798,2022-07-29 15:22:36+00:00,working in retail Australia,youtube_comment
UgwqUST0T0PRn-tWEFx4AaABAg,sales_assistants,2022,2022-07,"I can feel liams rage when the customer wanted to come in one minute before closing in my SOUL. I worked in a Pak n Save as a checkout person, and the amount of times we'd have to serve BIG TROLLIES right before and after 9pm was infuriating.",48,True,False,9,0,Working Retail in Australia,Liam Dowling,jjJ35R55fTs,@wididididididi8693,2022-07-15 20:18:05+00:00,working in retail Australia,youtube_comment
Ugy0yF16Eexb3O_BNy54AaABAg,sales_assistants,2022,2022-07,what song is in the outro,6,True,False,0,0,Working Retail in Australia,Liam Dowling,jjJ35R55fTs,@olivermortimer9100,2022-07-14 01:58:54+00:00,working in retail Australia,youtube_comment
Ugzn09uZ-tbLhekK6rp4AaABAg,sales_assistants,2022,2022-07,the eshay guy looked like a golfer hah,8,True,False,0,0,Working Retail in Australia,Liam Dowling,jjJ35R55fTs,@MTB_Jimbo,2022-07-12 10:17:08+00:00,working in retail Australia,youtube_comment
UgztUR3XqMVmqpX6BAh4AaABAg,sales_assistants,2022,2022-07,"you are honestly my favourite yt of all time, keep up the great work",14,True,False,1,0,Working Retail in Australia,Liam Dowling,jjJ35R55fTs,@redcow1945,2022-07-06 06:09:40+00:00,working in retail Australia,youtube_comment
Ugzek6PBN1-8BYnT-RN4AaABAg,sales_assistants,2022,2022-07,"When the kid was like "" I don't know "" so accurate",12,True,False,0,0,Working Retail in Australia,Liam Dowling,jjJ35R55fTs,@zozzoz7866,2022-07-05 14:06:32+00:00,working in retail Australia,youtube_comment
UgwSie2GlT027PACsA14AaABAg,sales_assistants,2022,2022-07,"The quickie: comes in, selects item, leaves, sometimes a polite nod is exchanged 

The rambler: goes on for a while sometimes changes tangents often confused with method man

The clinger: (buys something but hangs around... weird just hang around first THEN buy and go!

The method man: very quick furtive glances, story is often told often uninvited about bloody traffic or weather but can quickly escalate to slightly racist or sexual remark very easy to spot because of jittery nature often confused for shoplifter


Shoplifter: may make several ""visits"" to asses item usually most expensive item in shop

Brancher: most annoying. Comes in with story of how same store is selling same stocked item for less.. like why didnt you buy it then idiot",124,True,False,7,0,Working Retail in Australia,Liam Dowling,jjJ35R55fTs,@nolesy34,2022-07-03 18:45:12+00:00,working in retail Australia,youtube_comment
Ugw1-OdapqjnqOy9grd4AaABAg,sales_assistants,2022,2022-06,I am now convinced that every suburb has a self-appointed rambly old man who turns minimum wage teenagers into their therapists,21,True,False,203,0,Working Retail in Australia,Liam Dowling,jjJ35R55fTs,@Sylviahno,2022-06-23 08:40:30+00:00,working in retail Australia,youtube_comment
UgzhY-lbGRETtL6wiEJ4AaABAg,sales_assistants,2022,2022-05,spot on! bigger the purchase be ready to get more involved with more family stories/issues,15,True,False,0,0,Working Retail in Australia,Liam Dowling,jjJ35R55fTs,@rezzob,2022-05-28 04:52:10+00:00,working in retail Australia,youtube_comment
Ugz7srh4DROmdJesMct4AaABAg,sales_assistants,2022,2022-05,'a little bit' of exaggeration,5,True,False,1,0,Working Retail in Australia,Liam Dowling,jjJ35R55fTs,@goaway9450,2022-05-26 12:48:04+00:00,working in retail Australia,youtube_comment
UgzfHjBzfgxsLb0ujYl4AaABAg,sales_assistants,2022,2022-05,i've literally had kids come in with school id's showing their 18th birthday is like 6months away and they think that somehow it counts as being 18. like 18 this year is somehow 18 when theyre 17 for 6 more months,41,True,False,0,0,Working Retail in Australia,Liam Dowling,jjJ35R55fTs,@nekomancer9157,2022-05-22 14:44:58+00:00,working in retail Australia,youtube_comment
UgztHb3ICo3BKJsYwql4AaABAg,sales_assistants,2022,2022-05,bruh he looks like bogan john krasinski,7,True,False,0,0,Working Retail in Australia,Liam Dowling,jjJ35R55fTs,@motomoto7202,2022-05-20 12:34:07+00:00,working in retail Australia,youtube_comment
UgzmCw9gURYOu7Bo_9V4AaABAg,sales_assistants,2022,2022-05,he summed Australian retail up pretty good,7,True,True,2,0,Working Retail in Australia,Liam Dowling,jjJ35R55fTs,@patrikrodley595,2022-05-14 13:30:19+00:00,working in retail Australia,youtube_comment
Ugww4mkup30_ER-zdGt4AaABAg,sales_assistants,2022,2022-04,"Worked at rebel for 3 years, can confirm this is spot on",12,True,False,3,1,Working Retail in Australia,Liam Dowling,jjJ35R55fTs,@Conspicuousss,2022-04-30 15:08:51+00:00,working in retail Australia,youtube_comment
UgwkVf71w4JBjlzPFB14AaABAg,sales_assistants,2022,2022-04,that was funnier than I expected :P thnx,8,True,False,1,0,Working Retail in Australia,Liam Dowling,jjJ35R55fTs,@felixbakker5571,2022-04-25 14:02:47+00:00,working in retail Australia,youtube_comment
Ugx72LEZP3mLe26gJO94AaABAg,sales_assistants,2022,2022-04,Omfg the guy telling you his hole life style,9,True,False,0,0,Working Retail in Australia,Liam Dowling,jjJ35R55fTs,@randy2023,2022-04-23 21:03:06+00:00,working in retail Australia,youtube_comment
UgwhHLcEWxq-9A0UU9J4AaABAg,sales_assistants,2022,2022-04,Watching this while working in a bottleo. Come by any time for free booze on me sick cunt,18,True,False,1,0,Working Retail in Australia,Liam Dowling,jjJ35R55fTs,@toffy7598,2022-04-21 23:37:30+00:00,working in retail Australia,youtube_comment
UgztrgSiL5jby5_7E5Z4AaABAg,sales_assistants,2022,2022-04,"One time all the eftpos machines were down, so we're trying to fix them while this woman talks about her whole extended family. Also have people beg us to come in while the doors are shut, the lights are off and we're counting the tills",45,True,False,0,0,Working Retail in Australia,Liam Dowling,jjJ35R55fTs,@constantly_screaming4496,2022-04-21 11:30:36+00:00,working in retail Australia,youtube_comment
Ugz_M0eUe3WNg6MDE3J4AaABAg,sales_assistants,2022,2022-04,"The ""How much is this"" without them even attempting to look for the tag really gets me haha",18,True,False,2,0,Working Retail in Australia,Liam Dowling,jjJ35R55fTs,@toriwatson6010,2022-04-21 09:35:40+00:00,working in retail Australia,youtube_comment
UgyF8quSaVCtKhYcm694AaABAg,sales_assistants,2022,2022-04,i work in a smoke shop. you can imagine the customers we get lol,14,True,False,0,0,Working Retail in Australia,Liam Dowling,jjJ35R55fTs,@Australienxo,2022-04-20 13:14:41+00:00,working in retail Australia,youtube_comment
UgzN-W4SoHZSsjFkvcV4AaABAg,sales_assistants,2022,2022-04,"Ngl I was the graffer cunt, used to say I was painting the garage door at my dads place lmaoo",20,True,False,0,0,Working Retail in Australia,Liam Dowling,jjJ35R55fTs,@BroadLyte,2022-04-17 01:03:55+00:00,working in retail Australia,youtube_comment
Ugwb56odAl7lz7h1a514AaABAg,sales_assistants,2022,2022-04,Been at David Jones for almost 10 years………… so imagine these people but with a huge sense of entitlement and a platinum amex card. Help me.,26,True,False,3,0,Working Retail in Australia,Liam Dowling,jjJ35R55fTs,@srlkiller,2022-04-16 15:09:37+00:00,working in retail Australia,youtube_comment
Ugz1nOcFlDn-Ocwp4W94AaABAg,sales_assistants,2022,2022-04,Customer facing jobs are so unhinged. There’s a regular who comes in and always tells me about how he used to have a “luxurious life” and would drive expensive cars in different countries and now he’s depressed and keeps telling me that violence calms him down. Another roped me into praying with them.,53,True,False,4,0,Working Retail in Australia,Liam Dowling,jjJ35R55fTs,@melonholy1664,2022-04-16 09:05:42+00:00,working in retail Australia,youtube_comment
UgwN9PG9gPcyk3mqA1B4AaABAg,sales_assistants,2022,2022-04,Wow this is way too accurate 😳,7,True,False,0,0,Working Retail in Australia,Liam Dowling,jjJ35R55fTs,@alainarule3570,2022-04-16 04:52:13+00:00,working in retail Australia,youtube_comment
UgyASqeeFmLZLUA2pCl4AaABAg,sales_assistants,2022,2022-04,This do be hella accurate tho,6,True,False,0,0,Working Retail in Australia,Liam Dowling,jjJ35R55fTs,@PeterParker-mp7ns,2022-04-16 03:00:31+00:00,working in retail Australia,youtube_comment
UgzIXHzWcsi72eMVdrR4AaABAg,sales_assistants,2022,2022-04,i guess youve just got to take it in your stride..it dosnt seem that bad tbh,16,True,False,0,0,Working Retail in Australia,Liam Dowling,jjJ35R55fTs,@gazzarafalemozzy4766,2022-04-15 19:38:29+00:00,working in retail Australia,youtube_comment
UgySCMoTHRE51SooCMV4AaABAg,sales_assistants,2022,2022-04,"As an Australian I can confirm, retail workers exist.",9,True,True,30,0,Working Retail in Australia,Liam Dowling,jjJ35R55fTs,@shoe777,2022-04-15 12:27:41+00:00,working in retail Australia,youtube_comment
UgyAdQNkJQt8jdHgfQd4AaABAg,sales_assistants,2022,2022-04,"If I had a dollar everytime a mum had a drawing of her kids foot id have like 8 bucks, which is still far to much. seriously pull your head in mums",32,True,False,1,0,Working Retail in Australia,Liam Dowling,jjJ35R55fTs,@jacobgower5148,2022-04-15 11:04:16+00:00,working in retail Australia,youtube_comment
Ugx4VkRAaa9J3yp3ZgJ4AaABAg,sales_assistants,2022,2022-04,atleast you look jacked in that rebel top x,9,True,False,0,0,Working Retail in Australia,Liam Dowling,jjJ35R55fTs,@kdburner7356,2022-04-15 10:26:47+00:00,working in retail Australia,youtube_comment
UgzH1SB5Y-vDvfiPlSN4AaABAg,sales_assistants,2022,2022-04,As an ex-Rebel Sport employee from NZ I can confirm retail is exactly the same over the ditch. Fuckin horrific hahah.,21,True,True,10,0,Working Retail in Australia,Liam Dowling,jjJ35R55fTs,@rileyknox,2022-04-15 09:52:30+00:00,working in retail Australia,youtube_comment
UgwZGsKmUhuy6NT9lfx4AaABAg,sales_assistants,2022,2022-04,"One night at the pizza shop I work at, there were two people in line holding their pizzas they just picked up about 2 minutes ago. First Lady complains hers is too hot, second lady complains hers was cold… they both came off the oven at the same time, and were fine. Idk if people are just stupid or entitled, or both?",62,True,False,9,2,Working Retail in Australia,Liam Dowling,jjJ35R55fTs,@ManCatCheese,2022-04-15 01:39:55+00:00,working in retail Australia,youtube_comment
UgzleDDXWJ-FEEjvFVd4AaABAg,sales_assistants,2022,2022-04,"2 fuckin accurate, always someone wanting to talk for ever 
and then not buying anything always someone racking / failing to rack L0L.

ALWAYS ALWAYSSSSSSSSSSSSSSSSSSSSSSSSSSSSSSSSSSSSSSSSSSSSSS",25,True,False,1,0,Working Retail in Australia,Liam Dowling,jjJ35R55fTs,@nateromanowski793,2022-04-14 14:36:42+00:00,working in retail Australia,youtube_comment
UgxejJI5SP-dFGJecQ94AaABAg,sales_assistants,2022,2022-04,Most accurate part is the old man in the flanno or a crackhead coming up to you and telling you their whole life story for no reason. You could literally be doing anything just sitting at the traino minding your own business and you see this bloke walk up to you and you just know you’re in for a story.,60,True,False,6,1,Working Retail in Australia,Liam Dowling,jjJ35R55fTs,@nicholasleah840,2022-04-14 13:04:59+00:00,working in retail Australia,youtube_comment
Ugxtb29H8Q2Hd6QUxel4AaABAg,sales_assistants,2022,2022-04,try working at bunnings where it is only oldies and veggies,11,True,False,0,0,Working Retail in Australia,Liam Dowling,jjJ35R55fTs,@williampearce3687,2022-04-14 11:36:15+00:00,working in retail Australia,youtube_comment
UgxU07socCZSlGBvVMt4AaABAg,sales_assistants,2022,2022-04,looking forward to see you in hollywood comedy films haha,10,True,False,1,0,Working Retail in Australia,Liam Dowling,jjJ35R55fTs,@ljac_1314,2022-04-14 10:00:15+00:00,working in retail Australia,youtube_comment
UgxJXTJSCilEW9_mXeN4AaABAg,sales_assistants,2022,2022-04,Fucking hell this is relatable,5,True,False,0,0,Working Retail in Australia,Liam Dowling,jjJ35R55fTs,@jackmills5477,2022-04-14 09:30:30+00:00,working in retail Australia,youtube_comment
UgwmyyrENYD3_oMxoi14AaABAg,sales_assistants,2022,2022-04,Its not even eshays that pop up to the stores i work at anymore its just old middle aged blokes who asks about tech products at a sports shop,29,True,False,0,0,Working Retail in Australia,Liam Dowling,jjJ35R55fTs,@Finalph,2022-04-14 08:59:55+00:00,working in retail Australia,youtube_comment
Ugyx1-YnwLMJj9KJvCx4AaABAg,sales_assistants,2022,2022-04,Fucking amazing work mate. Hilarious stuff,6,True,False,0,0,Working Retail in Australia,Liam Dowling,jjJ35R55fTs,@E3zxm,2022-04-14 05:20:53+00:00,working in retail Australia,youtube_comment
Ugy98SIsLvVWWMb_vxN4AaABAg,sales_assistants,2022,2022-04,Anyone who worked in retail during the lockdowns knows how fucking dumb the general public can be,17,True,True,0,0,Working Retail in Australia,Liam Dowling,jjJ35R55fTs,@DrCoomer_1,2022-04-14 03:11:58+00:00,working in retail Australia,youtube_comment
Ugz5lAjLQ7G0F3iZK-14AaABAg,sales_assistants,2022,2022-04,The amount of times you have to clarify that you’re working at Rebel Sport is hilarious and dead on 😂,20,True,False,2,0,Working Retail in Australia,Liam Dowling,jjJ35R55fTs,@Rotmg4lyf,2022-04-14 02:36:32+00:00,working in retail Australia,youtube_comment
Ugz1Hr_165kJfO2uuwR4AaABAg,sales_assistants,2022,2022-04,Is that like your sisters or Mothers black rebel shirt,10,True,False,0,0,Working Retail in Australia,Liam Dowling,jjJ35R55fTs,@thomasfreeman2001,2022-04-14 02:32:39+00:00,working in retail Australia,youtube_comment
UgxpZaxcjOuL4T2-9td4AaABAg,sales_assistants,2022,2022-04,Bruh this is too real,5,True,False,0,0,Working Retail in Australia,Liam Dowling,jjJ35R55fTs,@simonawalsh6664,2022-04-14 00:41:57+00:00,working in retail Australia,youtube_comment
UgxG5vw47hAG3N8idbd4AaABAg,sales_assistants,2022,2022-04,Ur not wrong this is exactly what Aussie retail is,10,True,True,0,0,Working Retail in Australia,Liam Dowling,jjJ35R55fTs,@hi79cruisers90,2022-04-14 00:39:47+00:00,working in retail Australia,youtube_comment
UgyB0QHqJqoG6NfAgeB4AaABAg,sales_assistants,2022,2022-04,As somebody who works in the shoes department at Rebel. The amount of times a mum has given me a outline of their kids foot is making me question existence,30,True,False,116,3,Working Retail in Australia,Liam Dowling,jjJ35R55fTs,@zaccooper5904,2022-04-13 21:41:37+00:00,working in retail Australia,youtube_comment
Ugw8X3pPzUJl5O_Cs754AaABAg,sales_assistants,2022,2022-04,I’m from the US but I’ve worked retail and this is pretty accurate lol,14,True,True,0,1,Working Retail in Australia,Liam Dowling,jjJ35R55fTs,@chrismc2288,2022-04-13 20:47:46+00:00,working in retail Australia,youtube_comment
UgzoryfRV3cI3e1hg8l4AaABAg,sales_assistants,2022,2022-04,Bra I work at bcf and this is what it’s like every day 😂,14,True,False,0,0,Working Retail in Australia,Liam Dowling,jjJ35R55fTs,@cohenphillips2459,2022-04-13 19:42:23+00:00,working in retail Australia,youtube_comment
UgxqpxuRPGKbhh8afW54AaABAg,sales_assistants,2022,2022-04,Horrifyingly relatable. Working at dymocks we got guys who came in carrying rare second hand books to flex and try to pick up girls (who were often underage). Which meant we would suss out their bullshit then have to change the staff layout so the girls could escape the creepy dudes and we would just stand around looking mad at them till they fucked off. I did end up teaching a lot of old ladies how to pirate movies on our free wifi for a bit though. That was fun.,90,True,False,163,1,Working Retail in Australia,Liam Dowling,jjJ35R55fTs,@FrancisFabricates,2022-04-13 17:47:09+00:00,working in retail Australia,youtube_comment
UgxBGEiiN3uo82mJXAN4AaABAg,sales_assistants,2022,2022-04,Fuck I love dowlo and god I love a beer,10,True,False,0,1,Working Retail in Australia,Liam Dowling,jjJ35R55fTs,@seamuswalton4425,2022-04-13 16:24:41+00:00,working in retail Australia,youtube_comment
UgxhSniOtc_oosnSR514AaABAg,sales_assistants,2022,2022-04,oml these videos are the funniest shit ever keep em going mate,12,True,False,1,0,Working Retail in Australia,Liam Dowling,jjJ35R55fTs,@kakapants,2022-04-13 15:36:49+00:00,working in retail Australia,youtube_comment
Ugy3tZary84MgHdRLUN4AaABAg,sales_assistants,2022,2022-04,"Exaggerated my arse.
This is just the casual sh*t.

Btw awesome vid man you rock",15,True,False,0,0,Working Retail in Australia,Liam Dowling,jjJ35R55fTs,@STppNGMTN,2022-04-13 15:26:07+00:00,working in retail Australia,youtube_comment
UgzHHkIhnRuD_o_0if14AaABAg,sales_assistants,2022,2022-04,And the “do you work here”whilst in the company shirt a big fucking name badge and stacking shelves,18,True,False,22,1,Working Retail in Australia,Liam Dowling,jjJ35R55fTs,@TheRhysG,2022-04-13 14:50:50+00:00,working in retail Australia,youtube_comment
UgyBtw3-8dBMXxeJsQB4AaABAg,sales_assistants,2022,2022-04,"I frequently want to crash tackle customers over the counter after they do/say some dumb shit

is that normal?",19,True,False,1,0,Working Retail in Australia,Liam Dowling,jjJ35R55fTs,@DThirteen,2022-04-13 14:27:38+00:00,working in retail Australia,youtube_comment
UgzUCdyy6tKWFqJd9Vh4AaABAg,sales_assistants,2022,2022-04,Liam Dowling + Fairbairn Films = Masterpiece,7,True,False,0,0,Working Retail in Australia,Liam Dowling,jjJ35R55fTs,@CozzySoT,2022-04-13 14:25:20+00:00,working in retail Australia,youtube_comment
UgwBYrYZbePw7Tb9tBN4AaABAg,sales_assistants,2022,2022-04,"Been working in retail for 6 years since I was 16, made lots of friends. Lots of people have also blown me away with their stupidity. This video from the customers side happens at least twice a week for all the scenarios",42,True,True,27,1,Working Retail in Australia,Liam Dowling,jjJ35R55fTs,@DCR_RANG,2022-04-13 14:15:28+00:00,working in retail Australia,youtube_comment
Ugw4te51nkskWqyhqrZ4AaABAg,sales_assistants,2022,2022-04,"Bruh. I worked at jaycar for 3 years. This has given me PTSD lol. Im having flashbacks as literally most of this happened to me, except some were more violent and stupid.
Tech and retail do not mix. Especially in Darwin.
Some people coming in, asking for a product that isnt in stock. But still asking us to check the backroom, then call up the other branches, then call the warehouse. Then they get pissed off at me and start shouting when i literally made like 10 phone calls to get their 30 year old answering machine that was sold in the 90s.

Or some people try to show me up thinking they are smarter, when they are dumb as nails and still try to act like they are right. 
""Aw. I heard you can push the switch above 15 Amps no probs. My mum is on life support and needed to fix the machine""
Me: ""Uh No. That switch is rated for 5 Amps, it has a fuse that blows at 10 Amps. And we cannot sell you that as its a dangerous risk""
""Aw cmon man. Just give it to me, i now my stuff. You are just a kid. Switches are just Switches, they are all the same""
Me: *dies a little* ""No, also do you even know how to fix the machine, what is the 'machine'?""
""Uh it goes Beeep Beep every few seconds, i dunno the name. Look just gimme the f**king switch or i start getting angry""
Me: ""Im not selling it, this is a DC 12V switch meant for cars, yet you are trying to use it in a heart monitor as a 240VAC on switch. No""
""f***K you idiot.""
Me: *stands back as manager steps in and huge argument ensures. Customer leaves shortly afterwards and makes several complaints to head office*",309,True,True,23,4,Working Retail in Australia,Liam Dowling,jjJ35R55fTs,@grey1185,2022-04-13 14:07:34+00:00,working in retail Australia,youtube_comment
UgztdpXejgJLObaDCYV4AaABAg,sales_assistants,2022,2022-04,Second time asking for Dowling to be back in my name after it got stolen,15,True,False,0,0,Working Retail in Australia,Liam Dowling,jjJ35R55fTs,@zipasaurus,2022-04-13 13:51:06+00:00,working in retail Australia,youtube_comment
Ugx3l-ajvFj4zus5ej94AaABAg,sales_assistants,2022,2022-04,that’s why u work at bunnings 😮‍💨😮‍💨,7,True,False,0,1,Working Retail in Australia,Liam Dowling,jjJ35R55fTs,@maxkozinets9270,2022-04-13 13:50:38+00:00,working in retail Australia,youtube_comment
UgwUjNXxRD3PnQlQ3YJ4AaABAg,sales_assistants,2022,2022-04,"First video of yours I’ve seen. Not bad, keep at it mate!",12,True,False,0,0,Working Retail in Australia,Liam Dowling,jjJ35R55fTs,@buddycider3670,2022-04-13 13:13:34+00:00,working in retail Australia,youtube_comment
Ugxc9aHbDPhbIbogBTF4AaABAg,sales_assistants,2022,2022-04,"Fuck you reckon retail workers have it shit, try working in hospo",12,True,True,0,0,Working Retail in Australia,Liam Dowling,jjJ35R55fTs,@johnny8447,2022-04-13 13:09:05+00:00,working in retail Australia,youtube_comment
UgwvRWSLDJmDQBSsZWt4AaABAg,sales_assistants,2022,2022-04,"The guy ranting about his life was way too true, I was actually struggling to watch it because it’s so accurate and it’s my biggest pet peeve",27,True,False,47,0,Working Retail in Australia,Liam Dowling,jjJ35R55fTs,@joshlakin2844,2022-04-13 12:54:41+00:00,working in retail Australia,youtube_comment
Ugwnsp55YS3SFk6pdPV4AaABAg,sales_assistants,2022,2022-04,That’s all I hear from my work hey mate where can I find this item hey mate this items off hey mate your doing a rocking job hey mate I’m gonna be late hurry up hey mate hey mate hey mate what a true Aussies we are lol,48,True,False,0,0,Working Retail in Australia,Liam Dowling,jjJ35R55fTs,@DarthJoku66,2022-04-13 12:29:14+00:00,working in retail Australia,youtube_comment
Ugw1mLNNcWtYDNTahmN4AaABAg,sales_assistants,2022,2022-04,"stop hearting all comments, it's like a participation award at this point",12,True,False,0,1,Working Retail in Australia,Liam Dowling,jjJ35R55fTs,@henry2307,2022-04-13 12:26:13+00:00,working in retail Australia,youtube_comment
UgwBjeJcNhulgg4A3rl4AaABAg,sales_assistants,2022,2022-04,New video let's go Dowlo,5,True,False,0,0,Working Retail in Australia,Liam Dowling,jjJ35R55fTs,@Cunaverse,2022-04-13 12:18:20+00:00,working in retail Australia,youtube_comment
Ugy3Sb64kD_TPktvwYV4AaABAg,sales_assistants,2022,2022-04,I had a guy come into Repco named magic Mike (he showed me his credit card) and he said he was Billy Joel’s keyboard player.,25,True,False,0,0,Working Retail in Australia,Liam Dowling,jjJ35R55fTs,@darcycutler3031,2022-04-13 12:10:05+00:00,working in retail Australia,youtube_comment
Ugzh5gXCuaD4xI-aw-14AaABAg,sales_assistants,2022,2022-04,"Haha you haven't even lived kiddo, try working in a auto parts store lol",14,True,False,1,0,Working Retail in Australia,Liam Dowling,jjJ35R55fTs,@davidgarratt9632,2022-04-13 11:55:11+00:00,working in retail Australia,youtube_comment
UgwVKydXw4tQiEdBnmt4AaABAg,sales_assistants,2022,2022-04,Bro you're actual Gillon McLachlan look a-like 100%,8,True,False,0,0,Working Retail in Australia,Liam Dowling,jjJ35R55fTs,@nabz099,2022-04-13 11:52:51+00:00,working in retail Australia,youtube_comment
UgwOkzTMpFwpHzipEUh4AaABAg,sales_assistants,2022,2022-04,Work in retail in Aus. Pretty much none of this video is an exaggeration.,14,True,True,1,0,Working Retail in Australia,Liam Dowling,jjJ35R55fTs,@Hoboslayer1988,2022-04-13 11:51:45+00:00,working in retail Australia,youtube_comment
UgyBj7JOFB0lRz4tnMN4AaABAg,sales_assistants,2022,2022-04,As a retail worker who has worked in Retail for 2 years this is accurate. The amount of dumb witted people that come in my store is amazing 😂,29,True,True,87,2,Working Retail in Australia,Liam Dowling,jjJ35R55fTs,@charlietheb897,2022-04-13 11:50:56+00:00,working in retail Australia,youtube_comment
Ugww5fKVhRc7wMoeZid4AaABAg,sales_assistants,2026,2026-01,"Kitchens are a bunch of wolves.

Can i shadow for experience? The look and feeling im getting is an experience im not going to enjoy. Its giving me my former worker vibes...bullying, violent behavior, and lots more.. 
I want to start retail again after working at a mom and pop luxury store with huge brands in 2006. I want to add this to my resume to get back into it, watch how people move , talk, stand, so i can be ready for the future. 
What's your advice?",88,False,True,0,2,WORKING LUXURY RETAIL (LOUIS VUITTON) : FIVE TIPS TO FOLLOW : Do these things to get noticed!,Dial M Style,VjAPZjDmmcw,@Ritzy87,2026-01-03 04:50:26+00:00,working in retail Australia,youtube_comment
Ugy4L5vAo2itlbxWROp4AaABAg,sales_assistants,2025,2025-10,What about the corporate roles,5,False,False,0,0,WORKING LUXURY RETAIL (LOUIS VUITTON) : FIVE TIPS TO FOLLOW : Do these things to get noticed!,Dial M Style,VjAPZjDmmcw,@Toriascloset,2025-10-29 22:36:40+00:00,working in retail Australia,youtube_comment
UgyA2PKgl0l-374wkSl4AaABAg,sales_assistants,2025,2025-07,i have an interview with chloe and i'm nervous...excited but nervous,11,False,False,0,0,WORKING LUXURY RETAIL (LOUIS VUITTON) : FIVE TIPS TO FOLLOW : Do these things to get noticed!,Dial M Style,VjAPZjDmmcw,@i123456987654,2025-07-09 10:45:18+00:00,working in retail Australia,youtube_comment
Ugyf30irDWoTI-4_BqF4AaABAg,sales_assistants,2025,2025-04,Luxury Brand companies that are lying to consumers by overpricing what the items are worth as revealed by the Chinese merchants recently.,22,False,False,0,0,WORKING LUXURY RETAIL (LOUIS VUITTON) : FIVE TIPS TO FOLLOW : Do these things to get noticed!,Dial M Style,VjAPZjDmmcw,@karenbanogon3244,2025-04-22 14:15:20+00:00,working in retail Australia,youtube_comment
UgxJIeTpb6sSU6j8b3R4AaABAg,sales_assistants,2022,2022-08,"Hi, Michelle:
I'm soo glad that I came across your YouTube channel. Thank you so much for this very insightful video on working at LV! I thought that I wanted to work for LV, but after watching your video, I'm having second thoughts about doing so....I'm looking forward to watching your other videos on working for LV soon. Thanks again and enjoy the rest of your summer.",67,False,False,1,1,WORKING LUXURY RETAIL (LOUIS VUITTON) : FIVE TIPS TO FOLLOW : Do these things to get noticed!,Dial M Style,VjAPZjDmmcw,@celiatulloch6705,2022-08-04 23:32:27+00:00,working in retail Australia,youtube_comment
UgyuvFO6YpTNUmXsUWd4AaABAg,sales_assistants,2022,2022-03,"Hi Michelle, thank you for such a helpful information. Just a general question, are you currently working or have you ever worked for Qatar Airways?",25,False,False,0,1,WORKING LUXURY RETAIL (LOUIS VUITTON) : FIVE TIPS TO FOLLOW : Do these things to get noticed!,Dial M Style,VjAPZjDmmcw,@sithandweyinkosimahlangu9756,2022-03-22 02:12:37+00:00,working in retail Australia,youtube_comment
UgxqI1oL1kv6bie7XXN4AaABAg,sales_assistants,2022,2022-01,I have an interview for Louis Vuitton tomorrow and i’m so nervous and yet so excited!!! ahhhhh,17,False,False,10,2,WORKING LUXURY RETAIL (LOUIS VUITTON) : FIVE TIPS TO FOLLOW : Do these things to get noticed!,Dial M Style,VjAPZjDmmcw,@yasoklu1002,2022-01-15 17:22:26+00:00,working in retail Australia,youtube_comment
Ugxhu6KyivWGn2uyesV4AaABAg,sales_assistants,2021,2021-10,"You look gorgeous. Thanks for doing the comparison. Could you share more info about replica bags? Got mine @ mzybay.com , We’ll see how that goes. Stay safe babe",29,False,False,0,0,WORKING LUXURY RETAIL (LOUIS VUITTON) : FIVE TIPS TO FOLLOW : Do these things to get noticed!,Dial M Style,VjAPZjDmmcw,@brittanysmith5618,2021-10-02 10:03:38+00:00,working in retail Australia,youtube_comment
Ugy661k44UePpqSmeId4AaABAg,sales_assistants,2021,2021-07,Great video and I love the transparency. Many people only highlight the highs and don't always give a realistic view of what it's like to work for these companies. Your interview provided some new insight for me to consider,39,False,False,0,1,WORKING LUXURY RETAIL (LOUIS VUITTON) : FIVE TIPS TO FOLLOW : Do these things to get noticed!,Dial M Style,VjAPZjDmmcw,@theetiara,2021-07-27 15:06:33+00:00,working in retail Australia,youtube_comment
Ugzd3wmH2S2KJT0v1N14AaABAg,sales_assistants,2021,2021-07,thank you for sharing very useful and sound tips Michelle. New subbie! can you share your experience with Tiffany? I heard you mention that brand? Looking beautiful always.,28,False,False,1,2,WORKING LUXURY RETAIL (LOUIS VUITTON) : FIVE TIPS TO FOLLOW : Do these things to get noticed!,Dial M Style,VjAPZjDmmcw,@julezdmf,2021-07-13 00:20:21+00:00,working in retail Australia,youtube_comment
UgzXO1pRYjTydD48VhZ4AaABAg,sales_assistants,2021,2021-06,"Hi Michelle, Thank you for the excellent advice. Your video is so helpful. I am going to recommend my granddaughter watch. She’s a teenager about to look for her first job. You are so right, the interview begins as soon as they see you. Great video! Thank you for sharing your hard earned knowledge and experience. ❤️",57,False,False,1,1,WORKING LUXURY RETAIL (LOUIS VUITTON) : FIVE TIPS TO FOLLOW : Do these things to get noticed!,Dial M Style,VjAPZjDmmcw,@BagHound,2021-06-10 01:00:28+00:00,working in retail Australia,youtube_comment
Ugy21wPeRJ_M3RxAxrB4AaABAg,sales_assistants,2021,2021-06,I love your videos. 🤗😊,5,False,False,0,1,WORKING LUXURY RETAIL (LOUIS VUITTON) : FIVE TIPS TO FOLLOW : Do these things to get noticed!,Dial M Style,VjAPZjDmmcw,@ReyWatkinsJournal,2021-06-06 04:04:26+00:00,working in retail Australia,youtube_comment
UgydelM01aFpCq1himR4AaABAg,sales_assistants,2021,2021-05,This is so informative! It never hurt to dress nicely and professionaly. Thank you for your insight! 😍😍,18,False,False,0,1,WORKING LUXURY RETAIL (LOUIS VUITTON) : FIVE TIPS TO FOLLOW : Do these things to get noticed!,Dial M Style,VjAPZjDmmcw,@ReneeSLiu,2021-05-24 20:10:47+00:00,working in retail Australia,youtube_comment
Ugx621zYvoVWhpZX7hh4AaABAg,sales_assistants,2021,2021-05,"Great video! I was wondering if you have the SW lowland boots? If you do, would you be able to make a video about them? Thanks!",26,False,False,0,1,WORKING LUXURY RETAIL (LOUIS VUITTON) : FIVE TIPS TO FOLLOW : Do these things to get noticed!,Dial M Style,VjAPZjDmmcw,@nancyswint7823,2021-05-23 23:51:28+00:00,working in retail Australia,youtube_comment
UgzWEzjAZuqz5c5zo3B4AaABAg,sales_assistants,2021,2021-05,Thank you for opening our eyes !,7,False,False,2,0,WORKING LUXURY RETAIL (LOUIS VUITTON) : FIVE TIPS TO FOLLOW : Do these things to get noticed!,Dial M Style,VjAPZjDmmcw,@fascinationmama,2021-05-20 19:59:38+00:00,working in retail Australia,youtube_comment
Ugwm-8ED869RQusrG4N4AaABAg,sales_assistants,2021,2021-05,"Thank you for these tips, I appreciate you sharing. it’s very generous to share knowledge on how to gain employment opportunities, and how to be professional applies to all kinds of careers. Sometimes we laugh off formalities as “outdated” but they do serve a purpose and we can’t have such an ego that we think we are “above” complying.",59,False,False,14,1,WORKING LUXURY RETAIL (LOUIS VUITTON) : FIVE TIPS TO FOLLOW : Do these things to get noticed!,Dial M Style,VjAPZjDmmcw,@hankypanda,2021-05-19 06:35:44+00:00,working in retail Australia,youtube_comment
UgxRh6CbypPzxRkAZL54AaABAg,sales_assistants,2021,2021-05,great video. You are awesome to share all this,9,False,False,1,1,WORKING LUXURY RETAIL (LOUIS VUITTON) : FIVE TIPS TO FOLLOW : Do these things to get noticed!,Dial M Style,VjAPZjDmmcw,@YosheaLux,2021-05-19 01:09:12+00:00,working in retail Australia,youtube_comment
UgzUpBmvj-l_fP-R9bl4AaABAg,sales_assistants,2021,2021-05,"Great video! Can you explain the difference between a regular Client Advisor and an Expert Client Advisor? I’ve noticed in some cases, some are now Private Client Advisor as well.",30,False,False,1,3,WORKING LUXURY RETAIL (LOUIS VUITTON) : FIVE TIPS TO FOLLOW : Do these things to get noticed!,Dial M Style,VjAPZjDmmcw,@alexandergil939,2021-05-18 23:59:24+00:00,working in retail Australia,youtube_comment
Ugw_J96380u2f6ewQeV4AaABAg,sales_assistants,2021,2021-05,Great video! Very informative and universal tips for any job interview! you look gorgeous as usual!,16,False,False,1,1,WORKING LUXURY RETAIL (LOUIS VUITTON) : FIVE TIPS TO FOLLOW : Do these things to get noticed!,Dial M Style,VjAPZjDmmcw,@cochinamocos,2021-05-18 07:05:23+00:00,working in retail Australia,youtube_comment
UgwETkhX8Nxp-e93l394AaABAg,sales_assistants,2021,2021-05,Thank you for your honesty and helpful tips! I have always been curious about how to land a job in luxury retail. I have always been a paper resume type of applicant. Hope you are having a good week!,39,False,True,1,1,WORKING LUXURY RETAIL (LOUIS VUITTON) : FIVE TIPS TO FOLLOW : Do these things to get noticed!,Dial M Style,VjAPZjDmmcw,@Lifeisbeautiful-ri2tb,2021-05-18 02:40:27+00:00,working in retail Australia,youtube_comment
UgzCR2PxZEOr2kYgTZh4AaABAg,sales_assistants,2021,2021-05,Great video!!! Love your videos 🥳,6,False,False,1,1,WORKING LUXURY RETAIL (LOUIS VUITTON) : FIVE TIPS TO FOLLOW : Do these things to get noticed!,Dial M Style,VjAPZjDmmcw,@timpark8000,2021-05-18 01:53:51+00:00,working in retail Australia,youtube_comment
Ugw3dnsi0ZgMBKGoBul4AaABAg,sales_assistants,2021,2021-05,Thank you for sharing! I want video about all positive moments that you noticed while working in LV♡,18,False,False,0,2,WORKING LUXURY RETAIL (LOUIS VUITTON) : FIVE TIPS TO FOLLOW : Do these things to get noticed!,Dial M Style,VjAPZjDmmcw,@yummylife8984,2021-05-17 23:52:40+00:00,working in retail Australia,youtube_comment
UgxziTUA9i7HfWajYfR4AaABAg,sales_assistants,2021,2021-05,"Great tips, Michelle! I fully agree on dressing well and professionally esp. for a job in luxury fashion. One has to look the part as you will be representing the brand. x",32,False,False,5,1,WORKING LUXURY RETAIL (LOUIS VUITTON) : FIVE TIPS TO FOLLOW : Do these things to get noticed!,Dial M Style,VjAPZjDmmcw,@PatriciaKLM,2021-05-17 20:10:08+00:00,working in retail Australia,youtube_comment
Ugxft4ckgzwyPBethWZ4AaABAg,sales_assistants,2021,2021-05,"Another informative video. Great tips. Beautiful necklace, btw. Thanks for sharing.",11,False,False,0,1,WORKING LUXURY RETAIL (LOUIS VUITTON) : FIVE TIPS TO FOLLOW : Do these things to get noticed!,Dial M Style,VjAPZjDmmcw,@simplysilent2980,2021-05-17 19:51:35+00:00,working in retail Australia,youtube_comment
Ugx16WhQYGxTvSHp4Vp4AaABAg,sales_assistants,2021,2021-05,Allways love your insights 💕 thank you for sharing (eventhough your previous videos kind of would prevent me from wanting to work for LV 😅🙈),25,False,False,0,3,WORKING LUXURY RETAIL (LOUIS VUITTON) : FIVE TIPS TO FOLLOW : Do these things to get noticed!,Dial M Style,VjAPZjDmmcw,@LuMiLevelUp,2021-05-17 19:26:25+00:00,working in retail Australia,youtube_comment
UgztdTwutNMmdbwV9bB4AaABAg,sales_assistants,2021,2021-05,"Thank you for sharing these tips Michelle! I always appreciate and value your perspective! Xox and Cheers, Lorna 🥰",19,False,False,1,1,WORKING LUXURY RETAIL (LOUIS VUITTON) : FIVE TIPS TO FOLLOW : Do these things to get noticed!,Dial M Style,VjAPZjDmmcw,@lhill9092,2021-05-17 18:49:22+00:00,working in retail Australia,youtube_comment
Ugzzpg187GmCQgcvRmZ4AaABAg,sales_assistants,2026,2026-04,Ok but can you stop moving like this? And that creepy smile?,12,True,False,1,0,One year journey of parttime jobs in Australia 🇦🇺,Isha Tayal,GSSssWMWZxI,@AfiaHossain-cd7qq,2026-04-19 09:09:12+00:00,retail jobs Victoria,youtube_comment
UgwDjSoqP40mGbYVfjx4AaABAg,sales_assistants,2026,2026-04,Could you help me on telling how you r journey of going to aus and studying i want to know could you help me in that,26,True,False,0,0,One year journey of parttime jobs in Australia 🇦🇺,Isha Tayal,GSSssWMWZxI,@samuelharshith824,2026-04-19 02:07:04+00:00,retail jobs Victoria,youtube_comment
UgwQ7YLlh7ivqTv5-ip4AaABAg,sales_assistants,2026,2026-02,If you do not tell us how you managed to get those jobs there is no value in showing off your achievements to us 💯,25,True,False,2,4,One year journey of parttime jobs in Australia 🇦🇺,Isha Tayal,GSSssWMWZxI,@_aidid,2026-02-25 01:37:43+00:00,retail jobs Victoria,youtube_comment
UgwKwivprlxwUBQfBWh4AaABAg,sales_assistants,2026,2026-02,Can u please tell me where did you do ur aged care certificate from any site or college please provide name ..,22,True,False,0,0,One year journey of parttime jobs in Australia 🇦🇺,Isha Tayal,GSSssWMWZxI,@abhishek_nayak3842,2026-02-05 15:23:06+00:00,retail jobs Victoria,youtube_comment
UgwN9jO4P_pWYOQLgJx4AaABAg,sales_assistants,2026,2026-02,How much can I earn per hour in australia,9,True,False,0,0,One year journey of parttime jobs in Australia 🇦🇺,Isha Tayal,GSSssWMWZxI,@thowfiq33,2026-02-02 07:28:02+00:00,retail jobs Victoria,youtube_comment
UgxHi-ltdz0RJVcUjvR4AaABAg,sales_assistants,2026,2026-01,Can I ask how you created the CV for your part time job? ❤,14,True,False,2,0,One year journey of parttime jobs in Australia 🇦🇺,Isha Tayal,GSSssWMWZxI,@annjyothis1923,2026-01-29 17:51:53+00:00,retail jobs Victoria,youtube_comment
UgxNgPMXeNudYnMw8Rp4AaABAg,sales_assistants,2026,2026-01,How to apply for job in McDonald's,7,True,False,3,1,One year journey of parttime jobs in Australia 🇦🇺,Isha Tayal,GSSssWMWZxI,@jagajivaghela589,2026-01-25 12:10:57+00:00,retail jobs Victoria,youtube_comment
Ugx_hpC_nkJpp2G5ZK94AaABAg,sales_assistants,2026,2026-01,"Hey,
Do Indian students in Australia get attacked or face racism by Australians?

Is it safe for women’s to study there?

Are the people in Australia friendly or they hate Indians? Or like negative?",34,True,False,1,3,One year journey of parttime jobs in Australia 🇦🇺,Isha Tayal,GSSssWMWZxI,@ShreyaYadav-f3k4m,2026-01-09 12:33:19+00:00,retail jobs Victoria,youtube_comment
Ugw5efq8TbTu3k3qnR54AaABAg,sales_assistants,2025,2025-12,"Jack of all trades, but master in none..!",8,True,False,3,1,One year journey of parttime jobs in Australia 🇦🇺,Isha Tayal,GSSssWMWZxI,@prabu.m777,2025-12-01 14:39:19+00:00,retail jobs Victoria,youtube_comment
UgyVOXCnl_vhiEDv5ad4AaABAg,sales_assistants,2025,2025-10,"Hey, I've got a few sets of questions,
1. Is it possible to get certificate 3 age care/child care course through online, before going to Australia? 
2. How long would these course take and how much fee and few legit course handlers websites please. 
3. How did you get your first job?
4. Do indian refferal work in australia?",59,True,False,0,1,One year journey of parttime jobs in Australia 🇦🇺,Isha Tayal,GSSssWMWZxI,@Rakshahegde._,2025-10-22 06:54:20+00:00,retail jobs Victoria,youtube_comment
UgwExkhtHzW19Inw97R4AaABAg,sales_assistants,2025,2025-10,Hey how long have you been in Australia ?,9,True,False,0,1,One year journey of parttime jobs in Australia 🇦🇺,Isha Tayal,GSSssWMWZxI,@beastgamer9601,2025-10-14 05:26:27+00:00,retail jobs Victoria,youtube_comment
UgwhD-9jhp_ZrgkZERV4AaABAg,sales_assistants,2025,2025-10,Whats arcare ? Do student need some sort of certification to qualify,12,True,False,1,3,One year journey of parttime jobs in Australia 🇦🇺,Isha Tayal,GSSssWMWZxI,@mohammadsibtainkadri2887,2025-10-07 18:06:11+00:00,retail jobs Victoria,youtube_comment
UgwcmdM0JOJd6v56G1J4AaABAg,sales_assistants,2025,2025-10,Apart from studies You India students does everything thats why we kick in your ash🫢,15,True,False,1,1,One year journey of parttime jobs in Australia 🇦🇺,Isha Tayal,GSSssWMWZxI,@IooZffd,2025-10-07 07:53:13+00:00,retail jobs Victoria,youtube_comment
UgyaY-dk6nE0pWja5MR4AaABAg,sales_assistants,2025,2025-10,What exam u gave to go their and what r u studying currently ?,14,True,False,0,3,One year journey of parttime jobs in Australia 🇦🇺,Isha Tayal,GSSssWMWZxI,@cherishmavinnakota6682,2025-10-05 14:59:54+00:00,retail jobs Victoria,youtube_comment
UgwPxXhRrbKDROgdBxV4AaABAg,sales_assistants,2025,2025-09,Where are you now ? How are you ?,9,True,False,0,3,One year journey of parttime jobs in Australia 🇦🇺,Isha Tayal,GSSssWMWZxI,@tacts_1122-w3o,2025-09-28 08:39:36+00:00,retail jobs Victoria,youtube_comment
UgxGE9934pS7OCvBuNl4AaABAg,sales_assistants,2025,2025-09,Bahar jaake waiter bangyi 😂,5,True,False,2,1,One year journey of parttime jobs in Australia 🇦🇺,Isha Tayal,GSSssWMWZxI,@sadedits6967,2025-09-16 20:09:27+00:00,retail jobs Victoria,youtube_comment
Ugw4ALRbfmAWQH96Vmp4AaABAg,sales_assistants,2025,2025-09,Can you please give some reference?,6,True,False,0,2,One year journey of parttime jobs in Australia 🇦🇺,Isha Tayal,GSSssWMWZxI,@RAJDIPBarui,2025-09-15 18:51:03+00:00,retail jobs Victoria,youtube_comment
UgxU0rk1ihLkOWHaQpB4AaABAg,sales_assistants,2025,2025-08,"Hello hi, 👋 small doubt how to get in to the age care industry for part time , it would be really helpful for me , please 🙏",28,True,False,0,3,One year journey of parttime jobs in Australia 🇦🇺,Isha Tayal,GSSssWMWZxI,@SuryaKannansumathi,2025-08-20 04:14:52+00:00,retail jobs Victoria,youtube_comment
UgzF2FfWtVEqi3Po5jN4AaABAg,sales_assistants,2025,2025-08,"Hello, can you please share your experience how did you apply for these roles. By dropping your cv physically or online. Thanks",22,True,False,1,1,One year journey of parttime jobs in Australia 🇦🇺,Isha Tayal,GSSssWMWZxI,@RizViee,2025-08-11 23:39:13+00:00,retail jobs Victoria,youtube_comment
UgylYx1OHLphKMuE8dl4AaABAg,sales_assistants,2025,2025-07,hii this is fascinating but which part time job offer much money,12,True,False,0,2,One year journey of parttime jobs in Australia 🇦🇺,Isha Tayal,GSSssWMWZxI,@RuqayyahDau,2025-07-16 21:05:14+00:00,retail jobs Victoria,youtube_comment
Ugyyv23SdWzNiZ5qPKB4AaABAg,sales_assistants,2025,2025-05,"I'm also trying to go to Australia, can you tell me how you got these jobs??.",16,True,False,5,4,One year journey of parttime jobs in Australia 🇦🇺,Isha Tayal,GSSssWMWZxI,@annjyothis1923,2025-05-18 05:39:15+00:00,retail jobs Victoria,youtube_comment
UgwHGI80brATmMsX3zV4AaABAg,sales_assistants,2025,2025-05,Lovely sister! A creative way to save your achievement during the past year. Congratulations on your one year partime job journey with different challenge! It’s great to be in different uniforms ❤🎉,32,True,False,21,2,One year journey of parttime jobs in Australia 🇦🇺,Isha Tayal,GSSssWMWZxI,@TommyFamily_CuocSongUc,2025-05-16 21:25:47+00:00,retail jobs Victoria,youtube_comment
UgwEI4K87HstHvI73yB4AaABAg,sales_assistants,2025,2025-05,How much we can save little by doing part-time jobs?,10,True,False,5,2,One year journey of parttime jobs in Australia 🇦🇺,Isha Tayal,GSSssWMWZxI,@Ravix_42,2025-05-06 05:22:15+00:00,retail jobs Victoria,youtube_comment
UgzIrkGtp873f6p16Th4AaABAg,sales_assistants,2023,2023-02,"Increase your sales so you can consistently pay yourself and your staff, with the 4 steps of the Sales Breakthrough System ⇒
https://www.retailmavens.com/paycheck",23,False,True,11,0,How to Greet Customers in Retail - Never Say This!,RETAILMavens,U8vwLb9Z_LA,@retailmavens,2023-02-03 17:10:10+00:00,retail customer service Australia,youtube_comment
UgyyoQ0c4AvfKef_-WZ4AaABAg,sales_assistants,2024,2024-02,"At an Old Navy store a few years ago, a clerk went overboard with that forced small talk nonsense. He wouldn’t accept “just looking “ for an answer and proceeded to follow me around the store. I had a few sweaters in my hands but it got so creepy I had to drop them and walk out. Never going back.",60,False,False,0,0,How to Greet Customers in Retail - Never Say This!,RETAILMavens,U8vwLb9Z_LA,@annamelanie5151,2024-02-01 02:58:34+00:00,retail customer service Australia,youtube_comment
UgwexcQ_H_LeGueRp8l4AaABAg,sales_assistants,2024,2024-01,"Sales people are there to mainstream your needs, purchases to show you possibilities for what you said you wanted. We are really not interested in your personal life, but just being polite. Never say ""can I help you?"" as they may just say no, so that's why the sales person comes over and just talks pleasantries. Also, we come over to make sure you don't steal anything. I would give customers discounts if they hemmed & hawed and offer gift wrapping for free.",83,False,False,0,0,How to Greet Customers in Retail - Never Say This!,RETAILMavens,U8vwLb9Z_LA,@bookmouse2719,2024-01-31 11:24:46+00:00,retail customer service Australia,youtube_comment
Ugxx2TDW5xh9feQouid4AaABAg,sales_assistants,2024,2024-01,Scripted people do not LISTEN when the customer asks the retail sales assistant a question...respond accordingly,16,False,True,0,0,How to Greet Customers in Retail - Never Say This!,RETAILMavens,U8vwLb9Z_LA,@sueshow401,2024-01-31 07:36:21+00:00,retail customer service Australia,youtube_comment
Ugx0GMmPAKCuXe_VTmZ4AaABAg,sales_assistants,2024,2024-01,"Absolutely hate store greeters, as I come in the door I am mentally going through my shopping list__ then comes the mental wrecking ball! 
Your not my friend, I don't want you digging into my weekend past or future, If I want help I appreciate you answering my questions, but wait till I ask.",54,False,False,0,0,How to Greet Customers in Retail - Never Say This!,RETAILMavens,U8vwLb9Z_LA,@krisp4889,2024-01-31 05:15:49+00:00,retail customer service Australia,youtube_comment
Ugxc9q26Ik2H7mkQMeZ4AaABAg,sales_assistants,2024,2024-01,"I sell cars for a living, some of these tips translate.",11,False,False,1,0,How to Greet Customers in Retail - Never Say This!,RETAILMavens,U8vwLb9Z_LA,@Therealbighustle,2024-01-30 17:42:56+00:00,retail customer service Australia,youtube_comment
UgxxvPSKZn9V117e1TF4AaABAg,sales_assistants,2024,2024-01,I hate hearing make sure you subscribe..etc. at the beginning of a video. Very rude and the answer is NO.,20,False,False,0,0,How to Greet Customers in Retail - Never Say This!,RETAILMavens,U8vwLb9Z_LA,@boromono,2024-01-30 17:40:58+00:00,retail customer service Australia,youtube_comment
Ugy1sO8-nVJAOfceP5t4AaABAg,sales_assistants,2024,2024-01,Her example of an open ended question was not an open ended question,13,False,False,0,0,How to Greet Customers in Retail - Never Say This!,RETAILMavens,U8vwLb9Z_LA,@briangunn21,2024-01-30 11:22:40+00:00,retail customer service Australia,youtube_comment
Ugy_q-4H-GkGnBHUcU14AaABAg,sales_assistants,2024,2024-01,"I've been in retail for 30+ years. I had a customer tell me he was offended because I told him how much his screens would be to get repaired then he asked if I was telling him because I thought he couldn't afford it. I was so shocked he said that, that I forgot to laugh LOL. He went on a rant that I don't even remember then I thanked him very nicely for his ""lesson"".. 
BTW.. He paid over $600 for the screens to get resereened and getting them made new would have been cheaper but he didn't want to save money I guess.",105,False,True,0,0,How to Greet Customers in Retail - Never Say This!,RETAILMavens,U8vwLb9Z_LA,@Kristinapedia,2024-01-30 05:27:53+00:00,retail customer service Australia,youtube_comment
Ugw_mXeDr-5XxKeEzNt4AaABAg,sales_assistants,2024,2024-01,Not good for me either....,5,False,False,0,0,How to Greet Customers in Retail - Never Say This!,RETAILMavens,U8vwLb9Z_LA,@judithbell3347,2024-01-29 14:15:22+00:00,retail customer service Australia,youtube_comment
UgzETPvVFX4fZXLVTr54AaABAg,sales_assistants,2024,2024-01,"I do not want a conversation in the store or domeone lingering around me straightening stuff. All i want is, ""let me know if you need some help"". If i get badgered i will leave the store.",37,False,False,0,0,How to Greet Customers in Retail - Never Say This!,RETAILMavens,U8vwLb9Z_LA,@snowwhite2709,2024-01-29 04:02:17+00:00,retail customer service Australia,youtube_comment
UgzMVPbkB1aHZDf6nZF4AaABAg,sales_assistants,2024,2024-01,"I hate walking into a store and hearing an unseen, uncaring voice sing out the generic phrase ""Welcome in!""",19,False,False,0,0,How to Greet Customers in Retail - Never Say This!,RETAILMavens,U8vwLb9Z_LA,@BrettBowlin-c9c,2024-01-29 03:56:50+00:00,retail customer service Australia,youtube_comment
UgyJRJ1xxrCtHHg3pFh4AaABAg,sales_assistants,2024,2024-01,There are retail businesses who don't need the sale and you cannot give them the money and you cannot leave soon enough for them; I could name a few.,29,False,True,0,0,How to Greet Customers in Retail - Never Say This!,RETAILMavens,U8vwLb9Z_LA,@SmooveBee1,2024-01-29 00:23:38+00:00,retail customer service Australia,youtube_comment
Ugw_mfrQtqD9f6LA4HV4AaABAg,sales_assistants,2024,2024-01,Open ended questions - You're creepy as fuck - just stay away & I'll contact you IF I need assistance.,20,False,False,0,0,How to Greet Customers in Retail - Never Say This!,RETAILMavens,U8vwLb9Z_LA,@davidwall7747,2024-01-28 23:31:38+00:00,retail customer service Australia,youtube_comment
Ugy9bo2iEKgARcCuUjh4AaABAg,sales_assistants,2024,2024-01,"I have to say, I am huge on customer service, I’ve worked all kinds of fields of it, the CSRs that follow and straighten shelves ALWAYS make me feel like they are watching for loss prevention and makes me want to immediately leave.",43,False,True,0,0,How to Greet Customers in Retail - Never Say This!,RETAILMavens,U8vwLb9Z_LA,@lissakaye610,2024-01-28 22:56:10+00:00,retail customer service Australia,youtube_comment
Ugxie2p8sKps_if-Er54AaABAg,sales_assistants,2024,2024-01,I dont like overly eager and intrusive sales people...i would walk out being approached by her. People know what they like or want & dont need 'help'...really over the top here.,31,False,False,0,0,How to Greet Customers in Retail - Never Say This!,RETAILMavens,U8vwLb9Z_LA,@geraldine7101,2024-01-28 21:48:04+00:00,retail customer service Australia,youtube_comment
Ugy1HXGbzsN4hGStr9F4AaABAg,sales_assistants,2024,2024-01,I am not looking for a relationship with a sales person. Just chill.,13,False,False,0,0,How to Greet Customers in Retail - Never Say This!,RETAILMavens,U8vwLb9Z_LA,@bettyc.parker-young1437,2024-01-28 21:36:49+00:00,retail customer service Australia,youtube_comment
Ugz7ngCzk1f5g2yn9ml4AaABAg,sales_assistants,2024,2024-01,"You should go have a talk with my youngest sister, seriously. 👍 She's been running a business quite happily and successfully but she seems to have gotten stuck, lately. The store shows no evolution in terms of products - zero attention to sustainability - and she's been getting really negative reviews about how she is treating customers lately, in one case even from a client who loved to shop there. Don't worry. I'll save her the embarrassment and won't ""out"" her. 😊",82,False,False,0,0,How to Greet Customers in Retail - Never Say This!,RETAILMavens,U8vwLb9Z_LA,@angelinasouren,2024-01-28 19:45:11+00:00,retail customer service Australia,youtube_comment
UgweLR5MinkzjmPdQ754AaABAg,sales_assistants,2024,2024-01,"You had me until you told me to ask an open ended question. No. Acknowledge them, smile and then leave them the fuck alone. Be available but then back off.",30,False,False,0,0,How to Greet Customers in Retail - Never Say This!,RETAILMavens,U8vwLb9Z_LA,@CrazyWormLady,2024-01-28 16:36:19+00:00,retail customer service Australia,youtube_comment
Ugyd9E2wTFKZynuRWjZ4AaABAg,sales_assistants,2024,2024-01,what brings you in today ? No thank you.,9,False,False,0,0,How to Greet Customers in Retail - Never Say This!,RETAILMavens,U8vwLb9Z_LA,@rescuedogs4195,2024-01-28 15:39:40+00:00,retail customer service Australia,youtube_comment
Ugy5cr0MIsH_dRO6YRF4AaABAg,sales_assistants,2024,2024-01,"Honestly, when someone tries to loudly greet me in a store, it makes me feel uncomfortable and less likely to buy anything. I feel like they think I'm a thief or something. 🤔",33,False,False,1,0,How to Greet Customers in Retail - Never Say This!,RETAILMavens,U8vwLb9Z_LA,@teoleno4019,2024-01-28 12:54:19+00:00,retail customer service Australia,youtube_comment
UgzVfBxbjMcELq3ydAx4AaABAg,sales_assistants,2024,2024-01,"Not applicable to German. We LOVE to be left alone. We do NOT WANT small talk when shopping.
""Let me know if you need assistance"" is a perfectly good sentence over here.",32,False,False,0,0,How to Greet Customers in Retail - Never Say This!,RETAILMavens,U8vwLb9Z_LA,@buschhuhn9197,2024-01-28 09:18:31+00:00,retail customer service Australia,youtube_comment
UgyCFaO5RmRsJjq4GVp4AaABAg,sales_assistants,2024,2024-01,"I dont go into a shop, store to have conversations with the owner!!!😮 Just greet friendly and thats all ...until i ask",22,False,False,0,0,How to Greet Customers in Retail - Never Say This!,RETAILMavens,U8vwLb9Z_LA,@mariannaoosthuizen9639,2024-01-28 06:51:03+00:00,retail customer service Australia,youtube_comment
UgzKnSYywsPUwFJZPdp4AaABAg,sales_assistants,2024,2024-01,Just make me feel welcome and leave me to browse,10,False,False,0,0,How to Greet Customers in Retail - Never Say This!,RETAILMavens,U8vwLb9Z_LA,@mariannaoosthuizen9639,2024-01-28 06:49:05+00:00,retail customer service Australia,youtube_comment
UgzI19iwxdPjV125Vwd4AaABAg,sales_assistants,2024,2024-01,What if a salesperson starts by saying “You like tired.” I find this so upsetting!!,15,False,False,0,0,How to Greet Customers in Retail - Never Say This!,RETAILMavens,U8vwLb9Z_LA,@true2theoryapriori497,2024-01-28 00:41:46+00:00,retail customer service Australia,youtube_comment
UgyfB67uiqJxjXL6KPN4AaABAg,sales_assistants,2024,2024-01,"Do NOT CALL ME “MY DEAR” or “SWEETIE” 
I am a retired professional woman. (76) and very alert.
There are millions of women like me..retired doctors, police officers, nurses, school teachers, etc…
This demoralizing behavior by store clerks and waitresses is a power trip because they seem to need to elevate their position. 
I leave the store and leave them confused…",61,False,False,0,0,How to Greet Customers in Retail - Never Say This!,RETAILMavens,U8vwLb9Z_LA,@gracepursey2166,2024-01-27 20:37:27+00:00,retail customer service Australia,youtube_comment
UgxezsI56fSNE4Ny_HR4AaABAg,sales_assistants,2024,2024-01,"I am the worst retail customer because i have a slight nuerodivegence as well as childhood shame about growing up poor and so it takes me a little bit of extra time tp maje decisions and sometimes i jist need to sit and stare or study something to decide abd i know that employees always try to show you the most expensive item and then theres shame if you dont buy it or opt for something cheaper and so, i dont mind if they acknowledge me and in fact i appreciate it and a simple, let me know if you need help would suffice because i can also pickup on other peoples energy especially when they get close and start straightening stuff up, i can feel them directing their energy towards me and it makes me so unvcomfortable as if they dont trust me , so i usually just end up leaving and never return",155,False,True,0,0,How to Greet Customers in Retail - Never Say This!,RETAILMavens,U8vwLb9Z_LA,@alllifematters,2024-01-27 17:13:01+00:00,retail customer service Australia,youtube_comment
UgyDfwhogQuxis12pqN4AaABAg,sales_assistants,2024,2024-01,"My pet peeve comes at the end of the transaction. As a customer, it's amazing how many times I'm not thanked for patronizing their place of business. As a courtesy, I always say thank you and the vast majority of the time, I'm lucky if I even get a grunt from the person ringing me up.",56,False,False,0,0,How to Greet Customers in Retail - Never Say This!,RETAILMavens,U8vwLb9Z_LA,@childlessdoglady,2024-01-27 17:11:37+00:00,retail customer service Australia,youtube_comment
Ugxv8MltdCwutoxKFZ54AaABAg,sales_assistants,2024,2024-01,"In addition to bricks and mortar stores, YouTube creators would do well to eliminate: hey, what’s up YouTube, what’s goin on YouTubers, hey guys…, what’s up guys, etc. NG! Hello, I’m so and so. Today…",35,False,False,0,0,How to Greet Customers in Retail - Never Say This!,RETAILMavens,U8vwLb9Z_LA,@angelocerrone3070,2024-01-27 16:20:39+00:00,retail customer service Australia,youtube_comment
Ugz4ZzKAwakEMnWLHVB4AaABAg,sales_assistants,2024,2024-01,I would never listen to this crap or return to your store . I hate FAKE.,16,False,False,0,0,How to Greet Customers in Retail - Never Say This!,RETAILMavens,U8vwLb9Z_LA,@kentkearney6623,2024-01-27 12:10:57+00:00,retail customer service Australia,youtube_comment
UgwPKbzxPHFFz0UvApV4AaABAg,sales_assistants,2024,2024-01,Helpful message and crazzzzzy eyelashes !,6,False,False,0,0,How to Greet Customers in Retail - Never Say This!,RETAILMavens,U8vwLb9Z_LA,@kaydixie5727,2024-01-26 21:42:09+00:00,retail customer service Australia,youtube_comment
UgwgssmUyJMFULDMc-R4AaABAg,sales_assistants,2024,2024-01,"Don’t ask me what I did last weekend or what I’m going to be doing🙁. That’s intrusive and not what I would share with a stranger. “Let me know if you need anything” is the most preferred comment and please, don’t hover near me!",44,False,False,1,0,How to Greet Customers in Retail - Never Say This!,RETAILMavens,U8vwLb9Z_LA,@joanst.jacques8539,2024-01-26 21:18:29+00:00,retail customer service Australia,youtube_comment
Ugytz1Pv3TnGff0BDYN4AaABAg,sales_assistants,2024,2024-01,I remember when the kids working at Hollister would greet anyone walking in with “What’s up?” CRINGE,17,False,False,0,0,How to Greet Customers in Retail - Never Say This!,RETAILMavens,U8vwLb9Z_LA,@smeag9280,2024-01-26 20:47:06+00:00,retail customer service Australia,youtube_comment
UgzkwRvE86rxVy8v0Tt4AaABAg,sales_assistants,2024,2024-01,I disagree. I like not being asked how they can help but I go into a store to look at my own pace. I don't want to talk or build a relationship. I like to look on my own.,39,False,False,0,0,How to Greet Customers in Retail - Never Say This!,RETAILMavens,U8vwLb9Z_LA,@tessaelkington2520,2024-01-26 19:26:19+00:00,retail customer service Australia,youtube_comment
Ugw2xvbr7qyY0Ny2_CB4AaABAg,sales_assistants,2024,2024-01,"Just a warm smile, hello, ❤and THANK you for any purchase is more than enough!",15,False,False,2,0,How to Greet Customers in Retail - Never Say This!,RETAILMavens,U8vwLb9Z_LA,@carolynstewart8465,2024-01-26 19:04:00+00:00,retail customer service Australia,youtube_comment
UgycCE9r6ERt3KlyCqN4AaABAg,sales_assistants,2024,2024-01,"You have no idea how many small shops I’ve turned around and left because the salesperson kept hanging around talking rather than allowing peaceful browsing. A customer may step into the store looking for a blue sweater, but if left alone with their own thoughts other items and ideas can, and will, pop into mind as they slowly walk about your store. If a small shop customer is looking for conversation or advise they’ll start a conversation, if the customer says nothing beyond the initial hello, it’s imperative that the salesperson remain accessible but quiet and off to the side.",100,False,False,11,0,How to Greet Customers in Retail - Never Say This!,RETAILMavens,U8vwLb9Z_LA,@donnadixon289,2024-01-26 15:35:00+00:00,retail customer service Australia,youtube_comment
UgxozgKHa-UOvuYgkQB4AaABAg,sales_assistants,2024,2024-01,"There is so much theft now that maybe we do go overboard. If ladies carry big bag open purses, you get our attention. Sloppy baggy many pockets pants get our attention. If u reek of pot u get our attention. If u touch literally everything and hold items u get our attention. If u have certain behavior body language patterns u get our attention. These are red flags and sad to say bcuz so many tend to shoplift. We will walk up to u and ask if u need help or have questions. We will hang out near u. But I know there are those sales people who shadow customers for the wrong reasons.",114,False,False,0,0,How to Greet Customers in Retail - Never Say This!,RETAILMavens,U8vwLb9Z_LA,@katedaniels9623,2024-01-26 15:15:23+00:00,retail customer service Australia,youtube_comment
UgwPeGG1WELTNTUahIB4AaABAg,sales_assistants,2024,2024-01,"In a few Targets, Joann’s and other stores, i’ve had to chase sales associates in order to ask a simple question such as where something is on the shelf. They are right there next to me until I show any signs of interaction, then they all run to avoid me!",50,False,False,0,0,How to Greet Customers in Retail - Never Say This!,RETAILMavens,U8vwLb9Z_LA,@stumpybear60,2024-01-26 15:04:43+00:00,retail customer service Australia,youtube_comment
UgxHk0WRXSfEowmDFXZ4AaABAg,sales_assistants,2024,2024-01,If a sales person would ask me what weekend I had I'd close up. It's none of their business.,19,False,False,0,2,How to Greet Customers in Retail - Never Say This!,RETAILMavens,U8vwLb9Z_LA,@Rosebud2503,2024-01-26 06:33:55+00:00,retail customer service Australia,youtube_comment
Ugz3hcQbYE66o0Beuv54AaABAg,sales_assistants,2024,2024-01,"I've always hated it when I walk into a shop and get jumped on by an over eager assistant, and those that follow me around the store as if they expect me to Nick something.",35,False,False,0,0,How to Greet Customers in Retail - Never Say This!,RETAILMavens,U8vwLb9Z_LA,@catherinebirch2399,2024-01-26 00:32:36+00:00,retail customer service Australia,youtube_comment
Ugx1S4SsbCGeqCbGau94AaABAg,sales_assistants,2024,2024-01,"Hearing “WELCOME IN” startles me when I walk in a store. I feel like all eyes are on me, it’s just a method of letting me know they are there in case I had the thoughts of shoplifting. Then I walk in to the store and can’t find a single person to help me.",54,False,False,0,0,How to Greet Customers in Retail - Never Say This!,RETAILMavens,U8vwLb9Z_LA,@mominthe209,2024-01-25 22:24:09+00:00,retail customer service Australia,youtube_comment
Ugz0kMz-CAxiVFmy1HR4AaABAg,sales_assistants,2024,2024-01,I don't agree with you. I don't want to talk to any sales person. I'll leave right away.,18,False,False,0,0,How to Greet Customers in Retail - Never Say This!,RETAILMavens,U8vwLb9Z_LA,@govegan6112,2024-01-25 19:54:36+00:00,retail customer service Australia,youtube_comment
UgyGXzInlF11w-VEqhF4AaABAg,sales_assistants,2024,2024-01,"Noo! 🤦🏼‍♀️I strongly disagree- Do not start a conversation with me you are not a friend, you are in fact a stranger. I hate when people ask about my weekend or what I’m doing with the rest of my day. It’s non of your business. I enjoy shopping and was hoping u had better advice for customer approach. A simple hello as acknowledgment is all that is needed & sound approachable. U can add, “ I won’t bug u anymore but I’m around if u need me.” Don’t presume I’m lost or anything-again, u don’t know me. I will let u know if I want help.",106,False,False,1,0,How to Greet Customers in Retail - Never Say This!,RETAILMavens,U8vwLb9Z_LA,@raquelcastro3139,2024-01-25 19:21:04+00:00,retail customer service Australia,youtube_comment
UgyJzDAIoAtOpDr0QBB4AaABAg,sales_assistants,2024,2024-01,"""If you have any questions, I will be right here"" is EXACTLY what I want to hear from a sales person. The LAST thing I want to do is talk about my weekend.",33,False,False,31,0,How to Greet Customers in Retail - Never Say This!,RETAILMavens,U8vwLb9Z_LA,@originalfred66,2024-01-25 18:00:46+00:00,retail customer service Australia,youtube_comment
UgwVjjSBO7uVOkUWn8V4AaABAg,sales_assistants,2024,2024-01,"No no no! You are too aggressive and invasive of customer privacy 
Be kind...less is more",16,False,False,0,0,How to Greet Customers in Retail - Never Say This!,RETAILMavens,U8vwLb9Z_LA,@sparkle.s,2024-01-25 17:56:07+00:00,retail customer service Australia,youtube_comment
UgzSKT2rUHcXYm-A3Ql4AaABAg,sales_assistants,2024,2024-01,"I HATE “welcomin” - especially when a clerk is busy- comes across as insincere - i dont want or need a conversation- its invasive and annoying and i dont want to talk about my personal life or have to make up something so the clerk feels comfortable!- i also hate being called darling, dear, sweetie or honey- if i need help i will ask-",64,False,False,0,0,How to Greet Customers in Retail - Never Say This!,RETAILMavens,U8vwLb9Z_LA,@elisabethseeger5837,2024-01-25 17:06:19+00:00,retail customer service Australia,youtube_comment
UgxEPuQ4vxgkZY5zzh94AaABAg,sales_assistants,2024,2024-01,"I REFUSE to shop and Bath and Body works because I feel attacked and harassed every time I walked in there. My mom and aunt will not go in there anymore, either. And when I do ask if they carry a specific fragrance, they suggest I try an alternative. That isn't what i asked! They have alienated a lot of of prior customers with money to spend that now avoud their store altogether.",73,False,False,1,0,How to Greet Customers in Retail - Never Say This!,RETAILMavens,U8vwLb9Z_LA,@HomeCanner,2024-01-25 16:56:56+00:00,retail customer service Australia,youtube_comment
Ugx9UGHqUxWxGfznOSV4AaABAg,sales_assistants,2024,2024-01,"Not sure there's any one specific approach that'll work for everyone because we're all different. For me, it's people being too pushy but that can be interpreted a lot of ways. You're trying to be helpful and end up pissing someone off OR you're trying not to be too pushy and the customer thinks you're ignoring them. Retailers can't win.",60,False,True,0,0,How to Greet Customers in Retail - Never Say This!,RETAILMavens,U8vwLb9Z_LA,@hughjass1044,2024-01-25 16:37:09+00:00,retail customer service Australia,youtube_comment
UgzpZI1BVb85ajasx_14AaABAg,sales_assistants,2024,2024-01,Just leave me alone so I can shop in peace ☮️,11,False,False,2,0,How to Greet Customers in Retail - Never Say This!,RETAILMavens,U8vwLb9Z_LA,@peggychurch484,2024-01-25 15:06:54+00:00,retail customer service Australia,youtube_comment
UgwzaRUoToRU8qcH5Up4AaABAg,sales_assistants,2024,2024-01,"Hi Retail Maven! Stumbled onto your video and having retired from a decades long background in many facets of corporate retailing, I am delighted to hear your insights. They are simple and apply to life in general —friends, family, coworkers and management alike! I think what most management forgets? It starts at the top. Ps. Love your grin, a genuine smile is priceless.",63,False,True,0,0,How to Greet Customers in Retail - Never Say This!,RETAILMavens,U8vwLb9Z_LA,@mimsay2u,2024-01-25 13:45:14+00:00,retail customer service Australia,youtube_comment
Ugx4BLDh5Szfo25T7SB4AaABAg,sales_assistants,2024,2024-01,"I’d leave the store if you did this to me. Say hi, greet in some way, then leave them alone. Don’t get overly personal. I’m there to shop, not get to know you.",33,False,False,2,0,How to Greet Customers in Retail - Never Say This!,RETAILMavens,U8vwLb9Z_LA,@lenoreraven9758,2024-01-25 13:30:10+00:00,retail customer service Australia,youtube_comment
UgzpvFfe0zMQkOxNBjJ4AaABAg,sales_assistants,2024,2024-01,"I have had horrible experiences with car salemen and clothing store sales womem. I went for a truck and the salesman said ""Oh, you're a woman, you don't want a truck. How about this little 2 door sedan."" I was working the swap meets and needed a truck. I left and went to another dealer who was glad to sell me a truck. THen the sales woman at the store told me I looked great it this item I tried on. NO I DIDN""T. Made me look huge and frumpy. Salepeople are all about the money, so they will lie like a certain politician we all know and hate.",109,False,False,0,0,How to Greet Customers in Retail - Never Say This!,RETAILMavens,U8vwLb9Z_LA,@MarlenevT,2024-01-24 20:22:45+00:00,retail customer service Australia,youtube_comment
UgyVUcX66lJaTNmuA1N4AaABAg,sales_assistants,2024,2024-01,Are you a robot? Your eyelashes look like they’re from a cheap toy.,13,False,False,0,0,How to Greet Customers in Retail - Never Say This!,RETAILMavens,U8vwLb9Z_LA,@johndaye523,2024-01-24 15:33:19+00:00,retail customer service Australia,youtube_comment
UgwBKmbIZQoHZ6invNx4AaABAg,sales_assistants,2024,2024-01,"My 2nd day at my new job in the early 90s we were “mystery shopped “ .
That day I was assigned a cleaning job but the “customer” asked an assistant for help & ignored so she came to me .
I immediately stopped and gave her full attention.
As a result I was hired & other assistant they let go .
I have since had retail training in beauty brands & hotel customer service all on minimum wage .
Although I’m skint I’ve had amazing experiences because of it 😊",91,False,True,2,0,How to Greet Customers in Retail - Never Say This!,RETAILMavens,U8vwLb9Z_LA,@Dinadino994,2024-01-24 14:48:27+00:00,retail customer service Australia,youtube_comment
UgxkOeEpkc6a5EG6nZV4AaABAg,sales_assistants,2024,2024-01,"I’m sorry but all those questions you’re asking me you are in my face. What did you do this weekend? What are you doing next weekend? How’s the weather I went sailing what did you do? By this time you’ve pushed me out the store. That’s too much. I appreciate being acknowledged, but don’t start asking me all these personal questions. It’s too much.",64,False,False,0,0,How to Greet Customers in Retail - Never Say This!,RETAILMavens,U8vwLb9Z_LA,@debbiethibault9846,2024-01-24 14:21:40+00:00,retail customer service Australia,youtube_comment
UgxY7-gwSjdCHxcupbl4AaABAg,sales_assistants,2024,2024-01,"I really hate small talk. I know nobody cares what I’m doing for the weekend if I have a sales person looking at something that I’m wearing and making a comment about it, I’ll become chatty Kathy. And it’s not that I need the compliment. It’s the fact that we’re talking about something I’ve already purchased, and we have something in common. At this point you’ll be able to sell me anything.",72,False,False,1,0,How to Greet Customers in Retail - Never Say This!,RETAILMavens,U8vwLb9Z_LA,@debbiethibault9846,2024-01-24 14:18:01+00:00,retail customer service Australia,youtube_comment
UgwznIlKGYehqVl_cJZ4AaABAg,sales_assistants,2024,2024-01,Hilarious sales coaching at Black Books s1e1… https://youtu.be/-X5oCV7hWgs?si=3KILJhE4dyIYuZTw,8,False,False,0,0,How to Greet Customers in Retail - Never Say This!,RETAILMavens,U8vwLb9Z_LA,@halcoates1101,2024-01-24 14:17:12+00:00,retail customer service Australia,youtube_comment
UgwR0_EsyMWyuJes1114AaABAg,sales_assistants,2024,2024-01,"Oh, yeah. Bugging me with talking, talking, talking would send me out of that store incredibly fast, never to return. However, there needs to be a human present IF I have questions or need to find something. That is your job. Not to nib into my life.",47,False,False,2,0,How to Greet Customers in Retail - Never Say This!,RETAILMavens,U8vwLb9Z_LA,@sickofcrap8992,2024-01-24 13:36:49+00:00,retail customer service Australia,youtube_comment
UgzRRUky2rfoekv5XeV4AaABAg,sales_assistants,2024,2024-01,"I love dear Mr. Selfridge...you're right in his line. Though many may simply not have the money, or that day have no money, nothing is better than both sales help and customer have a pleasant time. Even if they're broke they may remember and return with a well off friend or when they get paid. Money is not the object....if it is the vibes are slimy. Greet people, regardless of their appearance, with encouraging smiles. My opening is always, ""How's business these days? Ya'll doing OK? That display looks so nice..."" I love just getting out and want to bring a little attention and energy even if I can't afford anything.",111,False,False,0,0,How to Greet Customers in Retail - Never Say This!,RETAILMavens,U8vwLb9Z_LA,@rcjdeanna5282,2024-01-24 13:18:54+00:00,retail customer service Australia,youtube_comment
UgwfmhRo8xdW-XDm10V4AaABAg,sales_assistants,2024,2024-01,"Are you finding everything you are looking for today?
And I'm just another customer a Home Depot. 😂",18,False,False,0,0,How to Greet Customers in Retail - Never Say This!,RETAILMavens,U8vwLb9Z_LA,@OutlawMonstersPerson,2024-01-24 09:52:31+00:00,retail customer service Australia,youtube_comment
UgzsjsWk1pchkPQsfiJ4AaABAg,sales_assistants,2024,2024-01,"As a frequent and longtime customer my pet peeve is when a cashier asks, “What are your plans this weekend?” Or some other question that is nosey, prying which they have absolutely no interest in my answer and that they’ve been trained or forced to ask. “What brings you into the store today?” Strikes me as the same type of overly aggressive technique that I personally would run away from. Just a simple hello, let me know if you need any help is the best.",85,False,False,17,2,How to Greet Customers in Retail - Never Say This!,RETAILMavens,U8vwLb9Z_LA,@something2knownow,2024-01-24 05:42:27+00:00,retail customer service Australia,youtube_comment
UgwSTO6MpwGqNdf6O694AaABAg,sales_assistants,2024,2024-01,I worked retail and they don't like hoovering and watching over them and making comments about what they are looking at. They feel like you may think they might steal something. If you talk too much they stop looking around so they leave with out purchases also smile it automatically makes for a happy time.,55,False,True,0,0,How to Greet Customers in Retail - Never Say This!,RETAILMavens,U8vwLb9Z_LA,@tammyhoushour8070,2024-01-24 05:18:59+00:00,retail customer service Australia,youtube_comment
UgzleIN3UEx0KIFnMJl4AaABAg,sales_assistants,2024,2024-01,"I would advise against personal questions. I cannot stand it when clerks ask me what my personal plans are, it is invasive. Nice day is better than wanting to know my plans or what I'm doing after I leave the store. It's very personal, invasive and kind of rude to ask a complete stranger. Now, there may be some people who love small talk, but that isn't me and obviously not a lot of the others here commenting. So please so not ask a complete stranger those kinds of pressing questions.",91,False,False,13,1,How to Greet Customers in Retail - Never Say This!,RETAILMavens,U8vwLb9Z_LA,@Jenekks,2024-01-24 04:46:56+00:00,retail customer service Australia,youtube_comment
UgybO9J3BtgVBbuPuDl4AaABAg,sales_assistants,2024,2024-01,"I bloody hate being asked ""how are you?"" I hate being asked if they can help me before I've seen anything that interests me, like let me see if there,s anything..",31,False,False,0,0,How to Greet Customers in Retail - Never Say This!,RETAILMavens,U8vwLb9Z_LA,@Ingrid-AfD,2024-01-24 03:41:44+00:00,retail customer service Australia,youtube_comment
UgwgkAkafeYQ8yO1PRJ4AaABAg,sales_assistants,2024,2024-01,"I'd suggest a brief natural greeting, like ""Hello,"" or ""Welcome."" Longer greetings sound forced and cardboard. 

Also, try to just have one salesperson look and greet you. I just walked into a Hallmark store today, and two salespeople at the counter turned and looked directly at me and each said some greeting. I felt awkward with two people looking right at me, like the center of attention. Is it me?",70,False,False,0,0,How to Greet Customers in Retail - Never Say This!,RETAILMavens,U8vwLb9Z_LA,@betsybarnicle8016,2024-01-24 00:08:07+00:00,retail customer service Australia,youtube_comment
UgzwgNPrCRyv8NCiZ4F4AaABAg,sales_assistants,2024,2024-01,"Half the shoppers don't like small talk, especially from the start.",11,False,False,0,0,How to Greet Customers in Retail - Never Say This!,RETAILMavens,U8vwLb9Z_LA,@BenTrue75,2024-01-23 21:23:26+00:00,retail customer service Australia,youtube_comment
UgwOoI0U2HM6EmKYSWV4AaABAg,sales_assistants,2024,2024-01,Thank you. Just saying ‘Hello I’m here if you want help’ is good. I hate over eager chatty salespeople. I’m likely to run away.,24,False,False,5,0,How to Greet Customers in Retail - Never Say This!,RETAILMavens,U8vwLb9Z_LA,@wudgee,2024-01-23 18:46:26+00:00,retail customer service Australia,youtube_comment
UgwnSJ0gtqNAnKm1rup4AaABAg,sales_assistants,2024,2024-01,I think you have to read customer’s body language. Some people like to chat and others not so much. I don’t like the distraction if the sales clerk talks too much. I’m there to look and most likely buy. I like the approach at Talbots. They are friendly and helpful but not over the top. I am very turned off if they ignore me when I walk in or are talking to each other and ignoring customers. I’m also distracted if they wear too much makeup or have purple hair😂.,90,False,False,2,0,How to Greet Customers in Retail - Never Say This!,RETAILMavens,U8vwLb9Z_LA,@sassysandie2865,2024-01-23 12:20:39+00:00,retail customer service Australia,youtube_comment
UgzaxG9qbr7jHaquu4t4AaABAg,sales_assistants,2024,2024-01,"Dear God, as a customer I am already feeling anxious knowing that shop assistants are learning these tactics to extract money from me. However, I can detect BS and faux sincerity a mile off. An assistant's smiley ""Hi, lovely to see you again"" will guarantee I go elsewhere.",48,False,True,3,0,How to Greet Customers in Retail - Never Say This!,RETAILMavens,U8vwLb9Z_LA,@kernow9324,2024-01-23 07:11:17+00:00,retail customer service Australia,youtube_comment
UgyFs4-mIjAaa0lgLE94AaABAg,sales_assistants,2024,2024-01,In what planet do you live? This is America. Everybody is soused to be nasty with everybody else.,18,False,False,0,0,How to Greet Customers in Retail - Never Say This!,RETAILMavens,U8vwLb9Z_LA,@ELFF1979,2024-01-23 04:25:21+00:00,retail customer service Australia,youtube_comment
UgzbqDPsyvvIo73cAGd4AaABAg,sales_assistants,2024,2024-01,"Oh hell no, if someone acted this desperate I would feel it was fake. Maybe you’re in a small town. Where I’m from, I’d run.",25,False,False,0,0,How to Greet Customers in Retail - Never Say This!,RETAILMavens,U8vwLb9Z_LA,@seeleygirl6178,2024-01-23 04:06:12+00:00,retail customer service Australia,youtube_comment
UgxiR1BxnLMA30bu66p4AaABAg,sales_assistants,2024,2024-01,"I don’t like when they say what brings you in today? What do you think? Mind your own business. I just want to look,not talk.",25,False,False,0,0,How to Greet Customers in Retail - Never Say This!,RETAILMavens,U8vwLb9Z_LA,@seeleygirl6178,2024-01-23 04:02:32+00:00,retail customer service Australia,youtube_comment
Ugx74DZSWtVjB1SCo3B4AaABAg,sales_assistants,2024,2024-01,"So funny seeing this right now. My daughter just came home from shopping, telling me about being in a big box craft store where the clerk had to conspicuously ""straighten"" shelves nearby, making her feel uncomfortable as it was obvious the clerk was watching for theft. So - still good advice, but make sure you remember the smile and friendly conversation.",61,False,False,1,0,How to Greet Customers in Retail - Never Say This!,RETAILMavens,U8vwLb9Z_LA,@G.G.8GG,2024-01-23 03:02:47+00:00,retail customer service Australia,youtube_comment
UgyprZ96Vu5DfFBzcfZ4AaABAg,sales_assistants,2024,2024-01,"Um a lot of pre amble to have a worn out nugget of ""hey are you doing anything fun this weekend"". Hard no. That's a) not open ended, and b) can lead into a world of trouble-- funeral, death in the family, privacy issues (sounds a bit nosy for someone you've never met) and really puts people on the defensive. I'd have paid attention to what displays they were going to, and make a related remark: it can be 'that's a new item, and we have additional colours available that are not on display"" or compliment them on something they're wearing, sincerely, and quickly, and just leave it at that. I love your pin. She may respond it's an antique, or its an heirloom, or I just picked it up at the thrift store. This is non threatening, and starts a conversation. You can even ask are you here on a mission, that maybe I can help you save time on? (if they seem hurried). Maybe a last minute shower gift, or they just ruined a zipper and badly need a replacement pair of pants. Or maybe they just flew in and don't have anything to wear to a funeral. Help them achieve their goal and send them on their way. You're not building a relationship by wasting their time. If they're browsing and have free time, I've used the ""we just got some new pieces in , and if you're not in a hurry, I'd love for you to tell me what you think of them. We love getting feedback. They may even want to try some of these things on, if they're eager to see the latest styles. I've made huge sales doing just this one thing. If they came in your store, they already love what you sell. Now it's a matter of being the expert, and NOT wasting their time. That in itself builds relationships. They now know they can trust you because you won't keep them there for too long.",335,False,False,0,0,How to Greet Customers in Retail - Never Say This!,RETAILMavens,U8vwLb9Z_LA,@MsLinda165,2024-01-22 22:20:28+00:00,retail customer service Australia,youtube_comment
Ugw7y_y37HgQmFVvLfN4AaABAg,sales_assistants,2024,2024-01,"When I go into a store, I like to be acknowledged and then left alone. I’ve had assistants straightening up the racks that I’ve been looking on, pretty irritating . I’ve also been followed so close that one time he was so close up my back that when I stepped backwards, I trod on his feet. Also irritating. I just like to be able to see an assistant so I can go and either ask a question or pay for purchase. I also don’t enjoy them striking up a conversation as I like to concentrate on what the store is offering. But I’m a mere customer, what do I know",110,False,False,6,0,How to Greet Customers in Retail - Never Say This!,RETAILMavens,U8vwLb9Z_LA,@kiwiang983,2024-01-22 21:20:22+00:00,retail customer service Australia,youtube_comment
UgziQeJhRxy8BgfCakt4AaABAg,sales_assistants,2024,2024-01,"I worked retail for close to 20yrs and had customers follow to wherever I worked next to seek me out because of the service. I have to disagree on the ""let me know if you need anything"" that you're saying they don't want to hear. Be present as much as possible but also when acknowledging them do say ""let me know if you need anything"" but also if in a bigger store like I was then let them know when you'll be in a different area so they know where to find you. I developed relationships that were genuine but not with small talk like you're suggesting but real genuine conversations while helping them with their purchases and helping them find the specific product they needed even if it meant taking their number and searching for the best product regardless of if we carried it or not. That also meant when I found that product informing my bosses to start ordering that product because it was the best for the customer's needs. I worked both clothing retail as you're talking about but also home building centers where you really need to know your products and the best for the job they're working on. Biggest thing I can say is be genuine and don't just try to go for the sale at that time but build the relationship so that you have a customer that lasts and will gladly come back and tell others as well. Get your work done other than helping the customer as well but make them see that you're still there and not completely ignored. It's a balance which is rare to see nowadays sadly. I see it more now where you're completely ignored with no one in sight to help when needed rather than greeted and let known that they're willing to help me when I need it. I'm no longer able to work due to severe disabilities and more often than not I'm completely ignored as if they don't want me there and have attitude when I do ask for help. I do understand both sides of retail and don't like asking for help unless absolutely necessary so that makes me want to go somewhere else if they can't offer good customer service.",378,False,True,0,0,How to Greet Customers in Retail - Never Say This!,RETAILMavens,U8vwLb9Z_LA,@mariposavioleta9007,2024-01-22 20:49:02+00:00,retail customer service Australia,youtube_comment
UgxomOhie2eoh6NOjyx4AaABAg,sales_assistants,2024,2024-01,"I’m a top retail salesperson in a flooring store. I do greet folks with hello but I don’t like all the little chit chat unless they start it. I do like the line, what brings you in today? Or Can I help you find something? I continue to ask about their project with open ended questions. To your point about dopamine -people love talking about themselves! So get into whatever they are saying; be a good listener! Don’t talk about yourself much, that’s not fun for them. And I have the attitude that I really want to help them find what they want at a comfortable price point. Zig Ziglar said, “If you help enough people get what they want, you will get what you want.” So I don’t go directly to the expensive stuff or the products that offer us spiffs. I focus on them. Generally treating others the way I’d like to be treated. ❤ This is my 8th year, I’m in my 60’s and I love sales!",170,False,True,0,0,How to Greet Customers in Retail - Never Say This!,RETAILMavens,U8vwLb9Z_LA,@lindamartin9730,2024-01-22 20:40:54+00:00,retail customer service Australia,youtube_comment
UgxV5yTx5E8A8wrz-kl4AaABAg,sales_assistants,2024,2024-01,All you need to say is “I’m here to help if you need me”. Simple.,15,False,False,1,0,How to Greet Customers in Retail - Never Say This!,RETAILMavens,U8vwLb9Z_LA,@springsogourne,2024-01-22 19:31:44+00:00,retail customer service Australia,youtube_comment
UgyTFIur8jVXSWPZWiR4AaABAg,sales_assistants,2024,2024-01,"Upon entering any retail outlet, I want to be able to identify where/who the sales people are IN CASE I need to ask a question. I don’t want a conversation! Sometimes I feel like I should wear a “Do No Approach” sign!",42,False,True,0,0,How to Greet Customers in Retail - Never Say This!,RETAILMavens,U8vwLb9Z_LA,@maryann1187,2024-01-22 18:51:43+00:00,retail customer service Australia,youtube_comment
Ugyw51VgXR3bfsOp66J4AaABAg,sales_assistants,2024,2024-01,"Small talk and stalking customers reeks of suspicion and gives a type of tone of desperation in the atmosphere. Either it makes it seem like the worker is bored and desperately wants something to do, or they feel like they need to keep an eye on a possible shoplifter. That’s what it does to the atmosphere even if they genuinely are just trying to do well at their job.",69,False,False,0,0,How to Greet Customers in Retail - Never Say This!,RETAILMavens,U8vwLb9Z_LA,@ValerieGiggles,2024-01-22 18:31:18+00:00,retail customer service Australia,youtube_comment
UgwWdZvqQuGXoCU77yJ4AaABAg,sales_assistants,2024,2024-01,"Great video. Love it. Back to retail basics. 

Just to add a little extra….always remember that you have to sell yourself before you can sell your product. If you can make that connection first before worrying about the sale you will have a customer for life. 😊",47,False,True,1,0,How to Greet Customers in Retail - Never Say This!,RETAILMavens,U8vwLb9Z_LA,@mosaicsignature7420,2024-01-22 18:18:57+00:00,retail customer service Australia,youtube_comment
UgyORurNxgKSaygOZp54AaABAg,sales_assistants,2024,2024-01,"As a customer, I hope more retail folks listen to this. Excellent advice.",13,False,True,1,0,How to Greet Customers in Retail - Never Say This!,RETAILMavens,U8vwLb9Z_LA,@cassiecoleman3584,2024-01-22 17:20:17+00:00,retail customer service Australia,youtube_comment
UgwVzZx26nn_Z8POZXF4AaABAg,sales_assistants,2024,2024-01,I’d rather they just leave me alone!,7,False,False,2,0,How to Greet Customers in Retail - Never Say This!,RETAILMavens,U8vwLb9Z_LA,@pwallace5359,2024-01-22 16:49:02+00:00,retail customer service Australia,youtube_comment
Ugx6RG_cxYu0OCkc1aF4AaABAg,sales_assistants,2024,2024-01,"When I shop I want to be left alone. If I need help, I expect the salesperson to help me with what I need.",24,False,False,10,0,How to Greet Customers in Retail - Never Say This!,RETAILMavens,U8vwLb9Z_LA,@Veronica-pv3qh,2024-01-22 14:31:26+00:00,retail customer service Australia,youtube_comment
UgzMS-B-ctl1beJ0QM94AaABAg,sales_assistants,2024,2024-01,"I love being ignored in a store. Hearing “let me know if you need anything” at the start is all I need.

I hate small talk 😅",27,False,False,142,4,How to Greet Customers in Retail - Never Say This!,RETAILMavens,U8vwLb9Z_LA,@TheBeanHome,2024-01-22 14:15:47+00:00,retail customer service Australia,youtube_comment
Ugzq9CMkBLHv74YBsnB4AaABAg,sales_assistants,2024,2024-01,"Ive done retail since I was 18, Im now 60. Dont need this ""expert"" to tell me how to do my job. Its trial and error. You gain wisdom simply by doing.",32,False,True,6,1,How to Greet Customers in Retail - Never Say This!,RETAILMavens,U8vwLb9Z_LA,@tlcforeveryoung3821,2024-01-22 13:11:11+00:00,retail customer service Australia,youtube_comment
Ugy_eVhPf6JcpyWiQTd4AaABAg,sales_assistants,2024,2024-01,"You hit on sone great points in this video, def helpful. thank you",13,False,False,1,0,How to Greet Customers in Retail - Never Say This!,RETAILMavens,U8vwLb9Z_LA,@brown_eyed_girl,2024-01-22 12:53:50+00:00,retail customer service Australia,youtube_comment
UgyY_b1mCmk9UxoUuCZ4AaABAg,sales_assistants,2024,2024-01,"Honestly…I would prefer that sales people just say “hello, thank you for coming in” “if there is anything I can help you to find or if you have any questions, I am happy to to help” ….and then I would like you to leave me alone so I can actually shop. I’ll approach you if I need assistance.",58,False,False,3,1,How to Greet Customers in Retail - Never Say This!,RETAILMavens,U8vwLb9Z_LA,@purplemav,2024-01-22 12:49:00+00:00,retail customer service Australia,youtube_comment
UgzY1IYFgI5-YHYQJl54AaABAg,sales_assistants,2024,2024-01,"As a psychologist I feel asking ""what brings you in today"" for me is the worst questions.when they jump you at the door. I want to say my car or feet.",31,False,False,48,4,How to Greet Customers in Retail - Never Say This!,RETAILMavens,U8vwLb9Z_LA,@markt4297,2024-01-22 12:29:27+00:00,retail customer service Australia,youtube_comment
UgzPX2JTv41ge3PQWs54AaABAg,sales_assistants,2024,2024-01,"It’s weird and startling when a disembodied salesperson’s voice greets me when I enter a store, and I have to look all around to try to locate them. It feels like they’re letting me know that the cameras are on, they know I’m there, and they’re watching me. I understand it’s the times we live in, but I don’t like that at all. On the other hand, I also dislike the giant department stores without even one associate around at times when I do need assistance.",86,False,False,2,0,How to Greet Customers in Retail - Never Say This!,RETAILMavens,U8vwLb9Z_LA,@April-Niine,2024-01-22 12:25:21+00:00,retail customer service Australia,youtube_comment
Ugy468AdwURKYIFIXO94AaABAg,sales_assistants,2024,2024-01,I just want to shop in peace. If i need help then i will seek them out. Otherwise leave me alone.,21,False,False,3,0,How to Greet Customers in Retail - Never Say This!,RETAILMavens,U8vwLb9Z_LA,@ThanhNguyen-kc2nm,2024-01-22 12:22:57+00:00,retail customer service Australia,youtube_comment
UgzN3ucOGeXlAWGPVct4AaABAg,sales_assistants,2024,2024-01,"I prefer ""I'm Cindy, let me know if I can help you with anything.""",14,False,False,2,0,How to Greet Customers in Retail - Never Say This!,RETAILMavens,U8vwLb9Z_LA,@I_am_Marilyn,2024-01-22 01:15:16+00:00,retail customer service Australia,youtube_comment
UgxUwrBz0S6AVkBZm414AaABAg,sales_assistants,2024,2024-01,"I definitely agree with the immediate greeting or acknowledgment of them coming in. But I also agree with the other comments that say don’t pretend to be doing something near me waiting to pounce! That makes me nervous and anxious to even shop!! “Hi welcome to the store, let me know if I can help in anyway!” Works for me as a customer just fine!!",65,False,False,32,0,How to Greet Customers in Retail - Never Say This!,RETAILMavens,U8vwLb9Z_LA,@RobertMurray-b1e,2024-01-21 23:00:02+00:00,retail customer service Australia,youtube_comment
Ugw9D6vZubGDPcxn3Xx4AaABAg,sales_assistants,2024,2024-01,"When I went in to a store the woman said do you see anything you can’t live without, I was going to buy something until she said that.",28,False,False,1,0,How to Greet Customers in Retail - Never Say This!,RETAILMavens,U8vwLb9Z_LA,@kfergus3662,2024-01-21 22:03:30+00:00,retail customer service Australia,youtube_comment
UgwdET0eClrsZrqG-hZ4AaABAg,sales_assistants,2024,2024-01,"Are you kidding? There is seldom a salesperson in sight! You could lob a bowling ball down any aisle in most stores, and never hit a single salesperson.",28,False,False,1,1,How to Greet Customers in Retail - Never Say This!,RETAILMavens,U8vwLb9Z_LA,@createone100,2024-01-21 17:47:24+00:00,retail customer service Australia,youtube_comment
UgzXDansRMuOqV-sKMh4AaABAg,sales_assistants,2024,2024-01,I had a destination retail store (medical and home equipment and supplies) so everyone coming in NEEDED info and help. I would acknowledge them upon entering and let them know I’d answer any questions when they wanted/ready. Actually “how can I help you” (in this type of store) was not a turn off because no one coming in had a clue about what they needed or what their prescriptions said.,70,False,True,4,0,How to Greet Customers in Retail - Never Say This!,RETAILMavens,U8vwLb9Z_LA,@nellie9352,2024-01-21 15:24:43+00:00,retail customer service Australia,youtube_comment
UgzS7q7eWueV5UtwwOp4AaABAg,sales_assistants,2025,2025-12,"Damn, no more looking for my future wife, while picking up ice cream after the gym. Can't wait for underpaid staff to replace the white rice i ordered with basmati cuz they're all out.",34,True,False,0,0,Woolworths opens Customer Fulfilment Centre in South Australia | 9 News Australia,9 News Australia,VhMKsmPWuVo,@KeenanAUS,2025-12-01 08:26:58+00:00,retail customer service Australia,youtube_comment
UgzH6tEnJ08YXzH2O794AaABAg,sales_assistants,2025,2025-11,Prices will only keep going up because of lazy customers. Becareful people automation is increasing which means less people working and the retirement age gets higher. And the older you get will be harder to find work.,37,True,False,0,0,Woolworths opens Customer Fulfilment Centre in South Australia | 9 News Australia,9 News Australia,VhMKsmPWuVo,@telldatruthyo,2025-11-29 02:24:01+00:00,retail customer service Australia,youtube_comment
Ugz-YcWB6fanUagB6gR4AaABAg,sales_assistants,2025,2025-11,"I prefer to shop at IGA. Woolworths, Big W and Coles don't deserve patronage, they're ripping Australians off.",18,True,False,0,0,Woolworths opens Customer Fulfilment Centre in South Australia | 9 News Australia,9 News Australia,VhMKsmPWuVo,@nicolepalachicky8033,2025-11-23 10:44:38+00:00,retail customer service Australia,youtube_comment
Ugx8MwvP4Tl5bqfcSsl4AaABAg,sales_assistants,2025,2025-11,If woolworths are going to charge 17 dollars for potatoes then up your bloody quality,15,True,False,0,0,Woolworths opens Customer Fulfilment Centre in South Australia | 9 News Australia,9 News Australia,VhMKsmPWuVo,@LuciStonex,2025-11-20 15:04:17+00:00,retail customer service Australia,youtube_comment
UgxvG4739vdahrac5rV4AaABAg,sales_assistants,2025,2025-11,Woolworths is the biggest investor on Australian trucks at the moment. Wake up dystopia is coming fast you won't be allowed to shop in person eventually.,26,True,False,0,0,Woolworths opens Customer Fulfilment Centre in South Australia | 9 News Australia,9 News Australia,VhMKsmPWuVo,@zaeth341,2025-11-16 12:07:04+00:00,retail customer service Australia,youtube_comment
Ugz4kMOiBLjHp9svkgN4AaABAg,sales_assistants,2025,2025-11,this needs to be burned down,6,True,False,0,0,Woolworths opens Customer Fulfilment Centre in South Australia | 9 News Australia,9 News Australia,VhMKsmPWuVo,@EMZ1G-u7h2z,2025-11-16 09:27:43+00:00,retail customer service Australia,youtube_comment
Ugw7gwGEm4FrmPo6abJ4AaABAg,sales_assistants,2025,2025-11,I absolutely lovveeee click and collect. I’ve been doing it for 5 years now and it only got more handy when I had kids. We still go into the store every now and then for random bits and bobs but honestly stops me from over buying when I do it all online.,52,True,False,0,0,Woolworths opens Customer Fulfilment Centre in South Australia | 9 News Australia,9 News Australia,VhMKsmPWuVo,@Holly.Georgia,2025-11-16 08:57:58+00:00,retail customer service Australia,youtube_comment
UgxJHuTwtR_nrtcWEw54AaABAg,sales_assistants,2025,2025-11,This is for rich people who are lazy and do not like going shopping in person .,17,True,False,0,0,Woolworths opens Customer Fulfilment Centre in South Australia | 9 News Australia,9 News Australia,VhMKsmPWuVo,@ZarquonPrime,2025-11-15 22:36:23+00:00,retail customer service Australia,youtube_comment
UgzqRCR1rwad0xP2oXN4AaABAg,sales_assistants,2025,2025-11,when we see stores start close as were i live there are 5 woolworths with in 7-10 km from me,20,True,False,0,0,Woolworths opens Customer Fulfilment Centre in South Australia | 9 News Australia,9 News Australia,VhMKsmPWuVo,@PETERSTACEY1960,2025-11-15 21:30:29+00:00,retail customer service Australia,youtube_comment
Ugx9xMxxfZMZOqJa3zV4AaABAg,sales_assistants,2025,2025-11,"I work in woolies, I prefer shopping at the store",10,True,False,0,0,Woolworths opens Customer Fulfilment Centre in South Australia | 9 News Australia,9 News Australia,VhMKsmPWuVo,@matildamaher111,2025-11-15 14:39:48+00:00,retail customer service Australia,youtube_comment
UgxjF4lZsObUy4MY1yh4AaABAg,sales_assistants,2025,2025-11,"The last thing I'd ever order online is fresh food.
I'd never let anyone pick out meat, fruit or veg for me... I prefer to see what I'm buying instead of hoping some poorly paid person who couldn't care less about what they dish out.",45,True,False,0,0,Woolworths opens Customer Fulfilment Centre in South Australia | 9 News Australia,9 News Australia,VhMKsmPWuVo,@2ime2shine,2025-11-15 12:52:33+00:00,retail customer service Australia,youtube_comment
UgxtN4aNQe_IFPYVPQN4AaABAg,sales_assistants,2025,2025-11,Getting ready for the next plandemic!!,6,True,False,0,0,Woolworths opens Customer Fulfilment Centre in South Australia | 9 News Australia,9 News Australia,VhMKsmPWuVo,@wolfy_conservative911,2025-11-15 08:14:49+00:00,retail customer service Australia,youtube_comment
UgyNUpLnQwiwHCEpcwl4AaABAg,sales_assistants,2025,2025-11,So many times now I have gone to Supermarket and have seen the lazy slobs waiting in their cars to pick up their orders and when I come out of the Supermarket having completed my shopping the same lazy slobs are still sitting in their cars waiting to get their orders. Online Shopping ..... Not on your bloody life !,60,True,False,0,0,Woolworths opens Customer Fulfilment Centre in South Australia | 9 News Australia,9 News Australia,VhMKsmPWuVo,@stevephone4957,2025-11-15 08:10:48+00:00,retail customer service Australia,youtube_comment
UgytB0r6Tf18C9n1SV54AaABAg,sales_assistants,2025,2025-11,Load off poo😮for lazy people😂😂😂my question is...who are you saving TIME for 😂😂just saying!!,14,True,False,0,0,Woolworths opens Customer Fulfilment Centre in South Australia | 9 News Australia,9 News Australia,VhMKsmPWuVo,@raijatilles1099,2025-11-15 06:08:54+00:00,retail customer service Australia,youtube_comment
Ugxsv8TsVGiP4mB5SjN4AaABAg,sales_assistants,2025,2025-11,"absolutely love online delivery, so grateful for those who make the orders for me, and the guys who deliver, you guys are the backbone. i live a couple of kms from the nearest woolworths, i get really anxious when i have to leave my home, so it's a no brainer to have my food done this way, i havent been in a woolworth supermarket in nearly a decade, and it really does help.",73,True,False,0,1,Woolworths opens Customer Fulfilment Centre in South Australia | 9 News Australia,9 News Australia,VhMKsmPWuVo,@agatenby41,2025-11-15 05:45:23+00:00,retail customer service Australia,youtube_comment
UgyZxKhVtX7Z7bnf3G94AaABAg,sales_assistants,2025,2025-11,We want affordable groceries not automated shopping centres.,8,True,False,2,0,Woolworths opens Customer Fulfilment Centre in South Australia | 9 News Australia,9 News Australia,VhMKsmPWuVo,@razzaus1570,2025-11-14 15:08:15+00:00,retail customer service Australia,youtube_comment
UgxlNvvmYKS3HNEENfx4AaABAg,sales_assistants,2025,2025-11,"But what happens if the wi fi cuts out ??
Our future is completely reliant on an invisible service that is dependant on human maintenance.
Soon to be reliant on AI.
After our time, human beings will have made humans and mankind useless.

A great future indeed",47,True,False,1,0,Woolworths opens Customer Fulfilment Centre in South Australia | 9 News Australia,9 News Australia,VhMKsmPWuVo,@aussiekid3588,2025-11-14 06:27:18+00:00,retail customer service Australia,youtube_comment
UgymxTalp2TfcGRJWXB4AaABAg,sales_assistants,2025,2025-11,I don't shop at Woolworths anymore,6,True,False,1,2,Woolworths opens Customer Fulfilment Centre in South Australia | 9 News Australia,9 News Australia,VhMKsmPWuVo,@FredFran-kf7,2025-11-14 06:21:33+00:00,retail customer service Australia,youtube_comment
Ugx9E8viX9JjCIaGD994AaABAg,sales_assistants,2025,2025-11,Now we why the cost of food is so expensive. Supermarkets are just bending us over,16,True,False,1,0,Woolworths opens Customer Fulfilment Centre in South Australia | 9 News Australia,9 News Australia,VhMKsmPWuVo,@EurokitsAustralia,2025-11-14 05:47:52+00:00,retail customer service Australia,youtube_comment
Ugy9LkpfxIKcUhMSI9B4AaABAg,sales_assistants,2025,2025-11,Watching this is funny cos Australia is still a good 5 years behind.. we have where houses like this but fully automated. In the UAE with only 40 staff members. The rest are automated robots..picking from shelfs the orders. Then a human checks and verifys ordered before it's completed.,49,True,False,0,0,Woolworths opens Customer Fulfilment Centre in South Australia | 9 News Australia,9 News Australia,VhMKsmPWuVo,@contentkings,2025-11-14 04:11:14+00:00,retail customer service Australia,youtube_comment
UgxAZ5K6mXpiXTmM0Ol4AaABAg,sales_assistants,2025,2025-11,People are quick to forget that there are Australians who have disabilities ect grow up guys and take a good look at the community you live in... 👌,28,True,False,0,0,Woolworths opens Customer Fulfilment Centre in South Australia | 9 News Australia,9 News Australia,VhMKsmPWuVo,@goober10-r7g,2025-11-14 03:56:56+00:00,retail customer service Australia,youtube_comment
UgzvQMU3zNN356IJIGB4AaABAg,sales_assistants,2025,2025-11,So if they ain't paying attention you'll miss out on stuff you paid for,14,True,False,0,0,Woolworths opens Customer Fulfilment Centre in South Australia | 9 News Australia,9 News Australia,VhMKsmPWuVo,@ashleymww8520,2025-11-14 02:57:49+00:00,retail customer service Australia,youtube_comment
UgylYBV2Kft8q-NnFbN4AaABAg,sales_assistants,2025,2025-11,The staff working in Townhall Woolworth next to station need training for great customer service or need to be relocated. Some are very rude. I feel not to shop with Woolworth anymore. I do online orders normally with woollies to avoid these types of nonsense.,45,True,True,1,0,Woolworths opens Customer Fulfilment Centre in South Australia | 9 News Australia,9 News Australia,VhMKsmPWuVo,@manjulaselvan3052,2025-11-14 00:21:01+00:00,retail customer service Australia,youtube_comment
Ugwi7RKRGFNAndx0VsJ4AaABAg,sales_assistants,2025,2025-11,And 90% full of additives sulphites and nitrates. Australia is one of the very few countries still allowed to add these chemicals. Nice.,23,True,False,3,0,Woolworths opens Customer Fulfilment Centre in South Australia | 9 News Australia,9 News Australia,VhMKsmPWuVo,@ritageorge2348,2025-11-13 23:26:17+00:00,retail customer service Australia,youtube_comment
UgxrozDlrKZSsZCmuW54AaABAg,sales_assistants,2025,2025-11,"Looks like the backrooms level 232 found footage, eerie infinite supermarket aisles.",12,True,False,0,0,Woolworths opens Customer Fulfilment Centre in South Australia | 9 News Australia,9 News Australia,VhMKsmPWuVo,@mrtron7837,2025-11-13 22:44:15+00:00,retail customer service Australia,youtube_comment
UgxNbceI4QGwS8nndl94AaABAg,sales_assistants,2025,2025-11,Will it still send you broke to do a basic shop there?,12,True,False,1,0,Woolworths opens Customer Fulfilment Centre in South Australia | 9 News Australia,9 News Australia,VhMKsmPWuVo,@cchriss_official,2025-11-13 22:13:58+00:00,retail customer service Australia,youtube_comment
Ugybqwsi0lAPttCYQmB4AaABAg,sales_assistants,2025,2025-11,Looks like a whole lot of special visa categories doing low skilled work,13,True,False,3,1,Woolworths opens Customer Fulfilment Centre in South Australia | 9 News Australia,9 News Australia,VhMKsmPWuVo,@ronanrogers4127,2025-11-13 09:21:23+00:00,retail customer service Australia,youtube_comment
UgzFC8vvpzTror95DgF4AaABAg,sales_assistants,2025,2025-11,Allow subtitles for videos please. Sometimes im in public and i dont want anyone to hear what im listening to,20,True,False,0,1,Woolworths opens Customer Fulfilment Centre in South Australia | 9 News Australia,9 News Australia,VhMKsmPWuVo,@iva00005,2025-11-13 08:09:38+00:00,retail customer service Australia,youtube_comment
Ugwz0Rcvt2rPUgy2VDx4AaABAg,sales_assistants,2025,2025-11,So dumb to setup a fake supermarket when you can use robots to pick from a warehouse like other countries have been doing for 2 decades,26,True,False,0,1,Woolworths opens Customer Fulfilment Centre in South Australia | 9 News Australia,9 News Australia,VhMKsmPWuVo,@davidmunro3713,2025-11-13 07:21:58+00:00,retail customer service Australia,youtube_comment
UgyodruegPxwnPyvGdN4AaABAg,sales_assistants,2025,2025-11,Aussie's are getting so lazy,5,True,False,2,0,Woolworths opens Customer Fulfilment Centre in South Australia | 9 News Australia,9 News Australia,VhMKsmPWuVo,@Rory-j8m4k,2025-11-13 05:01:39+00:00,retail customer service Australia,youtube_comment
UgyyErN84lCDhWkkYkd4AaABAg,sales_assistants,2025,2025-11,How long till they'll put robots in there and not need the workers,13,True,False,0,1,Woolworths opens Customer Fulfilment Centre in South Australia | 9 News Australia,9 News Australia,VhMKsmPWuVo,@millidivola1512,2025-11-13 02:44:26+00:00,retail customer service Australia,youtube_comment
Ugwlk_uYdMAdT536h0h4AaABAg,sales_assistants,2025,2025-11,"The same people complaing about this being bad because no customer service, no jobs, automation, increase profits etc are the same ones who get amazon packages at their doorstep daily",30,True,True,5,1,Woolworths opens Customer Fulfilment Centre in South Australia | 9 News Australia,9 News Australia,VhMKsmPWuVo,@matta2738,2025-11-13 00:50:07+00:00,retail customer service Australia,youtube_comment
Ugzt9WhxuBYupHuZvrd4AaABAg,sales_assistants,2025,2025-11,"Comment section is a wild mix of ""this is evil, robots will take our jobs"" and ""this is old-school, it should be full of robots"" in equal measure lmao",29,True,False,4,1,Woolworths opens Customer Fulfilment Centre in South Australia | 9 News Australia,9 News Australia,VhMKsmPWuVo,@lukeMac,2025-11-13 00:17:03+00:00,retail customer service Australia,youtube_comment
UgyTYuirHuJbjM2RMdB4AaABAg,sales_assistants,2025,2025-11,"Wait until this is the norm, no more supermarkets that one could go shopping in . No more going to any shops for shopping . Everything done online aaaaaaand wait till they bring in the Social ID credit score system into place.
Then you will find out that you all walked willingly into a Digital prison .
The illusion of convenience will become the reality of dependence on the governments mercy for you to survive",75,True,False,2,0,Woolworths opens Customer Fulfilment Centre in South Australia | 9 News Australia,9 News Australia,VhMKsmPWuVo,@MickAngelhere,2025-11-12 23:58:30+00:00,retail customer service Australia,youtube_comment
Ugx3pJGB7T3IK_MULv94AaABAg,sales_assistants,2025,2025-11,Id be more fulfilled if you and your mate Coles didnt price gouge.,13,True,False,0,0,Woolworths opens Customer Fulfilment Centre in South Australia | 9 News Australia,9 News Australia,VhMKsmPWuVo,@JS-fw9ot,2025-11-12 22:50:29+00:00,retail customer service Australia,youtube_comment
UgzWjIG5sFRc5EH4mw14AaABAg,sales_assistants,2025,2025-11,"Another prime example of just how very lazy humans are becoming!
Get off your bum and go shopping like the rest of us have to and not mention you are not picking the items yourselves so therefore there is room for error and mistakes do happen.",46,True,False,1,0,Woolworths opens Customer Fulfilment Centre in South Australia | 9 News Australia,9 News Australia,VhMKsmPWuVo,@Tk-ou9ec,2025-11-12 21:57:05+00:00,retail customer service Australia,youtube_comment
Ugyj3a7qdlBEk0BBEC94AaABAg,sales_assistants,2025,2025-11,I still think at the end of the day that this translates to higher prices for consumers when Australians are seeking a cheaper basket of goods and services.,28,True,False,4,1,Woolworths opens Customer Fulfilment Centre in South Australia | 9 News Australia,9 News Australia,VhMKsmPWuVo,@gotellthespartans7361,2025-11-12 20:46:59+00:00,retail customer service Australia,youtube_comment
Ugz3i4WgYH3wwPrnoP14AaABAg,sales_assistants,2025,2025-11,Next generation will be introverts,5,True,False,0,0,Woolworths opens Customer Fulfilment Centre in South Australia | 9 News Australia,9 News Australia,VhMKsmPWuVo,@leeweesquee,2025-11-12 19:56:31+00:00,retail customer service Australia,youtube_comment
Ugx62flAZ2BZQSgPckZ4AaABAg,sales_assistants,2025,2025-11,Could learn a thing or two from Amazon. V inefficient. Where’s the automation?,13,True,False,0,0,Woolworths opens Customer Fulfilment Centre in South Australia | 9 News Australia,9 News Australia,VhMKsmPWuVo,@Lip-po,2025-11-12 19:37:21+00:00,retail customer service Australia,youtube_comment
Ugw8xqw__7gboEJxNF54AaABAg,sales_assistants,2025,2025-11,"Meanwhile the rest of tbe eorld has been using computerised robotic warehouses gir years.
Horse and cart aussie tech, not very fulfilling.
Woke rubbish.",24,True,False,0,0,Woolworths opens Customer Fulfilment Centre in South Australia | 9 News Australia,9 News Australia,VhMKsmPWuVo,@dkea1,2025-11-12 19:35:19+00:00,retail customer service Australia,youtube_comment
Ugz_5mT8Y5LaG48oKlV4AaABAg,sales_assistants,2025,2025-11,"Really this would probably lead to higher prices I think, because now they got to pay people to do the shopping for you. Dont shop at wollies or coles anyway",30,True,False,0,1,Woolworths opens Customer Fulfilment Centre in South Australia | 9 News Australia,9 News Australia,VhMKsmPWuVo,@aussiemanrants,2025-11-12 19:08:25+00:00,retail customer service Australia,youtube_comment
UgzikJAGmjNeuUHdfIt4AaABAg,sales_assistants,2025,2025-11,One of the greediest companies on Earth.,7,True,False,3,0,Woolworths opens Customer Fulfilment Centre in South Australia | 9 News Australia,9 News Australia,VhMKsmPWuVo,@vsboy2577,2025-11-12 16:07:39+00:00,retail customer service Australia,youtube_comment
UgxwSCpZ0qbbyAle51l4AaABAg,sales_assistants,2025,2025-11,"Look at all that garbage so called food, nothing healthy, anything that looks like a packet or box has unhealthy ingredients",21,True,False,5,3,Woolworths opens Customer Fulfilment Centre in South Australia | 9 News Australia,9 News Australia,VhMKsmPWuVo,@Ayks123,2025-11-12 14:55:13+00:00,retail customer service Australia,youtube_comment
Ugz6LSivWfC0oFe_DhJ4AaABAg,sales_assistants,2025,2025-11,Robots will take jobs soon,5,True,False,2,0,Woolworths opens Customer Fulfilment Centre in South Australia | 9 News Australia,9 News Australia,VhMKsmPWuVo,@jocolless7965,2025-11-12 13:57:31+00:00,retail customer service Australia,youtube_comment
UgzUMRb-DfNDTvyDKml4AaABAg,sales_assistants,2025,2025-11,"This is the future. Shops of all sorts as we know it will fade away, online shopping will take over. I am waiting for hip surgery and have troulble walking and carring things. i use online shopping for my weekly shop .it is really fantastic .",46,True,False,1,0,Woolworths opens Customer Fulfilment Centre in South Australia | 9 News Australia,9 News Australia,VhMKsmPWuVo,@markoenrico2684,2025-11-12 13:24:54+00:00,retail customer service Australia,youtube_comment
UgwcZOvspMD4AWhWAMh4AaABAg,sales_assistants,2025,2025-11,A lot of delivery stuff is old stock,8,True,False,0,0,Woolworths opens Customer Fulfilment Centre in South Australia | 9 News Australia,9 News Australia,VhMKsmPWuVo,@umbro12,2025-11-12 12:51:57+00:00,retail customer service Australia,youtube_comment
Ugy72V55LhmyMQrR0EZ4AaABAg,sales_assistants,2025,2025-11,"Is this how backwards things are in backwater Adelaide.

AliExpress and JDcom have hundreds of dark warehouses to pick and sort a few thousand times more items than Woolies, using the latest and smartest robots AMR and AGV like 10 years ago. Temu has even more. Even Oldman Australia Post has a mech sorting centre 4yrs ago. Planning a new one to complete in 3 years time too.

Here we are still using brawn power in Adelaide. WTF?",78,True,False,1,0,Woolworths opens Customer Fulfilment Centre in South Australia | 9 News Australia,9 News Australia,VhMKsmPWuVo,@Dachshundganger,2025-11-12 11:42:17+00:00,retail customer service Australia,youtube_comment
UgzjALxINOas6HGmf0J4AaABAg,sales_assistants,2025,2025-11,Yeah look at their prices and Coles - the Govt needs to give them a good talking to,18,True,False,3,1,Woolworths opens Customer Fulfilment Centre in South Australia | 9 News Australia,9 News Australia,VhMKsmPWuVo,@MyGenesis-LifeLiveLove,2025-11-12 11:29:02+00:00,retail customer service Australia,youtube_comment
UgzE3ORW33lE3-w_jwF4AaABAg,sales_assistants,2025,2025-11,This is great for customers that shop online at least they will get the products they ask for instead of out of stock items 😃,25,True,False,2,1,Woolworths opens Customer Fulfilment Centre in South Australia | 9 News Australia,9 News Australia,VhMKsmPWuVo,@mariescott5892,2025-11-12 11:28:52+00:00,retail customer service Australia,youtube_comment
Ugxr_5erwnIbyBtfKKB4AaABAg,sales_assistants,2025,2025-11,"I love going to the supermarket, catch up with people and overall, a good social outing. Don't be anti-social go out and catch up with folks.",26,True,False,15,9,Woolworths opens Customer Fulfilment Centre in South Australia | 9 News Australia,9 News Australia,VhMKsmPWuVo,@ILOVETHEHIGHCOUNTRY,2025-11-12 11:24:24+00:00,retail customer service Australia,youtube_comment
Ugz4bmYbVphPyHNh3cR4AaABAg,sales_assistants,2025,2025-11,"Terrible shame on them that it's still profit over everything else...(cost of living crisis, customer satisfaction/service, staff happiness/pride, etc) to name just a few. 👎💩",25,True,False,5,0,Woolworths opens Customer Fulfilment Centre in South Australia | 9 News Australia,9 News Australia,VhMKsmPWuVo,@GeneralMisconduct,2025-11-12 11:17:23+00:00,retail customer service Australia,youtube_comment
UgyIMrn0dg-RetLZTwZ4AaABAg,sales_assistants,2025,2025-11,I get a job here,5,True,False,0,0,Woolworths opens Customer Fulfilment Centre in South Australia | 9 News Australia,9 News Australia,VhMKsmPWuVo,@padyyiustanding,2025-11-12 11:16:50+00:00,retail customer service Australia,youtube_comment
Ugxt6i-3B8YmMvBb-Z94AaABAg,sales_assistants,2025,2025-11,Good thing is no more steeling from business🎉🎉🎉,8,True,False,6,1,Woolworths opens Customer Fulfilment Centre in South Australia | 9 News Australia,9 News Australia,VhMKsmPWuVo,@JC-rf6di,2025-11-12 11:14:58+00:00,retail customer service Australia,youtube_comment
UgyaIKvJKykhSSRFN8d4AaABAg,sales_assistants,2025,2025-11,They showing it like its the future but its like 10 years behind rest of the world. We keep offering obsolete degrees in university so automation is for other countries I guess 😂😂😂😂😂. It's an embarrassment to Australians.,38,True,False,0,1,Woolworths opens Customer Fulfilment Centre in South Australia | 9 News Australia,9 News Australia,VhMKsmPWuVo,@Javed-xt9eh,2025-11-12 11:14:37+00:00,retail customer service Australia,youtube_comment
Ugx9Og0mFPsrbsm4UtV4AaABAg,sales_assistants,2025,2025-11,All paid at the lowest possible wage and will be replaced by automation as soon as it is cheap enough.,20,True,False,19,2,Woolworths opens Customer Fulfilment Centre in South Australia | 9 News Australia,9 News Australia,VhMKsmPWuVo,@leedz75,2025-11-12 11:10:00+00:00,retail customer service Australia,youtube_comment
UgzMjTCwE0nP187caZh4AaABAg,sales_assistants,2025,2025-11,Service without a smile. Will this translate into lower prices for customers who use the service?,16,True,False,6,3,Woolworths opens Customer Fulfilment Centre in South Australia | 9 News Australia,9 News Australia,VhMKsmPWuVo,@codeDJAI,2025-11-12 11:05:28+00:00,retail customer service Australia,youtube_comment
Ugw6PSD4ghnd58mFAe54AaABAg,sales_assistants,2025,2025-11,"We the consumer are being ripped off royally and treated like sheep...soon it'll be all online and the orders filled by AI robots, while we pay exorbitant prices",28,True,False,10,2,Woolworths opens Customer Fulfilment Centre in South Australia | 9 News Australia,9 News Australia,VhMKsmPWuVo,@shannoninglis8563,2025-11-12 10:47:47+00:00,retail customer service Australia,youtube_comment
UgxitnPRWIdgdUIQMi54AaABAg,sales_assistants,2025,2025-11,"This is a bad idea. You can’t check dates, you can’t pick fruit or vegetables the way you like, and some meats have way more fat than others. It all ends up being up to the worker’s discretion at Woolworths, not the customer’s. If they make all stores like this, they’ve lost me as a customer.",56,True,False,12,5,Woolworths opens Customer Fulfilment Centre in South Australia | 9 News Australia,9 News Australia,VhMKsmPWuVo,@NeddyShin,2025-11-12 10:41:25+00:00,retail customer service Australia,youtube_comment
Ugwz66gQWTPD2QdvhT54AaABAg,sales_assistants,2025,2025-11,why waste time to shelf goods if no customers are in shop? i don't understand,15,True,False,0,4,Woolworths opens Customer Fulfilment Centre in South Australia | 9 News Australia,9 News Australia,VhMKsmPWuVo,@摳摳子,2025-11-12 10:35:34+00:00,retail customer service Australia,youtube_comment
UgyNTrywZjYbfPa6twV4AaABAg,sales_assistants,2025,2025-11,"Hands up if you remember a time when you left the house to buy groceries, but stayed at home when sick enough for the doctor to come to visit you...

Wondering when the ""shopping trolley"" will become an ancient icon on a screen much like an envelope or a landline handset...",51,True,False,22,1,Woolworths opens Customer Fulfilment Centre in South Australia | 9 News Australia,9 News Australia,VhMKsmPWuVo,@rustycherkas8229,2025-11-12 10:06:44+00:00,retail customer service Australia,youtube_comment
Ugxr7In7ke4FdrrEV694AaABAg,sales_assistants,2025,2025-11,How about fulfilling lower prices you rip of mongerals. !,10,True,False,34,1,Woolworths opens Customer Fulfilment Centre in South Australia | 9 News Australia,9 News Australia,VhMKsmPWuVo,@gregdean8441,2025-11-12 10:05:37+00:00,retail customer service Australia,youtube_comment
UgwDJOiprje2Jxvil214AaABAg,sales_assistants,2025,2025-11,Why didn't they automate it like Amazon.,7,True,False,13,4,Woolworths opens Customer Fulfilment Centre in South Australia | 9 News Australia,9 News Australia,VhMKsmPWuVo,@nattan119,2025-11-12 09:52:16+00:00,retail customer service Australia,youtube_comment
Ugy5JnRYFanispOcKUx4AaABAg,sales_assistants,2025,2025-11,"Woolworths, the fresh food scammers. Selling onions in Brisbane that are borderline rotten, how long do they store them in cold storage for before sending them to store for them to be almost useless for cooking?? So many other products not fresh such as fish and chicken from the deli, they will sell almost anything to clear it. They will offer a refund but don't want to know any further about it. Even the deli manager said 'I hate fish so I don't even want to look at what you purchased' ........ Not anymore for me I refuse to shop there now.",102,True,False,3,3,Woolworths opens Customer Fulfilment Centre in South Australia | 9 News Australia,9 News Australia,VhMKsmPWuVo,@billybob1511,2025-11-12 09:43:12+00:00,retail customer service Australia,youtube_comment
UgyUk1SDrcclNuvIRHp4AaABAg,sales_assistants,2025,2025-11,So they only employ imports?,5,True,False,6,1,Woolworths opens Customer Fulfilment Centre in South Australia | 9 News Australia,9 News Australia,VhMKsmPWuVo,@cranborile,2025-11-12 09:42:11+00:00,retail customer service Australia,youtube_comment
Ugx_8z910B03NTKHgrF4AaABAg,sales_assistants,2025,2025-11,Tomorrow will be a hard hitting expose’ on juggling electric chainsaws in the shower.,14,True,False,1,0,Woolworths opens Customer Fulfilment Centre in South Australia | 9 News Australia,9 News Australia,VhMKsmPWuVo,@CatsJP,2025-11-12 08:27:51+00:00,retail customer service Australia,youtube_comment
UgznUEJe6zPIZUnPlLN4AaABAg,sales_assistants,2022,2022-06,Here's a detailed breakdown of Claire's mistakes: https://youtu.be/bveFPRmF-xM,8,False,False,122,6,Lost Parcel Mock Call Sample,Kwestyon,3ej67cf8Om0,@Kwestyon,2022-06-01 02:08:02+00:00,retail customer service Australia,youtube_comment
UgzhU3_MuiEbfj_T2Nx4AaABAg,sales_assistants,2026,2026-04,im gonna say the cliche TL thing but did anyone else feel because of the lack of empathy statement at the beginning acknowledgement this call was vert transactional ?> agent should of exercised active listening !! very good very bad call lol,42,False,False,0,0,Lost Parcel Mock Call Sample,Kwestyon,3ej67cf8Om0,@davewilliams972,2026-04-26 20:44:51+00:00,retail customer service Australia,youtube_comment
UgzwBNV3c4Hc1sKPPUR4AaABAg,sales_assistants,2026,2026-04,2:44 3:23 & 3:36 LOL 😅😂😆🤣,6,False,False,0,0,Lost Parcel Mock Call Sample,Kwestyon,3ej67cf8Om0,@LucaWeisman-y2n,2026-04-15 18:38:59+00:00,retail customer service Australia,youtube_comment
Ugy16DaJy8QlyygD2O94AaABAg,sales_assistants,2026,2026-03,I’m definitely the agent with bad customer service 😂 not a lot of patience or empathy,16,False,True,0,0,Lost Parcel Mock Call Sample,Kwestyon,3ej67cf8Om0,@fauziyabafagih6625,2026-03-31 18:07:25+00:00,retail customer service Australia,youtube_comment
Ugxaq7qZN2b6WxwuiFd4AaABAg,sales_assistants,2026,2026-02,I was hired! First company na inapplyan ko na tanggap ako agad. 🎉🎉 thank you,15,False,False,0,0,Lost Parcel Mock Call Sample,Kwestyon,3ej67cf8Om0,@katrinagonzales1575,2026-02-26 17:38:54+00:00,retail customer service Australia,youtube_comment
UgyphxLyXKFcsC47ECx4AaABAg,sales_assistants,2026,2026-01,*Fake has become so acceptable that people get offended when u keep it real💯🗣️*,14,False,False,0,0,Lost Parcel Mock Call Sample,Kwestyon,3ej67cf8Om0,@PrathameshAdsul-z8m,2026-01-29 06:30:53+00:00,retail customer service Australia,youtube_comment
UgyrNS03LXCZts7DJ7p4AaABAg,sales_assistants,2026,2026-01,love your manege stress admire you,6,False,False,1,0,Lost Parcel Mock Call Sample,Kwestyon,3ej67cf8Om0,@anishamatus3012,2026-01-16 19:16:12+00:00,retail customer service Australia,youtube_comment
Ugww4nw3F0SOWZdxfdJ4AaABAg,sales_assistants,2026,2026-01,Cant you just tell them to f off and wait,10,False,False,0,0,Lost Parcel Mock Call Sample,Kwestyon,3ej67cf8Om0,@gilyun8352,2026-01-03 18:21:24+00:00,retail customer service Australia,youtube_comment
UgwGjPV0TEbapZCfV4d4AaABAg,sales_assistants,2025,2025-11,"my english level is b1 and was thinking to work as a call center but after watching this video I believed that is not my place couse I can't understand 70% of the sentence I heard so 
thank you for break up my dreem",44,False,False,0,0,Lost Parcel Mock Call Sample,Kwestyon,3ej67cf8Om0,@lolokaty9083,2025-11-19 19:16:17+00:00,retail customer service Australia,youtube_comment
UgyEij8lz5Xh_3UkUel4AaABAg,sales_assistants,2025,2025-11,can i even do this?🥹😭🤣🤣,5,False,False,0,0,Lost Parcel Mock Call Sample,Kwestyon,3ej67cf8Om0,@salipudintasilmaslamama4529,2025-11-17 14:53:51+00:00,retail customer service Australia,youtube_comment
UgzPu8ctLUuUXeRSwSZ4AaABAg,sales_assistants,2025,2025-11,"Hahahhahahahaha headache 🤕 everyday dealing with this kind of same issues😀😀😀😀 payment issues, delivery issues, return issues, collection issues, login issues, wrong item received , item gone faulty etc etc 😅😅😅😅😅",31,False,False,0,0,Lost Parcel Mock Call Sample,Kwestyon,3ej67cf8Om0,@Salu-15e,2025-11-05 09:34:25+00:00,retail customer service Australia,youtube_comment
UgzwjrAfKFnj0UHU7hB4AaABAg,sales_assistants,2025,2025-11,She's speaking to the Karen! 🤡,6,False,False,0,0,Lost Parcel Mock Call Sample,Kwestyon,3ej67cf8Om0,@bernzbernardz6909,2025-11-02 06:28:05+00:00,retail customer service Australia,youtube_comment
UgwpOUqdgiI5V59GYcB4AaABAg,sales_assistants,2025,2025-10,CS should validate first the mailing address.,7,False,False,0,0,Lost Parcel Mock Call Sample,Kwestyon,3ej67cf8Om0,@barryeliseo1351,2025-10-24 07:38:39+00:00,retail customer service Australia,youtube_comment
UgyNGwORECfAz8DHFBx4AaABAg,sales_assistants,2025,2025-10,"Kind explanations and thoughtful repetition create an easy flow; the structure really respects beginners �� Also, I post similar micro‑lessons and would really value your perspective on how I can get better.",32,False,False,0,0,Lost Parcel Mock Call Sample,Kwestyon,3ej67cf8Om0,@FluentByte-n6m,2025-10-21 21:14:52+00:00,retail customer service Australia,youtube_comment
UgwWMtMJ4Lu5BKm4_K94AaABAg,sales_assistants,2025,2025-10,Believe me this is best way to learn English 😂😂,10,False,False,0,0,Lost Parcel Mock Call Sample,Kwestyon,3ej67cf8Om0,@QuranPearls1,2025-10-03 19:08:20+00:00,retail customer service Australia,youtube_comment
UgzaCTCLZXECxYuTNtV4AaABAg,sales_assistants,2025,2025-09,In whole i noticed only that sweet f**k,8,False,False,1,0,Lost Parcel Mock Call Sample,Kwestyon,3ej67cf8Om0,@daywithvijay1,2025-09-19 15:04:17+00:00,retail customer service Australia,youtube_comment
UgwaQ_gRSf-fWGO8I914AaABAg,sales_assistants,2025,2025-09,so it really depends on the client?,7,False,False,0,0,Lost Parcel Mock Call Sample,Kwestyon,3ej67cf8Om0,@peace-d2d,2025-09-18 06:09:01+00:00,retail customer service Australia,youtube_comment
Ugz_XYcTmhMnhjtRtMp4AaABAg,sales_assistants,2025,2025-08,Maybe the location was the wrong one or deliverd to a wrong location,13,False,False,0,0,Lost Parcel Mock Call Sample,Kwestyon,3ej67cf8Om0,@shaunmahlangu7099,2025-08-30 15:00:20+00:00,retail customer service Australia,youtube_comment
UgwZYmG6lcuunKBB9qt4AaABAg,sales_assistants,2025,2025-08,"Hi, I am interested in learning to be a call reviewer; that is, listening to recorded audio calls between a customer and a call center agent, or a customer service representative. the next step is to analyse it or transcribe it into a report. Do you know if there is an online course or where I could be taught that skill? That is for the purpose for employment.",68,False,True,0,0,Lost Parcel Mock Call Sample,Kwestyon,3ej67cf8Om0,@egbertmcleod7087,2025-08-13 22:13:17+00:00,retail customer service Australia,youtube_comment
Ugxn_C2M_1_jV4aWD8l4AaABAg,sales_assistants,2025,2025-07,"I don't have BPO experience, what I do have was front end customer service in a Retail Industry. Honestly, I've only been listening to your videos since morning. Right now, I'm having an headache listening only to those irate customers mock calls. One of my weaknesses actually was taking phone calls from irate customers. Even in retail, it was really giving me headache. Feels like, I was absorbing their frustrations. 😢 One reason why I am watching your videos coz I really wanted to transition in a Healthcare VA industry. I'm preparing myself for possible scenarios I might encounter if in any case I am going to push through this career 😅.",112,False,True,0,0,Lost Parcel Mock Call Sample,Kwestyon,3ej67cf8Om0,@lanceconradfebrero2917,2025-07-31 07:35:24+00:00,retail customer service Australia,youtube_comment
Ugzv2T8MZ_q2rzLllex4AaABAg,sales_assistants,2025,2025-07,Dangerous women I think his husband divorce this lady and there is no voice another person this is immodest and indolent and curse lady very dangerous women she is very dangerous women it's very hard to understand her,38,False,False,0,0,Lost Parcel Mock Call Sample,Kwestyon,3ej67cf8Om0,@RehmatJan-e6b,2025-07-22 09:12:05+00:00,retail customer service Australia,youtube_comment
UgwPUx7pJMxqyz2aMW14AaABAg,sales_assistants,2025,2025-07,"great customer support you showed empathy, apology and last you make sure that the cx feel heard, supported and respected.",20,False,False,0,0,Lost Parcel Mock Call Sample,Kwestyon,3ej67cf8Om0,@AmitKumar-pz7tu,2025-07-18 17:30:23+00:00,retail customer service Australia,youtube_comment
UgxxeQ4ikOmqkbwysrR4AaABAg,sales_assistants,2025,2025-07,Is it happening for a fedex shipper account?,8,False,False,0,0,Lost Parcel Mock Call Sample,Kwestyon,3ej67cf8Om0,@CamilleTrogon-o9s,2025-07-18 07:22:59+00:00,retail customer service Australia,youtube_comment
Ugz6H3Xv5KKJWOkKIbV4AaABAg,sales_assistants,2025,2025-07,This is a really good channel to practice English,9,False,False,0,0,Lost Parcel Mock Call Sample,Kwestyon,3ej67cf8Om0,@Frank-m9o,2025-07-06 03:30:35+00:00,retail customer service Australia,youtube_comment
Ugw13WCRzypkdv94ehR4AaABAg,sales_assistants,2025,2025-06,"Some country if you call the assistant calls is very expensive, but the fedex is not leave without signature insurance",20,False,False,0,0,Lost Parcel Mock Call Sample,Kwestyon,3ej67cf8Om0,@Luxefind,2025-06-29 10:35:26+00:00,retail customer service Australia,youtube_comment
UgyUtlyRC9awaTYuXsx4AaABAg,sales_assistants,2025,2025-06,"This is harder than it looks, probably because I have a coarse voice",13,False,False,0,0,Lost Parcel Mock Call Sample,Kwestyon,3ej67cf8Om0,@Ennydanny,2025-06-08 20:34:42+00:00,retail customer service Australia,youtube_comment
Ugx0dBqySbrPQtG1HKB4AaABAg,sales_assistants,2025,2025-06,"Okay, so the first one is wasn't clear with the customer and was giving a sarcastic tone which led the customer been more angry about it and making the call more complicated for the customer to understand. So, the results were the customer isn't satisfied with her, due to their interaction its more like a debate. 

The second one, is nice she give clear information and expections to the customer. So the customer felt some kind of relieve because it does need to document the incident to make investigation.",89,False,False,0,0,Lost Parcel Mock Call Sample,Kwestyon,3ej67cf8Om0,@kokoramachan2367,2025-06-06 17:36:26+00:00,retail customer service Australia,youtube_comment
Ugz4wRH3dUfMqKf6jjd4AaABAg,sales_assistants,2025,2025-06,Amazing candace im watching .thank you,6,False,False,0,0,Lost Parcel Mock Call Sample,Kwestyon,3ej67cf8Om0,@JanethPacquiao-wr6mz,2025-06-02 11:47:40+00:00,retail customer service Australia,youtube_comment
UgwJH91QwsNT-pkVmex4AaABAg,sales_assistants,2025,2025-05,the 2nd agent will still get a failed CSAT from the customer since she was not able to resolved the issue on that call (even if the agent provide excellent customer service). FUCK those entitled customers...,36,False,True,0,0,Lost Parcel Mock Call Sample,Kwestyon,3ej67cf8Om0,@JohnSmith-nv2bw,2025-05-30 06:42:31+00:00,retail customer service Australia,youtube_comment
UgxL0X5DY_zun1EX-Jd4AaABAg,sales_assistants,2025,2025-05,Thank you for your mock call videos po.. Really helpful for all call center agents,15,False,False,0,1,Lost Parcel Mock Call Sample,Kwestyon,3ej67cf8Om0,@NerdyMoises,2025-05-26 13:27:13+00:00,retail customer service Australia,youtube_comment
Ugz6u_DEn3gRBpru2nJ4AaABAg,sales_assistants,2025,2025-05,Great customer service na ung second call? Hahahahahahahahahaahhahahaha. Tabi ka sakin pag nag call ako turuan kita. Isama mo buong pamilya mo that they might learn as well.,28,False,True,0,0,Lost Parcel Mock Call Sample,Kwestyon,3ej67cf8Om0,@user-bx6jb5mi3v,2025-05-22 19:31:35+00:00,retail customer service Australia,youtube_comment
UgwZJAahEOvfOMxB3nd4AaABAg,sales_assistants,2025,2025-05,katakot makapasaok kaya ako nito hahaha. Mapa watafak nlng ako sa response ng customer,14,False,False,0,0,Lost Parcel Mock Call Sample,Kwestyon,3ej67cf8Om0,@jaynirvana6327,2025-05-17 15:32:44+00:00,retail customer service Australia,youtube_comment
UgxCCqtOABYqRUJvpUB4AaABAg,sales_assistants,2025,2025-05,As mad as I could be as customer. The customer needs to watch their manners. One thing is to be mad and another thing is to be respectful. I would not consent them to use the tone they used with the first lady.,43,False,False,2,0,Lost Parcel Mock Call Sample,Kwestyon,3ej67cf8Om0,@mariajoseflorezvaliente7136,2025-05-13 21:25:26+00:00,retail customer service Australia,youtube_comment
Ugx5u8FdD-loJTMY4aR4AaABAg,sales_assistants,2025,2025-05,"Actually, if you’re a customer service in FedEx fastened your seatbelts. The drivers really 😂😂😂😂😂",15,False,True,6,1,Lost Parcel Mock Call Sample,Kwestyon,3ej67cf8Om0,@kenth8659,2025-05-02 23:15:22+00:00,retail customer service Australia,youtube_comment
UgxJXpQqIsyOibp9iTJ4AaABAg,sales_assistants,2025,2025-04,Whoever plays Tabitha is spot on. This is how customers are. Your videos are very helpful on how to respond to customers like this.,24,False,False,83,2,Lost Parcel Mock Call Sample,Kwestyon,3ej67cf8Om0,@MelissaBravo-e5c,2025-04-25 16:01:19+00:00,retail customer service Australia,youtube_comment
Ugw-9yH9JmeBCion7QR4AaABAg,sales_assistants,2025,2025-04,0:43 (BUZZER SOUND) there definitely should have been an empathy statement right there.,13,False,False,6,1,Lost Parcel Mock Call Sample,Kwestyon,3ej67cf8Om0,@iamtimfoley,2025-04-10 01:57:29+00:00,retail customer service Australia,youtube_comment
UgztZyVlkWY2SxUGd3t4AaABAg,sales_assistants,2025,2025-03,"It was nice being mistake and then surpricely being good at last hehehe, interesting❤",14,False,False,0,0,Lost Parcel Mock Call Sample,Kwestyon,3ej67cf8Om0,@AIDAMAYESTREMOS,2025-03-29 08:18:50+00:00,retail customer service Australia,youtube_comment
UgyFK8d_-ofSaVgYZFF4AaABAg,sales_assistants,2025,2025-03,the customer on the first call is already nasty and keeps interrupting the agent you comparison is irrelevant,18,False,False,0,0,Lost Parcel Mock Call Sample,Kwestyon,3ej67cf8Om0,@HottyFix,2025-03-12 06:27:16+00:00,retail customer service Australia,youtube_comment
UgwaDS3mlzwec8PafN14AaABAg,sales_assistants,2025,2025-03,mag calls nami later huhu,5,False,False,1,0,Lost Parcel Mock Call Sample,Kwestyon,3ej67cf8Om0,@inojaleschrisanne.4982,2025-03-10 09:54:48+00:00,retail customer service Australia,youtube_comment
UgyoJrLqvxBq8Quu7JB4AaABAg,sales_assistants,2025,2025-02,"I truly appreciate the way you present the mock calls. Your approach is clear, engaging, and highly effective. I am extremely happy with the quality and professionalism you bring to the sessions. Thank you for your effort .",38,False,False,0,0,Lost Parcel Mock Call Sample,Kwestyon,3ej67cf8Om0,@ZDtt635,2025-02-24 18:25:31+00:00,retail customer service Australia,youtube_comment
UgwSsL_PCAEvD6JfNLB4AaABAg,sales_assistants,2025,2025-02,Candace’s scripting was clearly a PROMOTER CALL AND 101%kudos call,10,False,False,0,0,Lost Parcel Mock Call Sample,Kwestyon,3ej67cf8Om0,@DietherMartinLatog,2025-02-22 01:26:04+00:00,retail customer service Australia,youtube_comment
UgyeQrkusqVSiOHxDB54AaABAg,sales_assistants,2025,2025-02,"1st: 
agent lacks the empathy, acknowledgement, did not align with the customer’s emotion first. 

Agent is somehow rude and uses jargons, 
Lacks positive scripting",24,False,False,1,0,Lost Parcel Mock Call Sample,Kwestyon,3ej67cf8Om0,@DietherMartinLatog,2025-02-22 01:17:45+00:00,retail customer service Australia,youtube_comment
Ugw68D6udk46ZhFlF-J4AaABAg,sales_assistants,2025,2025-02,Thanks for helping us to grow in bpo industry ❤,10,False,False,0,0,Lost Parcel Mock Call Sample,Kwestyon,3ej67cf8Om0,@Videos_by_Ashu,2025-02-21 05:21:59+00:00,retail customer service Australia,youtube_comment
Ugy2Kytk3tAu_z4vvn94AaABAg,sales_assistants,2025,2025-01,"Misdelivery missing package is the root cause of this call. The possible solution is to contact the store where the recipient purchased the item and file a claim for replacement or refund. As an agent, emailed to the driver regarding the misdelivery and create an issue. But it depends on the process. Actually I'm under logistics account.",57,False,False,1,1,Lost Parcel Mock Call Sample,Kwestyon,3ej67cf8Om0,@dexters_lab17,2025-01-16 12:22:16+00:00,retail customer service Australia,youtube_comment
UgwTgwSJr3k91e2Ix4t4AaABAg,sales_assistants,2025,2025-01,Hey! I love this video do you have any video related about order delivery delay due to driver pending acceptance and delivery was delayed due unavailable item and because of this issue why most of the deliveries are moved to different dates. I hate when the customer blames you because you can do what they wanted you to do and keep on comparing service from other retail platforms.,68,False,True,0,1,Lost Parcel Mock Call Sample,Kwestyon,3ej67cf8Om0,@RaineSembrano-w7w,2025-01-12 14:06:49+00:00,retail customer service Australia,youtube_comment
UgwWZdkh3P4xJH6vb6Z4AaABAg,sales_assistants,2025,2025-01,candice is very detail understanding agent,6,False,False,0,0,Lost Parcel Mock Call Sample,Kwestyon,3ej67cf8Om0,@jocelcastillo7435,2025-01-05 16:24:49+00:00,retail customer service Australia,youtube_comment
UgwVzhAGa4RtQwiTXMB4AaABAg,sales_assistants,2025,2025-01,"In reality, the first one always happens. Idrc anymore. These entitled beings are too dumb to know what they are even talking about. I just do my job and get paid. That’s all",33,False,False,0,0,Lost Parcel Mock Call Sample,Kwestyon,3ej67cf8Om0,@joshuacanteveros526,2025-01-04 00:12:01+00:00,retail customer service Australia,youtube_comment
Ugw2NtVMEsRCp_myQNN4AaABAg,sales_assistants,2024,2024-12,"how big are them❤,love it😊",5,False,False,1,0,Lost Parcel Mock Call Sample,Kwestyon,3ej67cf8Om0,@hihu-f7u,2024-12-05 04:31:45+00:00,retail customer service Australia,youtube_comment
UgyFausdf-T7kve0-u94AaABAg,sales_assistants,2024,2024-12,listening to Claire makes my blood boil... hehe,8,False,False,1,0,Lost Parcel Mock Call Sample,Kwestyon,3ej67cf8Om0,@MarvieDiola-p5v,2024-12-04 05:53:38+00:00,retail customer service Australia,youtube_comment
UgzTGTcSixO6zFWi_GZ4AaABAg,sales_assistants,2024,2024-11,Anong ginagawa mo during team building,6,False,False,0,0,Lost Parcel Mock Call Sample,Kwestyon,3ej67cf8Om0,@justlearnhow4136,2024-11-30 08:06:53+00:00,retail customer service Australia,youtube_comment
UgxJaBInwSOJPawxcvF4AaABAg,sales_assistants,2024,2024-11,OMG! I have experience working in the BPO industry and as far as I can remember ung examples ng mock calls or call listening during training is only showing na parang ang dali dali nung trabaho hihi not knowing na pag nasa prod na eh madalas may mga irate customers kaya nkakaloka tlaga ahhaha Good job po and ganda ng vids mo sissy! dami kong natututunan sayooo,67,False,False,0,0,Lost Parcel Mock Call Sample,Kwestyon,3ej67cf8Om0,@Precy-n5k,2024-11-28 15:05:58+00:00,retail customer service Australia,youtube_comment
UgxFvsWvmu06YenKZtx4AaABAg,sales_assistants,2024,2024-11,7:29 continue living your miserable life 😂😂,7,False,False,4,0,Lost Parcel Mock Call Sample,Kwestyon,3ej67cf8Om0,@Massrrya,2024-11-17 10:05:48+00:00,retail customer service Australia,youtube_comment
Ugx_Rjm7lhpDYI3GtHt4AaABAg,sales_assistants,2024,2024-11,Bad customer service. The agent cannot solve the problem,9,False,True,1,1,Lost Parcel Mock Call Sample,Kwestyon,3ej67cf8Om0,@jollywee12345,2024-11-15 15:30:57+00:00,retail customer service Australia,youtube_comment
Ugw5n2sVYON9ImGrpXx4AaABAg,sales_assistants,2024,2024-11,Im dont have any experience when it comes to call center agent but after watching this im feeling a lot of pressure,22,False,False,0,0,Lost Parcel Mock Call Sample,Kwestyon,3ej67cf8Om0,@geraldcastillo2415,2024-11-09 05:39:46+00:00,retail customer service Australia,youtube_comment
UgznUni29frmgHPBM4V4AaABAg,sales_assistants,2024,2024-11,Why the stupid customer doesn't greet at call opening ?,10,False,False,0,0,Lost Parcel Mock Call Sample,Kwestyon,3ej67cf8Om0,@ManuelFlorez-l6r,2024-11-07 16:40:23+00:00,retail customer service Australia,youtube_comment
UgyhAnamlh_F_BT9PEJ4AaABAg,sales_assistants,2024,2024-11,"I'm working in a call Center now,the firts time I heard and watch this video I could not understand anything however I was trying to get the job but now I gotcha and it's amazing I decided to practice one more time and now I can understand the 98% of this call it's amazing .",55,False,False,7,1,Lost Parcel Mock Call Sample,Kwestyon,3ej67cf8Om0,@estrellanegrawalkers5465,2024-11-07 04:25:54+00:00,retail customer service Australia,youtube_comment
UgzQqAA-miGSPr-_Llh4AaABAg,sales_assistants,2024,2024-11,"I did not see any empathy in the calls, I think you missed it",14,False,False,0,0,Lost Parcel Mock Call Sample,Kwestyon,3ej67cf8Om0,@Life-Love-Latitude,2024-11-07 04:10:25+00:00,retail customer service Australia,youtube_comment
UgwOK5cwSutVKzhXc3J4AaABAg,sales_assistants,2024,2024-10,If only big companies watched this so many bad experience with outsourced agents.,13,False,False,3,0,Lost Parcel Mock Call Sample,Kwestyon,3ej67cf8Om0,@dylansteele10,2024-10-26 14:19:38+00:00,retail customer service Australia,youtube_comment
Ugz8hzwCm-tcGMPjiIl4AaABAg,sales_assistants,2024,2024-10,"we'll be having our first mock call next week, your videos are always helpful",14,False,False,0,1,Lost Parcel Mock Call Sample,Kwestyon,3ej67cf8Om0,@uri_abi,2024-10-13 11:06:51+00:00,retail customer service Australia,youtube_comment
UgxTIZaKnjLsejpPCTd4AaABAg,sales_assistants,2024,2024-10,shuta. hindi nagapologize at walang empathy,6,False,False,0,0,Lost Parcel Mock Call Sample,Kwestyon,3ej67cf8Om0,@eneychiel,2024-10-06 03:42:41+00:00,retail customer service Australia,youtube_comment
UgwbZ5pDwqlb8CpAxfl4AaABAg,sales_assistants,2024,2024-10,"I was just about to apply for a position for this job. But seeing this, I would be the first one. I wouldnt be able to deal with the abuse.",30,False,False,0,0,Lost Parcel Mock Call Sample,Kwestyon,3ej67cf8Om0,@twistpheephee,2024-10-02 16:44:13+00:00,retail customer service Australia,youtube_comment
UgyKkyyOAAlDdxaSZwN4AaABAg,sales_assistants,2024,2024-09,Ate sheens .. I passed the interview for a logistic account .. hope to got the J.O .. wish me luck ..,22,False,False,0,0,Lost Parcel Mock Call Sample,Kwestyon,3ej67cf8Om0,@princesslesliemirador7319,2024-09-24 11:36:06+00:00,retail customer service Australia,youtube_comment
UgwruFgXdEa2h_Icc0F4AaABAg,sales_assistants,2024,2024-09,Does it makes sense telling customers all the time we are sorry ?,13,False,False,0,1,Lost Parcel Mock Call Sample,Kwestyon,3ej67cf8Om0,@AbdulkudusYusuf,2024-09-22 12:58:14+00:00,retail customer service Australia,youtube_comment
UgyYdd8dsl9n2KFMdr14AaABAg,sales_assistants,2024,2024-09,"LOL She Said - ""She Is Being Nice"" 😂",9,False,False,3,0,Lost Parcel Mock Call Sample,Kwestyon,3ej67cf8Om0,@gulzarsyed325,2024-09-18 12:48:47+00:00,retail customer service Australia,youtube_comment
UgzAdgMHEHT0zq84xxJ4AaABAg,sales_assistants,2024,2024-09,She's the GOAT. She offers us what no call center Training can sufficiently offer.,14,False,False,195,0,Lost Parcel Mock Call Sample,Kwestyon,3ej67cf8Om0,@evansmungai6384,2024-09-18 01:15:12+00:00,retail customer service Australia,youtube_comment
UgxZmTiPOqzuFKhhJp14AaABAg,sales_assistants,2024,2024-09,Restless video ❤ thank you mam.,6,False,False,0,0,Lost Parcel Mock Call Sample,Kwestyon,3ej67cf8Om0,@ShafiulAzam-m5l,2024-09-02 07:36:12+00:00,retail customer service Australia,youtube_comment
Ugy7Pme1jkn1tbKzSOF4AaABAg,sales_assistants,2024,2024-09,Anderson Sarah Rodriguez Jessica White James,6,False,False,0,0,Lost Parcel Mock Call Sample,Kwestyon,3ej67cf8Om0,@BloomerVicky,2024-09-01 02:31:59+00:00,retail customer service Australia,youtube_comment
UgyfZFxZMsZG5lAzELl4AaABAg,sales_assistants,2024,2024-08,Hi what brand of headset you're using?,7,False,False,0,0,Lost Parcel Mock Call Sample,Kwestyon,3ej67cf8Om0,@julianneflores1027,2024-08-31 21:13:03+00:00,retail customer service Australia,youtube_comment
UgyNoKT-AECOTsycmjl4AaABAg,sales_assistants,2024,2024-08,"this has been helpful, thank you!",6,False,False,0,0,Lost Parcel Mock Call Sample,Kwestyon,3ej67cf8Om0,@pristineanggo1704,2024-08-25 02:12:36+00:00,retail customer service Australia,youtube_comment
UgyzElQSP3tSO-HKsfp4AaABAg,sales_assistants,2024,2024-08,I'm sorry but I laughed throughout the entire video 😂 that client was a real grump,16,False,False,3,0,Lost Parcel Mock Call Sample,Kwestyon,3ej67cf8Om0,@FreddyBeltran-c8m,2024-08-15 02:51:45+00:00,retail customer service Australia,youtube_comment
Ugy9sZWJzMtOzpGbLr14AaABAg,sales_assistants,2024,2024-08,you should be wearing a full mask bitch coz your face is kind of disturbing..,15,False,False,0,1,Lost Parcel Mock Call Sample,Kwestyon,3ej67cf8Om0,@annyeonghaseyo1243,2024-08-12 02:23:58+00:00,retail customer service Australia,youtube_comment
Ugz3EuV6jIrO690roPF4AaABAg,sales_assistants,2024,2024-08,The first call was so funny my god 🤣🤣🤣,9,False,False,2,0,Lost Parcel Mock Call Sample,Kwestyon,3ej67cf8Om0,@HaluhalongPuna,2024-08-02 06:43:05+00:00,retail customer service Australia,youtube_comment
UgxlSiqa0N2sZyCk1VB4AaABAg,sales_assistants,2024,2024-08,Thanks for helping vedio I have my Boots interview yesterday,10,False,False,1,0,Lost Parcel Mock Call Sample,Kwestyon,3ej67cf8Om0,@SaminaSakhawat,2024-08-01 12:10:55+00:00,retail customer service Australia,youtube_comment
Ugx6okCpYJSl9mz-bih4AaABAg,sales_assistants,2024,2024-08,Paano ako na hindi marunong mag English..konti lang ang nalalaman naku wag nlang kaya ako mag apply sa call center. Tinawagan pa naman ako ngayon na bukas puntahan ko daw office huhuhu ang hirap!,34,False,False,0,0,Lost Parcel Mock Call Sample,Kwestyon,3ej67cf8Om0,@HannaDonque-pf4mo,2024-08-01 08:55:16+00:00,retail customer service Australia,youtube_comment
Ugz2dZYQ8q5xMaND40t4AaABAg,sales_assistants,2024,2024-07,"In that case, i guess, the situation set on is that the first call center agent doesnt got it the request and, she doesnt listened with dedicated attention about of wrong address issue caused by fedex, when tabita told that ""in my aparament there is no a porch in front"" , the first agent would have to solve the problem right away, but , i think she focused on the irate comment againts her taking personally the attacks, whats wrong!",80,False,False,1,0,Lost Parcel Mock Call Sample,Kwestyon,3ej67cf8Om0,@TecnoJoSam,2024-07-29 11:40:57+00:00,retail customer service Australia,youtube_comment
Ugw0JsSt3jpWCFEhxpB4AaABAg,sales_assistants,2024,2024-07,Please do more videos like this,6,False,False,0,0,Lost Parcel Mock Call Sample,Kwestyon,3ej67cf8Om0,@rishipatil6383,2024-07-26 07:11:07+00:00,retail customer service Australia,youtube_comment
UgwuaKjSZXWCJClrBbl4AaABAg,sales_assistants,2024,2024-07,"No apologies from the first representative | No assurance 
Very casual call",12,False,False,0,0,Lost Parcel Mock Call Sample,Kwestyon,3ej67cf8Om0,@spylite4668,2024-07-10 13:35:44+00:00,retail customer service Australia,youtube_comment
UgwCBv28-QJPbq4e-oF4AaABAg,sales_assistants,2024,2024-07,Tabitha been hitting the wine box,6,False,False,4,0,Lost Parcel Mock Call Sample,Kwestyon,3ej67cf8Om0,@michaelcooley66,2024-07-09 06:40:24+00:00,retail customer service Australia,youtube_comment
UgzDEdZXoGaIuvC1DUp4AaABAg,sales_assistants,2024,2024-07,just let the caller know what you're doing while you're talking with them and explain all the jargons with them clearly.,21,False,False,1,0,Lost Parcel Mock Call Sample,Kwestyon,3ej67cf8Om0,@polmusic2172,2024-07-08 23:04:05+00:00,retail customer service Australia,youtube_comment
Ugz6cV20sbNRNv_Gr9R4AaABAg,sales_assistants,2024,2024-07,"actually i have get some idea about this video thank you for learning maybe one of this days use it,,because i have plant to apply a call center.",28,False,False,1,0,Lost Parcel Mock Call Sample,Kwestyon,3ej67cf8Om0,@rustysanchez-g7l,2024-07-01 03:27:31+00:00,retail customer service Australia,youtube_comment
UgzW4780cvIUIO2YiJJ4AaABAg,sales_assistants,2024,2024-06,Kinakabahan tuloy ako mag call center,6,False,False,0,0,Lost Parcel Mock Call Sample,Kwestyon,3ej67cf8Om0,@raresshorterist1242,2024-06-28 14:14:36+00:00,retail customer service Australia,youtube_comment
UgwuYur-u4HDJ671t3B4AaABAg,sales_assistants,2024,2024-06,"Thank You so much, for your commitment.. I left My previous job working in a call Center, I'm listening your videos again like the first time I got My job.. I appreciate your videos.!!",34,False,False,0,0,Lost Parcel Mock Call Sample,Kwestyon,3ej67cf8Om0,@arnoldopasquier3902,2024-06-21 18:18:11+00:00,retail customer service Australia,youtube_comment
UgzSs0P5swWATLDe--F4AaABAg,registered_nurses,2026,2026-04,"Hi, what sallery for out patient department nurse",8,True,True,0,0,Top 5 Highest Paid Nurses in Australia,Pawan Sandhu,ctujVXTbsHA,@zahidalatif6161,2026-04-02 14:32:35+00:00,nursing Australia,youtube_comment
UgwxALM2LnodmsVdro94AaABAg,registered_nurses,2026,2026-01,These salaries included night shifts and penalties?,7,True,False,1,0,Top 5 Highest Paid Nurses in Australia,Pawan Sandhu,ctujVXTbsHA,@IoannisBakirtzis,2026-01-30 11:38:19+00:00,nursing Australia,youtube_comment
UgwPt6WTmJcFVeUDxnZ4AaABAg,registered_nurses,2026,2026-01,What about the nurse anesthetist pay?,6,True,True,0,0,Top 5 Highest Paid Nurses in Australia,Pawan Sandhu,ctujVXTbsHA,@blaicythomas4310,2026-01-24 19:42:15+00:00,nursing Australia,youtube_comment
UgzUCRPR61i4yXGOhEd4AaABAg,registered_nurses,2025,2025-12,What is Salary of Vocational Education Training's *Trainer* ?,9,True,False,1,0,Top 5 Highest Paid Nurses in Australia,Pawan Sandhu,ctujVXTbsHA,@mrs_monudhankhar,2025-12-14 12:58:01+00:00,nursing Australia,youtube_comment
Ugx1klEM1D4qN6M4y-14AaABAg,registered_nurses,2025,2025-12,Is there any tips or recommendations about getting nursing jobs ?,11,True,True,1,0,Top 5 Highest Paid Nurses in Australia,Pawan Sandhu,ctujVXTbsHA,@Love-i3n,2025-12-11 14:31:41+00:00,nursing Australia,youtube_comment
Ugzi-AhylKUdmJSPV2d4AaABAg,registered_nurses,2025,2025-10,"Truly eye-opening breakdown! Knowing the pathways—clinical nurse specialist, nurse practitioner, unit manager, consultant, educator—helps global aspirants make smart career plans and upskill for higher earnings.",25,True,True,2,0,Top 5 Highest Paid Nurses in Australia,Pawan Sandhu,ctujVXTbsHA,@abroadgnangurudvivid,2025-10-15 11:17:48+00:00,nursing Australia,youtube_comment
UgwJ46RZ8qKQ4oX2aPh4AaABAg,registered_nurses,2025,2025-09,There are less NPs in Australia than you say.,9,True,False,2,0,Top 5 Highest Paid Nurses in Australia,Pawan Sandhu,ctujVXTbsHA,@robnkellfrancis2518,2025-09-11 10:13:58+00:00,nursing Australia,youtube_comment
Ugyu_pnthiLChbdWYb14AaABAg,registered_nurses,2025,2025-06,Goodness that's a lot of money isn't it,8,True,False,0,0,Top 5 Highest Paid Nurses in Australia,Pawan Sandhu,ctujVXTbsHA,@DanielStone-yw1rn,2025-06-26 06:58:47+00:00,nursing Australia,youtube_comment
UgyVCrg8jI1M0yiwMG14AaABAg,registered_nurses,2025,2025-06,Hi Pawan I am arminder from India my son son is doing bachelor of nursing from ACU melbourne please I you tell me that it's course is end in 2026 please tell me if he will get good job after graduation and wt is chances of Getting PR,48,True,True,0,0,Top 5 Highest Paid Nurses in Australia,Pawan Sandhu,ctujVXTbsHA,@parminderpadwal231,2025-06-13 05:09:14+00:00,nursing Australia,youtube_comment
UgwvDlz97b7qwualwUh4AaABAg,registered_nurses,2025,2025-06,Is it true to be permanent lecturer in the university you need PHD minimum?,14,True,False,1,0,Top 5 Highest Paid Nurses in Australia,Pawan Sandhu,ctujVXTbsHA,@bluearmy7690,2025-06-12 23:09:35+00:00,nursing Australia,youtube_comment
UgwolONAlYDPjYB0XkB4AaABAg,registered_nurses,2025,2025-06,is this numbers in AUD or USD $?,8,True,False,1,1,Top 5 Highest Paid Nurses in Australia,Pawan Sandhu,ctujVXTbsHA,@zehrakazak7705,2025-06-09 21:26:43+00:00,nursing Australia,youtube_comment
UgyqwsxHeNz5TOHOFx14AaABAg,registered_nurses,2025,2025-04,"Hi Pawan, thank you for your great vedio. I understand that many universities have a minimum GPA requirement—often around 4.0 or 5.0—but I’m curious about the actual GPA of successful applicants.

I also understand that clinical experience, references, and personal statements play a significant role in the application process. However, I would really appreciate any insight into what kind of GPA is generally considered competitive.

Thank you so much in advance!",71,True,False,2,0,Top 5 Highest Paid Nurses in Australia,Pawan Sandhu,ctujVXTbsHA,@Glowaltogether,2025-04-04 18:18:12+00:00,nursing Australia,youtube_comment
UgzWF_fapoHlXciBXKZ4AaABAg,registered_nurses,2025,2025-04,I.m midwife. Ineed come Australia,5,True,False,2,0,Top 5 Highest Paid Nurses in Australia,Pawan Sandhu,ctujVXTbsHA,@AishaRashid-bh5sy,2025-04-04 11:16:16+00:00,nursing Australia,youtube_comment
Ugwp19hjWddmrhFrgR54AaABAg,registered_nurses,2025,2025-03,"Hi pawan...
I have 1 question,please try to answer this...
I have got GNM diploma in nursing,and i also have 6 years of experience..
Will that help shorten the duration of Bsc nursing??",33,True,True,1,2,Top 5 Highest Paid Nurses in Australia,Pawan Sandhu,ctujVXTbsHA,@nainagurung6085,2025-03-26 13:55:05+00:00,nursing Australia,youtube_comment
Ugzg_KsOPjzi4nvYbmB4AaABAg,registered_nurses,2025,2025-02,"Hi my spouse is clinical nurse practitioner in Uk,she can get the same post in Australia",16,True,True,0,1,Top 5 Highest Paid Nurses in Australia,Pawan Sandhu,ctujVXTbsHA,@reuben2586,2025-02-19 21:06:23+00:00,nursing Australia,youtube_comment
Ugx2Z-T6n-CLMhi8EaJ4AaABAg,registered_nurses,2025,2025-02,"Hi Pawan! Your video was recommended in my youtube feed. It was quite interesting to watch - I have been nursing in Australia for over 30 years in a lot of different areas - hospital, research, management, specialty areas, and I've seen the RN role, scope, practice and income change a lot over the years. I noticed that residential aged care was not mentioned - a lot of residential aged care facilities are remunerating RNs very well these days to attract competent committed staff. An RN working just under 70 hours (ie. part time) per fortnight can attain a salary of $110-120 K. Opportunities also present for younger nurses to develop their clinical and leadership skills and progress to promotional positions in clinical management and facility management. (Bonus is no rotating roster - have set shifts). Specialty qualifications higher than Bachelor Degree are also rewarded and an allowance is paid for that as well.",154,True,True,16,3,Top 5 Highest Paid Nurses in Australia,Pawan Sandhu,ctujVXTbsHA,@Seraphim_au,2025-02-15 19:55:23+00:00,nursing Australia,youtube_comment
Ugzl0McPd1IROv3Yabh4AaABAg,registered_nurses,2025,2025-02,Please share a video on MBA in health care management.,10,True,False,3,0,Top 5 Highest Paid Nurses in Australia,Pawan Sandhu,ctujVXTbsHA,@PRoychowdhury4356,2025-02-03 07:03:05+00:00,nursing Australia,youtube_comment
UgyzVL3yM_u6VToLxJ94AaABAg,registered_nurses,2025,2025-01,Plzz di one video on your experience? How u manage paying fee expenses what job u did ? 🙏,19,True,False,1,1,Top 5 Highest Paid Nurses in Australia,Pawan Sandhu,ctujVXTbsHA,@SajBhullar,2025-01-26 02:57:29+00:00,nursing Australia,youtube_comment
Ugy25_ZLfdSkzG23TCR4AaABAg,registered_nurses,2025,2025-01,Mam can u please tell procedure of doing dentistry in Australia after +2 ?? Requirements? Cost?? It means a lot sis if u reply ✨🥲,25,True,False,0,1,Top 5 Highest Paid Nurses in Australia,Pawan Sandhu,ctujVXTbsHA,@Guneet-j7w,2025-01-24 07:30:36+00:00,nursing Australia,youtube_comment
UgzHCaXx_WTbaENXnZB4AaABAg,registered_nurses,2025,2025-01,Hi di how much we have to show fund for nursing admission in australia?we have show fee of 3 years?,20,True,True,0,1,Top 5 Highest Paid Nurses in Australia,Pawan Sandhu,ctujVXTbsHA,@SajBhullar,2025-01-24 06:48:58+00:00,nursing Australia,youtube_comment
UgytZ6WzpFWWF4BxAWx4AaABAg,registered_nurses,2025,2025-01,"Mam , i recently pursued nursing , i have a problem call palmer hyperhidrosis, sometime my palm sweat a lot occasionally like in a hot temperature, in crowded places, and sometimes when i stress a bit , it will bother me on my study and practical field? Can i become a good nurse who can take care of patient very well ?",62,True,True,1,2,Top 5 Highest Paid Nurses in Australia,Pawan Sandhu,ctujVXTbsHA,@Arghakundu1599,2025-01-21 17:13:48+00:00,nursing Australia,youtube_comment
Ugw37p05YXULp0HPRel4AaABAg,registered_nurses,2025,2025-01,What is regular salary of nurse rn ?,8,True,True,2,3,Top 5 Highest Paid Nurses in Australia,Pawan Sandhu,ctujVXTbsHA,@JiyaPatel-p3d,2025-01-21 10:02:23+00:00,nursing Australia,youtube_comment
Ugy7xgQY3pMqJfJJRPh4AaABAg,registered_nurses,2025,2025-01,Is there anybody for nursing in griffith uni feb intake 2025??,11,True,True,1,2,Top 5 Highest Paid Nurses in Australia,Pawan Sandhu,ctujVXTbsHA,@TheeeOuzeees,2025-01-21 09:28:12+00:00,nursing Australia,youtube_comment
Ugw683hBXFApQ1lk5ER4AaABAg,registered_nurses,2025,2025-01,Plz make video on assignment making in nursing I’m going for March at deakin for bachelor of nursing,18,True,True,6,0,Top 5 Highest Paid Nurses in Australia,Pawan Sandhu,ctujVXTbsHA,@haridharaagroorganics1373,2025-01-21 08:13:19+00:00,nursing Australia,youtube_comment
UgyyUYMk_prNztPGXtV4AaABAg,registered_nurses,2025,2025-01,mam waiting for your video on assignment making. my classes are going to atart in feb. please make when you have free time.,23,True,False,7,0,Top 5 Highest Paid Nurses in Australia,Pawan Sandhu,ctujVXTbsHA,@himanshubhagat7679,2025-01-21 07:46:08+00:00,nursing Australia,youtube_comment
Ugyb7Y8ZyawMtGAkOTh4AaABAg,registered_nurses,2026,2026-05,"Hello po! I am a Nursing student from the Philippines, OLFU - Valenzuela. We are conducting our research study entitled: ""Differences in Nursing Practice among Filipino Nurses Overseas: A Comparative Analysis""

We need a Filipino nurse who are:
- Male or Female 
- Must have at least 2 years of working as Nurse in SAUDI ARABIA, USA, AUSTRALIA, UK, and NEW ZEALAND. And willing to participate in the study. 

May I ask if you can participate in our study, it will only take 10-15 mins to answer the Google form survey. Participation in this study is entirely voluntary. You may refuse to participate or withdraw at any time. 

Rest assured that all information collected will be kept confidential and will be used strictly for academic purposes only. Your participation would be a great help in completing our Nursing Research subject for thos semester. Thank you so much!",147,True,True,0,0,But what&#39;s the FIRST STEP to becoming Australia&#39;s Registered Nurse? NCLEX!,Nurse Teacher Kristine Australia,RnZ3mpXbtZU,@sophiaramirez8811,2026-05-05 05:02:44+00:00,nursing Australia,youtube_comment
UgzeBuasEyM2xqzDyfZ4AaABAg,registered_nurses,2025,2025-10,"I passed the NCLEX last year through the New York Board of Nursing in the U.S. I’m an overseas nurse who did not graduate from the U.S. or Australia, and I haven’t started working in New York yet. I’m now planning to move to Australia — can my NCLEX result be accepted there, or do I need to take the NCLEX again? Thank you",64,True,True,0,2,But what&#39;s the FIRST STEP to becoming Australia&#39;s Registered Nurse? NCLEX!,Nurse Teacher Kristine Australia,RnZ3mpXbtZU,@NW-19-t9c,2025-10-29 18:56:35+00:00,nursing Australia,youtube_comment
UgwF0ESFdCmoYskJXMF4AaABAg,registered_nurses,2025,2025-06,I have already passed my NCLEX,6,True,False,1,1,But what&#39;s the FIRST STEP to becoming Australia&#39;s Registered Nurse? NCLEX!,Nurse Teacher Kristine Australia,RnZ3mpXbtZU,@user-rg9mi7ik5c,2025-06-30 14:44:26+00:00,nursing Australia,youtube_comment
Ugzjs2Et4ebNNCvmpWB4AaABAg,registered_nurses,2025,2025-02,So if we don't subscribe we can't get update,9,True,False,1,1,But what&#39;s the FIRST STEP to becoming Australia&#39;s Registered Nurse? NCLEX!,Nurse Teacher Kristine Australia,RnZ3mpXbtZU,@nursesprenuerworld184,2025-02-08 10:14:17+00:00,nursing Australia,youtube_comment
Ugyg2prl1YwUrdD86hZ4AaABAg,registered_nurses,2024,2024-09,Hi i am arts graduate can i apply for master of nursing in Australia??? Which short term diploma।best for admission in aus,22,True,True,0,8,But what&#39;s the FIRST STEP to becoming Australia&#39;s Registered Nurse? NCLEX!,Nurse Teacher Kristine Australia,RnZ3mpXbtZU,@gagandeepkaur9496,2024-09-18 06:21:56+00:00,nursing Australia,youtube_comment
UgyRSOo5jmaZOt3DWVF4AaABAg,registered_nurses,2024,2024-07,Nurse Please guide me more,5,True,True,0,1,But what&#39;s the FIRST STEP to becoming Australia&#39;s Registered Nurse? NCLEX!,Nurse Teacher Kristine Australia,RnZ3mpXbtZU,@MaryKeles,2024-07-16 16:05:12+00:00,nursing Australia,youtube_comment
Ugy0CZUiq-DySZNQxGl4AaABAg,registered_nurses,2024,2024-06,"Hi sis I have completed bsc nursing, but I like to do post graduation, whether MSc or nurse practitioner. Which is best? Which one has high value and demand? Pls tell me 😢",33,True,True,1,2,But what&#39;s the FIRST STEP to becoming Australia&#39;s Registered Nurse? NCLEX!,Nurse Teacher Kristine Australia,RnZ3mpXbtZU,@Thejasri-i7b,2024-06-25 15:11:09+00:00,nursing Australia,youtube_comment
UgyAXZ2sCVU4BphlQLt4AaABAg,registered_nurses,2024,2024-06,Is salary starts same for both graduation 😮?,8,True,False,0,1,But what&#39;s the FIRST STEP to becoming Australia&#39;s Registered Nurse? NCLEX!,Nurse Teacher Kristine Australia,RnZ3mpXbtZU,@Thejasri-i7b,2024-06-25 14:58:44+00:00,nursing Australia,youtube_comment
Ugy05JqNaLn0Kt6M9FZ4AaABAg,registered_nurses,2025,2025-06,Please madam Sydney which CDU University wich First year di placement kado lag Diya han please answer me,18,True,False,0,0,DO THIS on your next clinical placement | Nursing in Australia,Pawan Sandhu,r5gvpzZCdNw,@diljitkaur8076,2025-06-11 05:12:58+00:00,nursing Australia,youtube_comment
Ugz9AnT6s7W5_OJ6cQR4AaABAg,registered_nurses,2025,2025-03,"Nice 
Can we work during weekends (subject to work limit of 48 hours per fortnight) as an international student during Nursing Placement ?",23,True,True,1,1,DO THIS on your next clinical placement | Nursing in Australia,Pawan Sandhu,r5gvpzZCdNw,@nihalsingh9987,2025-03-17 01:35:21+00:00,nursing Australia,youtube_comment
UgzYNX8GOnoN_gpfn2V4AaABAg,registered_nurses,2024,2024-12,"Some are bit nasty treat student as if they never be students, if all of them are like you,,,, yes no issue",22,True,False,1,1,DO THIS on your next clinical placement | Nursing in Australia,Pawan Sandhu,r5gvpzZCdNw,@DialloMomein,2024-12-20 21:21:04+00:00,nursing Australia,youtube_comment
UgxuTSEKEBah73uLCK94AaABAg,registered_nurses,2024,2024-12,But remember not every nurse that are willing to teach students neither be with students,15,True,True,6,0,DO THIS on your next clinical placement | Nursing in Australia,Pawan Sandhu,r5gvpzZCdNw,@DialloMomein,2024-12-20 21:20:03+00:00,nursing Australia,youtube_comment
UgwLrKJSMKJA3R39ZdV4AaABAg,registered_nurses,2023,2023-07,I really appreciate this video. 🎉💐,6,True,False,0,0,DO THIS on your next clinical placement | Nursing in Australia,Pawan Sandhu,r5gvpzZCdNw,@spiritagomes5997,2023-07-13 04:25:00+00:00,nursing Australia,youtube_comment
UgyQjmmRPzv3Rwa4Rxl4AaABAg,registered_nurses,2023,2023-04,Very useful tips! Thank you,5,True,False,1,0,DO THIS on your next clinical placement | Nursing in Australia,Pawan Sandhu,r5gvpzZCdNw,@krsis,2023-04-23 01:16:02+00:00,nursing Australia,youtube_comment
UgwCrWV6EchblFkI7214AaABAg,registered_nurses,2023,2023-04,going on my first clinical placement in 2 months. Helpful thank you!,12,True,False,2,0,DO THIS on your next clinical placement | Nursing in Australia,Pawan Sandhu,r5gvpzZCdNw,@skyeonearth77,2023-04-04 03:56:08+00:00,nursing Australia,youtube_comment
UgyKFpYng-OcWYVX5PJ4AaABAg,registered_nurses,2023,2023-03,What are the requirements for AIN job .,8,True,False,0,0,DO THIS on your next clinical placement | Nursing in Australia,Pawan Sandhu,r5gvpzZCdNw,@Kaur9999,2023-03-31 09:40:24+00:00,nursing Australia,youtube_comment
UgwAKWeWW-gtN5LszRF4AaABAg,registered_nurses,2023,2023-03,"What about when the RN ignores you,",7,True,True,9,0,DO THIS on your next clinical placement | Nursing in Australia,Pawan Sandhu,r5gvpzZCdNw,@dianastricker4686,2023-03-28 10:50:59+00:00,nursing Australia,youtube_comment
UgxSHfu0KFUtISKDfhZ4AaABAg,registered_nurses,2023,2023-03,Do we get payment in our placement??,7,True,False,0,1,DO THIS on your next clinical placement | Nursing in Australia,Pawan Sandhu,r5gvpzZCdNw,@yugtagurung5568,2023-03-25 15:23:07+00:00,nursing Australia,youtube_comment
UgzqbdavJaCzAUZpalp4AaABAg,registered_nurses,2023,2023-03,"Hey Pawan , hope you’re doing well . I just wanted to ask if we can pay our own tuition fee while studying bsc nursing in Australia ?",28,True,True,0,0,DO THIS on your next clinical placement | Nursing in Australia,Pawan Sandhu,r5gvpzZCdNw,@Iambeyoncegiselle,2023-03-23 14:09:40+00:00,nursing Australia,youtube_comment
UgxyVzMJ_U7a1K6adot4AaABAg,registered_nurses,2023,2023-03,Ms Sandhu thank you so much for this information .. This is very helpful because i have a plan to study in nursing.. i just wanna know more about the number of hours in studying nursing on a daily basis.,40,True,True,0,0,DO THIS on your next clinical placement | Nursing in Australia,Pawan Sandhu,r5gvpzZCdNw,@joniecasinto2642,2023-03-15 22:29:53+00:00,nursing Australia,youtube_comment
UgzOnWXHY2rqfB7rCQ94AaABAg,registered_nurses,2023,2023-02,Hey. As you international student. You have come Australia after 12 or after completing for bse nursing,17,True,True,0,0,DO THIS on your next clinical placement | Nursing in Australia,Pawan Sandhu,r5gvpzZCdNw,@shrutisaini123,2023-02-06 14:59:06+00:00,nursing Australia,youtube_comment
UgzQhuL5bT72a1aAkgF4AaABAg,registered_nurses,2023,2023-01,"Hi pawan, what is the low fee university study nursing beachlor",11,True,True,0,0,DO THIS on your next clinical placement | Nursing in Australia,Pawan Sandhu,r5gvpzZCdNw,@nethyaranasinghe3258,2023-01-12 11:23:41+00:00,nursing Australia,youtube_comment
UgwcAazyee6DVnQJZKp4AaABAg,registered_nurses,2022,2022-12,"please continue making videos on your channel, this really helps a lot dear ❤️",14,True,False,0,0,DO THIS on your next clinical placement | Nursing in Australia,Pawan Sandhu,r5gvpzZCdNw,@naveenbishnoi54,2022-12-31 18:42:43+00:00,nursing Australia,youtube_comment
UgxonhMQ4CX86HAJ9B54AaABAg,registered_nurses,2022,2022-12,Is anyone going to Griffith gold coast campus in nursing?,10,True,True,0,1,DO THIS on your next clinical placement | Nursing in Australia,Pawan Sandhu,r5gvpzZCdNw,@sairariasat9884,2022-12-27 07:07:18+00:00,nursing Australia,youtube_comment
Ugy0ublYRK6I7DDLIg54AaABAg,registered_nurses,2022,2022-12,Is anyone going to Perth in 2023 for diploma of nursing,11,True,True,0,0,DO THIS on your next clinical placement | Nursing in Australia,Pawan Sandhu,r5gvpzZCdNw,@navneetkaur3277,2022-12-25 05:15:49+00:00,nursing Australia,youtube_comment
UgzTKQm0ZF5eSF03FpJ4AaABAg,registered_nurses,2022,2022-11,Hii mam.. I have a question that if u have thoroughly done biology class 11 and 12 ( medical) in india then bsc nursing abroad won't be hard to do? ( like study tough ta ni lgdi?) Cause my intake is near and i m very anxious about it. ... Should I also do chemistry and physics in advance???,59,True,True,0,0,DO THIS on your next clinical placement | Nursing in Australia,Pawan Sandhu,r5gvpzZCdNw,@kirandeepkaur5574,2022-11-11 02:47:02+00:00,nursing Australia,youtube_comment
Ugxfu9NmLZ6tgum_NiJ4AaABAg,registered_nurses,2022,2022-11,vannu suggest me best osce preparation centre in australia,9,True,False,0,0,DO THIS on your next clinical placement | Nursing in Australia,Pawan Sandhu,r5gvpzZCdNw,@pardeepkaur2986,2022-11-03 15:25:00+00:00,nursing Australia,youtube_comment
UgwPMk9oij3K3-1U9Sp4AaABAg,registered_nurses,2022,2022-10,"going on my first clinical placement in two weeks and this video is so helpful, thank you :)",18,True,False,1,1,DO THIS on your next clinical placement | Nursing in Australia,Pawan Sandhu,r5gvpzZCdNw,@soniadolley8588,2022-10-30 17:08:32+00:00,nursing Australia,youtube_comment
UgzV6TXVg25clI1ozjx4AaABAg,registered_nurses,2022,2022-10,"I completed my 12 in 2020 
Can I get admission in bsc nursing in Australia??",15,True,True,0,1,DO THIS on your next clinical placement | Nursing in Australia,Pawan Sandhu,r5gvpzZCdNw,@abhaybhardwaj8921,2022-10-04 07:50:10+00:00,nursing Australia,youtube_comment
UgyqYRxgbKWXFzZ5wx54AaABAg,registered_nurses,2022,2022-09,"My wife has done Gnm, post basic b.sc nursing in India. Now, she is living in Australia
She want to get RN in Australia so could you tell me what she should do for getting RN in Australia. Any centre you suggest for coaching.",44,True,True,0,0,DO THIS on your next clinical placement | Nursing in Australia,Pawan Sandhu,r5gvpzZCdNw,@KuldeepSingh-ed1nb,2022-09-27 05:46:34+00:00,nursing Australia,youtube_comment
UgycM9Jl_5xFtwEiHrx4AaABAg,registered_nurses,2022,2022-09,"Hi sister, I did my intermediate in 2021( FSC pre medical). I want to do bachelor of nursing in Sydney bcz I have listened it is best for PR. I am choosing one of (Victoria, Newcastle and Latrobe universities.
My profile:
Matric# 90%
Intermediate# 83%
PTE# 59(6.5 bands)
1 year gap after inter.
Can I do with this profile, if yes, then kindly reply me Consultants told your fee will be about 12000$ per semester. Can I manage this in Australia. Kindly Help me!
Is my admission possible in these or any other universities. Plz plz plz help🙏🙏😢😢",98,True,True,0,0,DO THIS on your next clinical placement | Nursing in Australia,Pawan Sandhu,r5gvpzZCdNw,@nature.vibes.,2022-09-21 16:27:41+00:00,nursing Australia,youtube_comment
Ugzc8jfRBOIn_1cxBrZ4AaABAg,registered_nurses,2022,2022-09,"Hi 
I want to ask you something this topic is totally different . But as you are a nurse so you can help me 
My child is 3.5 month old but my breast milk is not enough",37,True,True,0,0,DO THIS on your next clinical placement | Nursing in Australia,Pawan Sandhu,r5gvpzZCdNw,@Vianmalik,2022-09-19 18:02:49+00:00,nursing Australia,youtube_comment
UgxtivY6YsrwdM2zDKh4AaABAg,registered_nurses,2022,2022-09,62 overall score in pte can i get admission in nursing,11,True,True,0,0,DO THIS on your next clinical placement | Nursing in Australia,Pawan Sandhu,r5gvpzZCdNw,@Rssb-2024-s7g,2022-09-09 17:25:38+00:00,nursing Australia,youtube_comment
UgyE9fAXIelIbsx8MxF4AaABAg,registered_nurses,2022,2022-09,"One thing i wanna ask if we have 92% in matric and 80% in fsc do we have any chance of scholarship if we get also 7 points in IELTS?
Kindly must reply my question.
New one on your channel.
Looking forward for more informative videos
Thanks.",47,True,True,0,0,DO THIS on your next clinical placement | Nursing in Australia,Pawan Sandhu,r5gvpzZCdNw,@sabahatazam4193,2022-09-03 16:56:10+00:00,nursing Australia,youtube_comment
Ugw6CxUWRaUhmWe6-Vl4AaABAg,registered_nurses,2022,2022-09,Does nursing hard to work in auzi? Can Australian nurses get vacation in a year ? Please answre anyone😥,19,True,True,0,0,DO THIS on your next clinical placement | Nursing in Australia,Pawan Sandhu,r5gvpzZCdNw,@pamudipabasara8187,2022-09-02 11:02:17+00:00,nursing Australia,youtube_comment
UgxHpwuZFYqrhXq9nfd4AaABAg,registered_nurses,2022,2022-08,Pte is valid for nurse job in Australia?,8,True,True,1,1,DO THIS on your next clinical placement | Nursing in Australia,Pawan Sandhu,r5gvpzZCdNw,@kaurrandeep271,2022-08-30 09:37:02+00:00,nursing Australia,youtube_comment
Ugxl7m9CCSAXNskbLnt4AaABAg,registered_nurses,2022,2022-08,Do nursing worth in Australia?,5,True,True,0,0,DO THIS on your next clinical placement | Nursing in Australia,Pawan Sandhu,r5gvpzZCdNw,@muskandeshwal9887,2022-08-26 10:47:16+00:00,nursing Australia,youtube_comment
Ugy9gw1Rk-BeU0TmC9d4AaABAg,registered_nurses,2022,2022-08,"Hi Pawan, I am new to ur channel as it is very informative for students planning to do Nursing in Australia- Good Job👍
My daughter is planning for course for coming feb23 intake.
Pls advise how much hours a student has to put in a week for school classes and assignments .

Thanks and Regards",55,True,True,1,0,DO THIS on your next clinical placement | Nursing in Australia,Pawan Sandhu,r5gvpzZCdNw,@viveknegi2229,2022-08-22 14:34:22+00:00,nursing Australia,youtube_comment
Ugzh7H4dP1SCqNeOY_x4AaABAg,registered_nurses,2022,2022-08,How much do new graduates earn ? How much do you earn,12,True,True,0,0,DO THIS on your next clinical placement | Nursing in Australia,Pawan Sandhu,r5gvpzZCdNw,@gursheen2607,2022-08-20 16:09:28+00:00,nursing Australia,youtube_comment
Ugww84BQ-33Qr7Iv2PV4AaABAg,registered_nurses,2022,2022-08,"Can I study Msc nursing in Australia after bsc computer science?
Please reply 🙏",14,True,True,0,1,DO THIS on your next clinical placement | Nursing in Australia,Pawan Sandhu,r5gvpzZCdNw,@josilgeorge1606,2022-08-14 13:27:13+00:00,nursing Australia,youtube_comment
UgxAuA80S0U17AcbGEZ4AaABAg,registered_nurses,2022,2022-08,Hi Ms. Pawan....Can u please make a video showing the books to study each semester???Thank you.,16,True,False,0,0,DO THIS on your next clinical placement | Nursing in Australia,Pawan Sandhu,r5gvpzZCdNw,@samia4322,2022-08-12 08:28:48+00:00,nursing Australia,youtube_comment
Ugz8jGCp_KSjzRFfWDV4AaABAg,registered_nurses,2022,2022-08,Quite informative video.. would be going for my first placement this month thanks for sharing,15,True,False,1,0,DO THIS on your next clinical placement | Nursing in Australia,Pawan Sandhu,r5gvpzZCdNw,@anushkashah9927,2022-08-10 07:53:11+00:00,nursing Australia,youtube_comment
UgwV356isZhUXlp2q6R4AaABAg,registered_nurses,2022,2022-08,Hey did my bsc Medical laboratory technology planning for master? Can u help me our,15,True,False,0,0,DO THIS on your next clinical placement | Nursing in Australia,Pawan Sandhu,r5gvpzZCdNw,@minalvishwanath250,2022-08-10 05:59:49+00:00,nursing Australia,youtube_comment
UgzRWYzrlFN-Smm1UbB4AaABAg,registered_nurses,2022,2022-08,"Hii didi !
May you tell us the whole process of extending student visa if someone has does diploma nursing and further wants to pursue bachelors in nursing ??
And also what kind of work visa (post study work visa or graduate work visa) a diploma holder can get to work?
Can a diploma holder work as an enrolled nurse during their bachelors in nursing ? Or can we get work visa as en and study visa for bachelors at the same time?

Please record a video on these questions 🙏🏻.",91,True,True,0,0,DO THIS on your next clinical placement | Nursing in Australia,Pawan Sandhu,r5gvpzZCdNw,@amarvirk9503,2022-08-07 04:34:47+00:00,nursing Australia,youtube_comment
UgygJphJQalZma5s7-R4AaABAg,registered_nurses,2022,2022-08,Didi i want to know about bsc nursing in Australia is easy or hard please give me your number I want to talk to you,25,True,True,0,0,DO THIS on your next clinical placement | Nursing in Australia,Pawan Sandhu,r5gvpzZCdNw,@DakshpvtDahiya,2022-08-07 01:07:46+00:00,nursing Australia,youtube_comment
UgxJ26GUj3KIojfR2T94AaABAg,registered_nurses,2022,2022-08,Very informative video. Thank you 😊,6,True,False,0,0,DO THIS on your next clinical placement | Nursing in Australia,Pawan Sandhu,r5gvpzZCdNw,@sapnashah5657,2022-08-05 16:10:22+00:00,nursing Australia,youtube_comment
Ugx0bqmrZwKzz79LVWB4AaABAg,registered_nurses,2022,2022-08,"Hello pawan
I wanna pursue my career in the field of nursing in Melbourne but i got 6.5 bands in listening but in other components it's 7 and overall also 7. Can u pls suggest me any university in Melbourne which has least visa refusal chances and these band scores are acceptable",52,True,True,0,3,DO THIS on your next clinical placement | Nursing in Australia,Pawan Sandhu,r5gvpzZCdNw,@growwithyuvraj7862,2022-08-05 03:12:13+00:00,nursing Australia,youtube_comment
Ugx_ToSPzvCFWP5jsvN4AaABAg,registered_nurses,2022,2022-08,Where r u from in India?,6,True,False,0,2,DO THIS on your next clinical placement | Nursing in Australia,Pawan Sandhu,r5gvpzZCdNw,@nkishorschooling1128,2022-08-04 10:28:51+00:00,nursing Australia,youtube_comment
UgzBHGtrYqA5TyEQpSx4AaABAg,registered_nurses,2022,2022-08,After 12 wich one course best in medicine field please reply,11,True,False,0,1,DO THIS on your next clinical placement | Nursing in Australia,Pawan Sandhu,r5gvpzZCdNw,@MASTERCHEFIJAZ,2022-08-04 10:20:10+00:00,nursing Australia,youtube_comment
UgwHGQTHy19rrf515A14AaABAg,registered_nurses,2026,2026-05,"hello can you answer my question please , im yr11 student and decided to become an RN. What subject did you choose in highschool and i need advicesplease",28,True,True,0,0,Day in the life of a registered nurse 🧑‍⚕️,Queensland Health,RpZFIDxKET8,@Zodiacns,2026-05-19 22:43:27+00:00,registered nurse Australia,youtube_comment
UgycoBfJKs-mBH_-EFZ4AaABAg,registered_nurses,2026,2026-05,Love this ! Great video : ),7,True,False,0,0,Day in the life of a registered nurse 🧑‍⚕️,Queensland Health,RpZFIDxKET8,@DebbieRobinson-b1m,2026-05-10 09:05:31+00:00,registered nurse Australia,youtube_comment
Ugw9X4FlKxJcSwBrrBJ4AaABAg,registered_nurses,2026,2026-05,"Ryves Finance Company is a financial institution which provides personal and business loans for consumers involving obtaining the best price, best repayment terms and least onerous credit agreement",28,True,False,0,0,Day in the life of a registered nurse 🧑‍⚕️,Queensland Health,RpZFIDxKET8,@RyvesFinance,2026-05-03 03:46:31+00:00,registered nurse Australia,youtube_comment
Ugw7vKbdsxykRl0A-wR4AaABAg,registered_nurses,2026,2026-04,"If you're working 8-5 as an RN, consider yourself VERY lucky.",11,True,True,9,0,Day in the life of a registered nurse 🧑‍⚕️,Queensland Health,RpZFIDxKET8,@mosaic.owl.studios,2026-04-11 20:57:50+00:00,registered nurse Australia,youtube_comment
UgwFMXkdvXfo6V7t95h4AaABAg,registered_nurses,2026,2026-03,"Why does she have to work from early morning to late night 
Isn't there three shifts for nurses",18,True,True,1,0,Day in the life of a registered nurse 🧑‍⚕️,Queensland Health,RpZFIDxKET8,@TestPhone-e2x,2026-03-06 07:48:08+00:00,registered nurse Australia,youtube_comment
UgyEcYQinwyltzYszXR4AaABAg,registered_nurses,2026,2026-02,Im an RN too but our shifts start at 7am and end around 8pm. I wish I got out at 5😢,21,True,True,29,4,Day in the life of a registered nurse 🧑‍⚕️,Queensland Health,RpZFIDxKET8,@rebekahrathe9248,2026-02-03 23:00:16+00:00,registered nurse Australia,youtube_comment
Ugx7IyyhvzCwEynIX6x4AaABAg,registered_nurses,2026,2026-01,Where do you do your job?,6,True,False,1,0,Day in the life of a registered nurse 🧑‍⚕️,Queensland Health,RpZFIDxKET8,@ZebayishPk,2026-01-27 10:48:42+00:00,registered nurse Australia,youtube_comment
Ugyw1MynlcVlpX9iizl4AaABAg,registered_nurses,2026,2026-01,No 12 hr night shift? Lol,6,True,False,1,0,Day in the life of a registered nurse 🧑‍⚕️,Queensland Health,RpZFIDxKET8,@rschilling78,2026-01-22 07:07:56+00:00,registered nurse Australia,youtube_comment
UgyB53xNoe1DMm-ywiB4AaABAg,registered_nurses,2026,2026-01,Must be stressful. So young with grey hair appearing!,9,True,False,1,0,Day in the life of a registered nurse 🧑‍⚕️,Queensland Health,RpZFIDxKET8,@ePALPAL,2026-01-12 00:26:54+00:00,registered nurse Australia,youtube_comment
UgyfIzTK2OJPbQIJhIJ4AaABAg,registered_nurses,2025,2025-11,awesome OR nurse so much gadgets! busy life sis!,9,True,True,3,0,Day in the life of a registered nurse 🧑‍⚕️,Queensland Health,RpZFIDxKET8,@NurseMikey-b9s,2025-11-26 18:09:16+00:00,registered nurse Australia,youtube_comment
UgzC259aTFAFjQ8gUCV4AaABAg,registered_nurses,2025,2025-11,You could tell how glad she is for the american working culture on her face,15,True,False,0,0,Day in the life of a registered nurse 🧑‍⚕️,Queensland Health,RpZFIDxKET8,@zaranski1889,2025-11-08 20:01:00+00:00,registered nurse Australia,youtube_comment
UgwZ7vHEvZ32buCkDZd4AaABAg,registered_nurses,2025,2025-10,Fellow GI nurse in the building,6,True,True,1,0,Day in the life of a registered nurse 🧑‍⚕️,Queensland Health,RpZFIDxKET8,@nurseheem,2025-10-30 07:12:21+00:00,registered nurse Australia,youtube_comment
UgxB54EiYk3lsvQw_iF4AaABAg,registered_nurses,2025,2025-10,Brutal time to wake up and get off work,9,True,False,1,0,Day in the life of a registered nurse 🧑‍⚕️,Queensland Health,RpZFIDxKET8,@Pokemonfan_,2025-10-20 17:12:30+00:00,registered nurse Australia,youtube_comment
Ugw3K0jhuA9zjwRO1nV4AaABAg,registered_nurses,2025,2025-10,Hello dear colleague could I ask you some questions,9,True,False,1,0,Day in the life of a registered nurse 🧑‍⚕️,Queensland Health,RpZFIDxKET8,@zahraazadikhah5001,2025-10-18 14:28:39+00:00,registered nurse Australia,youtube_comment
UgxQLfjeq1Sh93xF9YJ4AaABAg,registered_nurses,2025,2025-10,Not a lot of patient interaction?,6,True,False,2,1,Day in the life of a registered nurse 🧑‍⚕️,Queensland Health,RpZFIDxKET8,@Pumfee,2025-10-06 17:33:16+00:00,registered nurse Australia,youtube_comment
UgwGtp5Mtk4JxlMoTcR4AaABAg,registered_nurses,2025,2025-10,Why u work more than 12 hour ?,8,True,False,1,0,Day in the life of a registered nurse 🧑‍⚕️,Queensland Health,RpZFIDxKET8,@blckblue4207,2025-10-04 20:34:38+00:00,registered nurse Australia,youtube_comment
UgygAHdyy6e8OroueIx4AaABAg,registered_nurses,2025,2025-08,QLD Health nurses are amazing people.,6,True,True,2,1,Day in the life of a registered nurse 🧑‍⚕️,Queensland Health,RpZFIDxKET8,@gvtshorts2024,2025-08-18 00:44:52+00:00,registered nurse Australia,youtube_comment
UgzcKTKRbF0vfdBoJhh4AaABAg,registered_nurses,2025,2025-08,why did you change scurb?,5,True,False,3,0,Day in the life of a registered nurse 🧑‍⚕️,Queensland Health,RpZFIDxKET8,@saydrake9363,2025-08-13 01:28:40+00:00,registered nurse Australia,youtube_comment
UgyLVjf9lkSto_cAin14AaABAg,registered_nurses,2025,2025-07,finally! I'm glad to see a fellow endoscopy nurse here! 💜🙌🏻 stay awesome,13,True,True,51,7,Day in the life of a registered nurse 🧑‍⚕️,Queensland Health,RpZFIDxKET8,@y7z1s1,2025-07-06 19:32:46+00:00,registered nurse Australia,youtube_comment
UgwhZjKd7J3IF4inDhF4AaABAg,registered_nurses,2025,2025-07,10 pm dinner is crazy,5,True,False,86,3,Day in the life of a registered nurse 🧑‍⚕️,Queensland Health,RpZFIDxKET8,@TheRundum,2025-07-06 01:35:19+00:00,registered nurse Australia,youtube_comment
UgwhCUGA0d0nRaUdZV94AaABAg,registered_nurses,2025,2025-06,I'd be asleep by 7 wydm 😂,7,True,False,9,0,Day in the life of a registered nurse 🧑‍⚕️,Queensland Health,RpZFIDxKET8,@TaleahJackson,2025-06-01 04:17:40+00:00,registered nurse Australia,youtube_comment
UgxMdnNBETn_Kx6mM654AaABAg,registered_nurses,2025,2025-05,"Oh my, what a life, LOL 😅",7,True,False,10,6,Day in the life of a registered nurse 🧑‍⚕️,Queensland Health,RpZFIDxKET8,@fionaquinn8777,2025-05-25 11:14:49+00:00,registered nurse Australia,youtube_comment
UgzLokqlY-dkiB7vrgR4AaABAg,registered_nurses,2025,2025-05,"Wake up, work, go home, eat sleep repeat... The american dream",11,True,False,405,21,Day in the life of a registered nurse 🧑‍⚕️,Queensland Health,RpZFIDxKET8,@notanassassin1210,2025-05-20 13:47:04+00:00,registered nurse Australia,youtube_comment
UgzCrsA_XXgvqixhi954AaABAg,registered_nurses,2025,2025-03,when patient come from er and get admitted to unit if you don't know if a patient independent or patient dependent ? what u do,25,True,False,20,1,Day in the life of a registered nurse 🧑‍⚕️,Queensland Health,RpZFIDxKET8,@Yardhousegaming42,2025-03-28 00:13:50+00:00,registered nurse Australia,youtube_comment
UgwJMwY93a7m9NPEBTV4AaABAg,registered_nurses,2026,2026-05,Ma'am diploma in nursing (pcl nursing) which is 3 years of course can apply for NCLEX or not .,19,True,True,0,0,Want to become an Australian Registered Nurse?,Nurse Teacher Kristine Australia,kXWOSfjMs-0,@BabitaSah-m8k,2026-05-10 05:32:16+00:00,registered nurse Australia,youtube_comment
UgzmCzdMv4Fq9UwkApB4AaABAg,registered_nurses,2026,2026-03,"What about public health 
What are the requirements ma",9,True,False,0,0,Want to become an Australian Registered Nurse?,Nurse Teacher Kristine Australia,kXWOSfjMs-0,@BlessingSimeon-h1t,2026-03-13 10:28:13+00:00,registered nurse Australia,youtube_comment
UgxwR4cSsP48W9B6szV4AaABAg,registered_nurses,2026,2026-03,"hi maam, I already have Ahpra registration. I am having difficulty in applying for a visa sponsored RN jobs. I hope you could help or give guidance. thanks",28,True,True,0,0,Want to become an Australian Registered Nurse?,Nurse Teacher Kristine Australia,kXWOSfjMs-0,@leserendipity7682,2026-03-12 00:19:37+00:00,registered nurse Australia,youtube_comment
UgzclENojdw77RBgXuZ4AaABAg,registered_nurses,2026,2026-01,"Mam I want to become a Nurse in Australia 
What are the requirements",13,True,True,0,0,Want to become an Australian Registered Nurse?,Nurse Teacher Kristine Australia,kXWOSfjMs-0,@marymaymalbas3378,2026-01-07 16:41:52+00:00,registered nurse Australia,youtube_comment
UgyGrD3cPL1hRX17a3h4AaABAg,registered_nurses,2025,2025-09,Can i enroll in msc in nursing pre registered programme? I've already completed my bsc in nursing. And can pre registered programme offer AHPRA registration?,25,True,True,0,3,Want to become an Australian Registered Nurse?,Nurse Teacher Kristine Australia,kXWOSfjMs-0,@Lilly_06.13,2025-09-05 20:33:00+00:00,registered nurse Australia,youtube_comment
UgwGTe78p0p7GCaz37R4AaABAg,registered_nurses,2025,2025-10,"Hi, I hope this video was informative. If you have any questions, please get in touch with us on whatsapp +61 478 498 913 or email us at info@edulogix.com.au",29,True,False,0,0,"Telehealth Nursing in Australia 2025 | Remote Nurse Jobs, Salary &amp; Future Trends",EdulogiX-By Jesin Joy,HqZwWsc0PYA,@Edulogix,2025-10-30 06:59:57+00:00,nursing jobs Victoria,youtube_comment
UgxKj-2VZB4mMypgRfZ4AaABAg,registered_nurses,2026,2026-03,"Really insightful breakdown of the Australian telehealth industry! It’s amazing to see how much the sector has expanded since 2020. As a patient who regularly uses platforms like Hola Health for after-hours consults and quick scripts, I can definitely see why there is such a massive demand for registered nurses in this space right now. The convenience for patients is unmatched, but it clearly takes a lot of skilled professionals behind the scenes to keep it running safely.

Curious - do you find that the day-to-day workflow for a telehealth nurse tends to be a lot more admin-heavy compared to being on the floor in a traditional ward?",108,True,True,0,0,"Telehealth Nursing in Australia 2025 | Remote Nurse Jobs, Salary &amp; Future Trends",EdulogiX-By Jesin Joy,HqZwWsc0PYA,@MattLuther-t5n,2026-03-18 11:40:13+00:00,nursing jobs Victoria,youtube_comment
Ugz7tIAf_q0icEsYeEl4AaABAg,registered_nurses,2026,2026-03,PBBSC Nursing degree holder can work in Australia.,8,True,True,0,1,"Telehealth Nursing in Australia 2025 | Remote Nurse Jobs, Salary &amp; Future Trends",EdulogiX-By Jesin Joy,HqZwWsc0PYA,@saylipatole5860,2026-03-05 09:22:41+00:00,nursing jobs Victoria,youtube_comment
UgwUWaMbLEHCWBwpRMJ4AaABAg,registered_nurses,2026,2026-02,"I have experience in dialysis 
Can I have a job",10,True,False,0,1,"Telehealth Nursing in Australia 2025 | Remote Nurse Jobs, Salary &amp; Future Trends",EdulogiX-By Jesin Joy,HqZwWsc0PYA,@antogeorge2006,2026-02-08 10:24:41+00:00,nursing jobs Victoria,youtube_comment
Ugyd1iOnvDVON0ud4wV4AaABAg,registered_nurses,2025,2025-11,"My daughter has completed msc nursing in Melbourne in nov 
Where she should move to get pr shortly",18,True,True,0,1,"Telehealth Nursing in Australia 2025 | Remote Nurse Jobs, Salary &amp; Future Trends",EdulogiX-By Jesin Joy,HqZwWsc0PYA,@sajjansinghbrar9981,2025-11-28 11:08:27+00:00,nursing jobs Victoria,youtube_comment
UgyObF61PU4eRf8skyF4AaABAg,registered_nurses,2025,2025-11,"Hello Jesni, while i was uploading my documents on AHPRA i came across where i need to get an employment verification from my employer, what's your take on this as i am only one year in that job?

Would tou encourage me to gi ahead to speak to my manager.",50,True,False,0,1,"Telehealth Nursing in Australia 2025 | Remote Nurse Jobs, Salary &amp; Future Trends",EdulogiX-By Jesin Joy,HqZwWsc0PYA,@NnekaUgwu-d1f,2025-11-22 23:51:07+00:00,nursing jobs Victoria,youtube_comment
UgxUrxdJh_tAcUQ9N154AaABAg,registered_nurses,2025,2025-11,A person from india can work as a tele health nurse in Australia,13,True,True,0,1,"Telehealth Nursing in Australia 2025 | Remote Nurse Jobs, Salary &amp; Future Trends",EdulogiX-By Jesin Joy,HqZwWsc0PYA,@mickle9456,2025-11-11 15:06:17+00:00,nursing jobs Victoria,youtube_comment
UgyPJu2tJ8DCTnEId5t4AaABAg,registered_nurses,2025,2025-11,Im bsc nursing if i clear nclex and after that how much time it will take approximately to go Australia and become registraion nurse,24,True,True,0,1,"Telehealth Nursing in Australia 2025 | Remote Nurse Jobs, Salary &amp; Future Trends",EdulogiX-By Jesin Joy,HqZwWsc0PYA,@Saamii-s1k,2025-11-03 11:14:42+00:00,nursing jobs Victoria,youtube_comment
UgxJy97Sx1G0IAcBYvx4AaABAg,registered_nurses,2025,2025-10,"Wait mam, I seen fews videos of you in social work qualifying? So which has best salary as fresher who would get High? You are confusing us so why say in terms ?
master In pre registration nursing or master in social work qualifying?",44,True,True,0,1,"Telehealth Nursing in Australia 2025 | Remote Nurse Jobs, Salary &amp; Future Trends",EdulogiX-By Jesin Joy,HqZwWsc0PYA,@Alpha_lifter_life,2025-10-31 02:49:28+00:00,nursing jobs Victoria,youtube_comment
Ugwj_9Z0daKrOWPZSJJ4AaABAg,registered_nurses,2025,2025-10,"Please explain well telehealth, means with key skills needed in this and from where one can train themselves in this.",20,True,False,0,1,"Telehealth Nursing in Australia 2025 | Remote Nurse Jobs, Salary &amp; Future Trends",EdulogiX-By Jesin Joy,HqZwWsc0PYA,@whoknows-kiyapata,2025-10-30 19:15:39+00:00,nursing jobs Victoria,youtube_comment
UgywImmeiQICeVdJtNp4AaABAg,registered_nurses,2026,2026-05,"Hi, im 37 yrs bsc nurse ..its okay can try australia? What about nursing opportunities",15,True,True,0,1,"“Nurses in Australia 2026 🇦🇺 | Pay, Work-Life Balance &amp; Growth”",RN Ginni,xo6VIVTEBiI,@HepsiSudha,2026-05-17 09:17:37+00:00,nursing jobs Victoria,youtube_comment
UgwwCdZCq5kLL2wjfcZ4AaABAg,registered_nurses,2026,2026-05,"My main motive is also passionate about medical field in nursing 
I completed my 12th 
I'm going to take addmission in bsc nursing this year..
nursing should I or not..
Also moving abroad is my main motive..

Please respond",39,True,True,1,1,"“Nurses in Australia 2026 🇦🇺 | Pay, Work-Life Balance &amp; Growth”",RN Ginni,xo6VIVTEBiI,@thedoclifestyle_,2026-05-06 13:58:26+00:00,nursing jobs Victoria,youtube_comment
UgxE0N-Jv0yqGJCXwLB4AaABAg,registered_nurses,2026,2026-05,Total how much cost to beocme a rn in Australia after competing my bsc Nursing,15,True,True,1,2,"“Nurses in Australia 2026 🇦🇺 | Pay, Work-Life Balance &amp; Growth”",RN Ginni,xo6VIVTEBiI,@FahimShanP-h3k,2026-05-03 04:54:18+00:00,nursing jobs Victoria,youtube_comment
Ugxcw8bioZGmN9x0BLB4AaABAg,registered_nurses,2026,2026-04,Hie....please give us honest review on reading materials for NCLEX and how dd you prepare for osce off show.........after Osce do you have to fly back to your home country n apply for visa give us types too thanks,39,True,False,0,1,"“Nurses in Australia 2026 🇦🇺 | Pay, Work-Life Balance &amp; Growth”",RN Ginni,xo6VIVTEBiI,@zaneleemeraldchidzuu5773,2026-04-12 15:55:32+00:00,nursing jobs Victoria,youtube_comment
UgxwHfoYNr3KAymJdap4AaABAg,registered_nurses,2026,2026-04,I want to become a EN .How can i contact with you?,12,True,False,1,1,"“Nurses in Australia 2026 🇦🇺 | Pay, Work-Life Balance &amp; Growth”",RN Ginni,xo6VIVTEBiI,@syedemad8424,2026-04-04 16:58:16+00:00,nursing jobs Victoria,youtube_comment
UgxfUe_lD6DBNGHyySp4AaABAg,registered_nurses,2026,2026-03,I need to talk with didi....how can I contact you,10,True,False,1,1,"“Nurses in Australia 2026 🇦🇺 | Pay, Work-Life Balance &amp; Growth”",RN Ginni,xo6VIVTEBiI,@sayandas6214,2026-03-31 09:15:52+00:00,nursing jobs Victoria,youtube_comment
UgwbBmgzHtMa4TfhrwZ4AaABAg,registered_nurses,2026,2026-03,If i complete bsc nursing from pgi chandigarh?! Be honest is it worth it to come here ?!,18,True,True,2,1,"“Nurses in Australia 2026 🇦🇺 | Pay, Work-Life Balance &amp; Growth”",RN Ginni,xo6VIVTEBiI,@khuko_.stayss,2026-03-17 06:11:24+00:00,nursing jobs Victoria,youtube_comment
UgwKaUUNq1orPsoOyoN4AaABAg,registered_nurses,2026,2026-02,hey want to know what is best bsc nursing doing after class 12 in australia or doing nursing in india then go to australia which option is best ?,29,True,True,1,3,"“Nurses in Australia 2026 🇦🇺 | Pay, Work-Life Balance &amp; Growth”",RN Ginni,xo6VIVTEBiI,@lucky-u6d1k,2026-02-25 14:18:02+00:00,nursing jobs Victoria,youtube_comment
Ugwf_iO1vVd07WmSiiJ4AaABAg,registered_nurses,2026,2026-02,"Hi there mam, i had Bsc physic in degree so can I take master in pre registration nursing? Is can we handle that all??",24,True,True,2,3,"“Nurses in Australia 2026 🇦🇺 | Pay, Work-Life Balance &amp; Growth”",RN Ginni,xo6VIVTEBiI,@Alpha_lifter_life,2026-02-01 13:22:58+00:00,nursing jobs Victoria,youtube_comment
UgxXTJuMesTPtdKjGtp4AaABAg,registered_nurses,2026,2026-04,"Thinking about following a nursing career and honestly the cons sound a lot like pros to me. The reason I am attracted to this career is because I love a challenge, I love working a lot and weird hours. My mind works best under pressure and that’s when I feel alive.",51,False,True,0,0,Is a Nursing Career Right for You? Exploring the Pros and Cons,Pawan Sandhu,sXlyInRJ1oI,@Crus4ders,2026-04-11 03:39:56+00:00,nursing career Australia,youtube_comment
UgxgFH-gOavVAGO7Z2N4AaABAg,registered_nurses,2025,2025-07,"Hi Pawan, I would like to express my gratitude for your content. It is helping me to get a better picture of what nursing really entails in Australia (I am from the Netherlands). I am planning to study nursing in July 2026 following a 2-year program at UniSC. I will have the chance to shadow nurses in the meantime to see if this is what I really want. 

I am choosing nursing because I have a genuine concern for my fellow human being. But I am not sure if I am up for the task at hand. Is it ok that I also choose nursing because of the opportunities its provides regarding flexibility and career paths? I don't see myself as a bed nurse for many years..... What's your take on that. 

Would love to hear from you. Keep the videos coming you're doing great!!!🤗",145,True,True,1,2,Is a Nursing Career Right for You? Exploring the Pros and Cons,Pawan Sandhu,sXlyInRJ1oI,@Terry-we6mb,2025-07-30 14:37:52+00:00,nursing career Australia,youtube_comment
UgxxyNeYu3LKaz81nIB4AaABAg,registered_nurses,2024,2024-10,"Hey Pawan!
Can you make a video on challenges faced by Indian students during bachelor's of nursing and how to tackle them",22,False,True,0,0,Is a Nursing Career Right for You? Exploring the Pros and Cons,Pawan Sandhu,sXlyInRJ1oI,@mohammedsaaqib,2024-10-17 12:39:05+00:00,nursing career Australia,youtube_comment
Ugyh0HiAuF3YcaeyhSN4AaABAg,registered_nurses,2023,2023-11,"Hi
Can’t you choose just to be a day shift nurse or night shift nurse ?",16,False,True,1,1,Is a Nursing Career Right for You? Exploring the Pros and Cons,Pawan Sandhu,sXlyInRJ1oI,@anniebear5817,2023-11-11 22:36:27+00:00,nursing career Australia,youtube_comment
Ugz1I2EguMLYrVxSELZ4AaABAg,registered_nurses,2023,2023-09,"Hlo di ❤ i have one doubt i got a offer letter from university of South Australia for bachelors of nursing and got a scholarship of 15 percentage, if i perform well in semester 1 can i increase my scholarship??.....",40,True,True,1,0,Is a Nursing Career Right for You? Exploring the Pros and Cons,Pawan Sandhu,sXlyInRJ1oI,@kewalsingh939,2023-09-30 05:51:15+00:00,nursing career Australia,youtube_comment
UgzRK9Q09dXEhbZrR454AaABAg,registered_nurses,2023,2023-09,"Hi pawan 
In which year do a student get job in nursing while studying bsc nursing in australia??",18,True,True,2,1,Is a Nursing Career Right for You? Exploring the Pros and Cons,Pawan Sandhu,sXlyInRJ1oI,@payalrana4247,2023-09-23 07:18:28+00:00,nursing career Australia,youtube_comment
Ugzc-TzsUe3VTMEHeTx4AaABAg,registered_nurses,2023,2023-09,What about PR after nursing Australia.,6,True,True,0,0,Is a Nursing Career Right for You? Exploring the Pros and Cons,Pawan Sandhu,sXlyInRJ1oI,@khankhan-iu1vg,2023-09-11 15:18:10+00:00,nursing career Australia,youtube_comment
UgzbIfdkY5C0c8Vf9mJ4AaABAg,registered_nurses,2023,2023-09,Hey i want to apply to study nursing in Perth but i have a baby of 4 years please make a video on how to manage everything with baby,29,True,True,0,0,Is a Nursing Career Right for You? Exploring the Pros and Cons,Pawan Sandhu,sXlyInRJ1oI,@ashishsoodan5331,2023-09-08 04:09:22+00:00,nursing career Australia,youtube_comment
Ugw2WcFtkwcjFGeopP94AaABAg,registered_nurses,2023,2023-09,"Hi Pawan 
Could you please tell me 
Do you get paid by university during clinical placement...?",16,False,False,2,2,Is a Nursing Career Right for You? Exploring the Pros and Cons,Pawan Sandhu,sXlyInRJ1oI,@payalrana4247,2023-09-07 12:34:21+00:00,nursing career Australia,youtube_comment
Ugwxd-Z0v21hYKWYDY54AaABAg,registered_nurses,2023,2023-08,What about master of biotechnology job opportunities?? Is it good or not for international students??,15,False,False,0,0,Is a Nursing Career Right for You? Exploring the Pros and Cons,Pawan Sandhu,sXlyInRJ1oI,@charanchandu6270,2023-08-31 09:31:28+00:00,nursing career Australia,youtube_comment
UgzeHymugLUAM6hB38R4AaABAg,registered_nurses,2023,2023-08,Is it night duty is compulsory or optional??,8,False,False,2,3,Is a Nursing Career Right for You? Exploring the Pros and Cons,Pawan Sandhu,sXlyInRJ1oI,@nutanguranagoudr4332,2023-08-25 14:56:35+00:00,nursing career Australia,youtube_comment
Ugzr02FwjMPBmUITwH54AaABAg,registered_nurses,2023,2023-08,Hi Pawan... loved all your informative content... was wondering if you could shed some knowledge on after graduation hospital careers for RN... especially what’s the pathway to get job in ED ( my dream career) and chances of getting grad year in ED... I’m living in melb.,47,False,True,2,0,Is a Nursing Career Right for You? Exploring the Pros and Cons,Pawan Sandhu,sXlyInRJ1oI,@Milomeowzz,2023-08-24 08:48:39+00:00,nursing career Australia,youtube_comment
UgzbLXwGXrwyCLdh_vZ4AaABAg,registered_nurses,2023,2023-08,I want to do my bsc nursing in Adelaide but my age is 17 years old am i eligible for University of South Australia and what are requirement for scholarship please reply di,33,True,True,0,0,Is a Nursing Career Right for You? Exploring the Pros and Cons,Pawan Sandhu,sXlyInRJ1oI,@kewalsingh939,2023-08-22 12:18:18+00:00,nursing career Australia,youtube_comment
Ugw17hQZoVZv-SbsOoB4AaABAg,registered_nurses,2023,2023-08,I want to do my bsc nursing in Adelaide but my age is 17 years old am i eligible for University of South Australia and what are requirement for scholarship please reply di,33,True,True,0,0,Is a Nursing Career Right for You? Exploring the Pros and Cons,Pawan Sandhu,sXlyInRJ1oI,@kewalsingh939,2023-08-22 12:18:13+00:00,nursing career Australia,youtube_comment
UgwnPOh5d8UNyCWu2F94AaABAg,registered_nurses,2023,2023-08,I want to do my bsc nursing in Adelaide but my age is 17 years old am i eligible for University of South Australia and what are requirement for scholarship please reply di,33,True,True,0,0,Is a Nursing Career Right for You? Exploring the Pros and Cons,Pawan Sandhu,sXlyInRJ1oI,@kewalsingh939,2023-08-22 12:18:01+00:00,nursing career Australia,youtube_comment
UgxPmit1TpfypJDD68d4AaABAg,registered_nurses,2023,2023-08,"hello, I am graduate Nurse from India and currently I am in Melbourne Australia pursing MPH, can u suggest me the best coaching center in Australia for RN and OBA process.",31,True,True,0,0,Is a Nursing Career Right for You? Exploring the Pros and Cons,Pawan Sandhu,sXlyInRJ1oI,@jaypatel4583,2023-08-20 09:45:23+00:00,nursing career Australia,youtube_comment
Ugwu-jX9W2H_c29QTcp4AaABAg,registered_nurses,2023,2023-08,I want to start diploma of nursing. Is it good for PR. What is ur suggestion. I want to know about ur knowledge about this. My back group study is MBA. I m here in Australia studing in HR management course.,41,True,True,0,0,Is a Nursing Career Right for You? Exploring the Pros and Cons,Pawan Sandhu,sXlyInRJ1oI,@asifali-uv8oi,2023-08-20 08:19:10+00:00,nursing career Australia,youtube_comment
UgzvILQmG0AKtVyyE0R4AaABAg,registered_nurses,2023,2023-08,We need strict 7 each in every module for bachelors of nursing Australia please reply,15,True,True,0,1,Is a Nursing Career Right for You? Exploring the Pros and Cons,Pawan Sandhu,sXlyInRJ1oI,@Kaur9999,2023-08-19 07:19:21+00:00,nursing career Australia,youtube_comment
UgxJf_QAFDFvQkvhybB4AaABAg,registered_nurses,2023,2023-08,Thank you for the guidance!😄,5,False,False,4,1,Is a Nursing Career Right for You? Exploring the Pros and Cons,Pawan Sandhu,sXlyInRJ1oI,@pranavvig_6515,2023-08-18 09:25:50+00:00,nursing career Australia,youtube_comment
UgzIR03zPq03IjnMkM54AaABAg,registered_nurses,2023,2023-08,"Serious issue please reply...
Hello sis meri wife QUT mein nursing kr rahi aa... Due to class clash usko ek subject ko swipe krna pdha... Aur ab uni wale bol rahe h ap next sem ja year extra subject nhi rkh skte...apko yeh wala subject apni degree pore hone ke baad krna pdega ...kya koi iska solution hai ja koi our university ho yaha pe ek subject extra lee kr vo apni degee time pe clear kre??",77,False,True,0,0,Is a Nursing Career Right for You? Exploring the Pros and Cons,Pawan Sandhu,sXlyInRJ1oI,@sukhpreet2030,2023-08-17 00:22:43+00:00,nursing career Australia,youtube_comment
UgwJHamht-s8_eFnYz94AaABAg,registered_nurses,2023,2023-08,Hello Pawan Didi . I want to know that can a diploma of psychology student do bachelors in nursing,19,False,True,0,0,Is a Nursing Career Right for You? Exploring the Pros and Cons,Pawan Sandhu,sXlyInRJ1oI,@muskandogra8866,2023-08-16 08:26:13+00:00,nursing career Australia,youtube_comment
UgyWpVlOEdPFmkqxXRd4AaABAg,registered_nurses,2023,2023-08,"Hello , I am kinda sceptical between nursing and physiotherapy , I am kinda into anatomy and sports so I prefer physiotherapy , but I don’t know about the pay and security as of a career so, I am more into nursing , please help me out , help me with difference in working hours , availability of the job",60,False,True,0,0,Is a Nursing Career Right for You? Exploring the Pros and Cons,Pawan Sandhu,sXlyInRJ1oI,@kinghaunted3262,2023-08-14 22:34:36+00:00,nursing career Australia,youtube_comment
Ugx2O4S4HZreDFTPL9F4AaABAg,registered_nurses,2023,2023-08,"Hi 
Could you please explain the fastest process of job from UAE who is working as an Assistant Nurse??",19,False,True,0,0,Is a Nursing Career Right for You? Exploring the Pros and Cons,Pawan Sandhu,sXlyInRJ1oI,@KEERTI.AHLAWAT,2023-08-14 18:37:51+00:00,nursing career Australia,youtube_comment
Ugx0u-X-AkY8OoK2AeB4AaABAg,registered_nurses,2023,2023-08,Can students do nursing after pharm D ?,8,False,True,3,0,Is a Nursing Career Right for You? Exploring the Pros and Cons,Pawan Sandhu,sXlyInRJ1oI,@mustafashabbir500,2023-08-14 16:48:27+00:00,nursing career Australia,youtube_comment
UgyAT7bcyrlH5fzWL6h4AaABAg,registered_nurses,2023,2023-08,"can i ask how to take nursing school seriously/ be focused and can you do other hobbies on the side, does it take up a lot of your time ? thanks",31,False,True,2,0,Is a Nursing Career Right for You? Exploring the Pros and Cons,Pawan Sandhu,sXlyInRJ1oI,@AlaikaBabar,2023-08-14 11:43:48+00:00,nursing career Australia,youtube_comment
UgwEeNfV2dv5GfGoaZ94AaABAg,registered_nurses,2023,2023-08,"Hi! beautiful ❤️ is it difficult to study nursing in Australia? I felt , My English is not that much good to crack the assessment. Can you please help me with this.... I really need your guidance. Please help me with this I ll be really gratefl.",47,True,True,3,0,Is a Nursing Career Right for You? Exploring the Pros and Cons,Pawan Sandhu,sXlyInRJ1oI,@raziabegum4876,2023-08-14 11:41:01+00:00,nursing career Australia,youtube_comment
Ugyt6h3iIZE_XXkpQHR4AaABAg,registered_nurses,2023,2023-08,"Hi Pawan, can nurses/student nurses usually choose their shifts or is it assigned non-negotiable?",14,False,True,2,2,Is a Nursing Career Right for You? Exploring the Pros and Cons,Pawan Sandhu,sXlyInRJ1oI,@frootloops3605,2023-08-14 11:17:14+00:00,nursing career Australia,youtube_comment
UgyDR2-OevxRe_mbPul4AaABAg,registered_nurses,2026,2026-05,But why is there alot of burnout within the Nurses?,10,False,True,1,0,The Truth About Becoming A Nurse,Doctor Mike,3cYbYBsLMSo,@PSLGODS-YT,2026-05-19 19:13:58+00:00,nursing career Australia,youtube_comment
UgxjMwDyDUTrymMRJY54AaABAg,registered_nurses,2026,2026-05,I just finished…I have ptsd from looking at my study books.,11,False,False,0,0,The Truth About Becoming A Nurse,Doctor Mike,3cYbYBsLMSo,@kerubinadj3937,2026-05-15 20:46:44+00:00,nursing career Australia,youtube_comment
UgzAMpk7h7pox_JeGCh4AaABAg,registered_nurses,2026,2026-05,"Just started studying in Nursing not too long ago and right now I’m trying to find my drive and reason to keep pushing on since I’ve began to have doubts. (Can’t help but feel a little insecure and incompetent even though it’s literally my 1st year 😞)

I knew it wouldn’t be an easy route and Nursing has certainly opened my eyes to the true role of a nurse. I just hope that during my graduating year I won’t leave regretting my choice in picking Nursing 😓",87,False,True,1,0,The Truth About Becoming A Nurse,Doctor Mike,3cYbYBsLMSo,@Notkn0wn,2026-05-13 22:59:38+00:00,nursing career Australia,youtube_comment
UgxtMmYd76-H3ndL9wF4AaABAg,registered_nurses,2026,2026-05,4:38 that's what she said,5,False,False,0,0,The Truth About Becoming A Nurse,Doctor Mike,3cYbYBsLMSo,@feshii,2026-05-13 18:21:43+00:00,nursing career Australia,youtube_comment
Ugye5UOuYOPPd0D7rm54AaABAg,registered_nurses,2026,2026-05,Thanks for making this awesome video!,6,False,False,1,0,The Truth About Becoming A Nurse,Doctor Mike,3cYbYBsLMSo,@karenterrell8843,2026-05-09 17:57:35+00:00,nursing career Australia,youtube_comment
Ugw4fFfHcAq5gfQpiMt4AaABAg,registered_nurses,2026,2026-05,Why are nurses wearing white coats???,6,False,True,1,0,The Truth About Becoming A Nurse,Doctor Mike,3cYbYBsLMSo,@AP1497-u7k,2026-05-09 04:17:22+00:00,nursing career Australia,youtube_comment
UgwEIds9F0qMsMlIVhd4AaABAg,registered_nurses,2026,2026-05,What do you think if I decide to start a 4 year RN program at 29 ? ( male ),20,False,True,0,0,The Truth About Becoming A Nurse,Doctor Mike,3cYbYBsLMSo,@SpaceCadetX12,2026-05-05 22:51:25+00:00,nursing career Australia,youtube_comment
Ugxmnj6i1BfmLCCKUrl4AaABAg,registered_nurses,2026,2026-05,"Here in 2026,and I’m absolutely excited to start this journey to become a nurse",14,False,True,0,0,The Truth About Becoming A Nurse,Doctor Mike,3cYbYBsLMSo,@markioo6175,2026-05-02 01:12:52+00:00,nursing career Australia,youtube_comment
UgzF7ackQIsAiFe-4rB4AaABAg,registered_nurses,2026,2026-04,"Trying to settle my nerves but stay in the mode, Nursing interview in 2 hours. Here goes.",17,False,True,0,0,The Truth About Becoming A Nurse,Doctor Mike,3cYbYBsLMSo,@Simpo28,2026-04-28 11:21:16+00:00,nursing career Australia,youtube_comment
UgzlE-vE6svMhxG829N4AaABAg,registered_nurses,2026,2026-04,"So why do we get paid like a construction worker and under appreciated by virtually everyone, including family. Ppl say all these great things about nurses but yet we get treated like dog dung….. it’s nice you show appreciation but 90% do not even care about what we do. I stand by what I say.",55,False,True,0,0,The Truth About Becoming A Nurse,Doctor Mike,3cYbYBsLMSo,@777helovesyou,2026-04-27 16:33:04+00:00,nursing career Australia,youtube_comment
Ugyo7hiOHvkMBW4kRhV4AaABAg,registered_nurses,2026,2026-04,Could you nail an iv for fucks sake. Blame it on the patient for being dehydrated when it's the furthest from the truth that you just didn't learn. People are done with incompetent people brutalizing people because they suck at what they don't do right. Yes I said it,49,False,True,0,0,The Truth About Becoming A Nurse,Doctor Mike,3cYbYBsLMSo,@AUSAGUY-r2v,2026-04-19 12:42:13+00:00,nursing career Australia,youtube_comment
Ugxr2d3Nb9kArIfRhJt4AaABAg,registered_nurses,2026,2026-04,Don't become a nurse if you are too sassy and toxic. There are enough of those.,16,False,True,0,0,The Truth About Becoming A Nurse,Doctor Mike,3cYbYBsLMSo,@ClassActions,2026-04-16 22:40:40+00:00,nursing career Australia,youtube_comment
Ugx7eSUUWwa6jtXJ6XB4AaABAg,registered_nurses,2026,2026-04,"As an Rn for 15 years, be a CNA first. If you can do that, be an nurse.",18,False,True,0,0,The Truth About Becoming A Nurse,Doctor Mike,3cYbYBsLMSo,@codycroft6311,2026-04-12 02:28:05+00:00,nursing career Australia,youtube_comment
UgxRmeQ8UfJdgEyIqIF4AaABAg,registered_nurses,2026,2026-04,"I'm currently studying to become a nurse, and i'm really so blown away by how much there is to study and know, and what the scope of role of an RN is. It REALLY feels like im studying to become a doctor tbh. It's very hard.",46,False,True,0,0,The Truth About Becoming A Nurse,Doctor Mike,3cYbYBsLMSo,@Crashandburn999,2026-04-11 07:29:02+00:00,nursing career Australia,youtube_comment
Ugw3LUOOH2WeShLJuIx4AaABAg,registered_nurses,2026,2026-04,😂I love how she’s old so you know she’s been there and u being new is fun 🎉 I bet that feels like u made it 😲,27,False,False,0,0,The Truth About Becoming A Nurse,Doctor Mike,3cYbYBsLMSo,@Bunnygirl121,2026-04-08 13:24:00+00:00,nursing career Australia,youtube_comment
UgydQgia1uhWtfUH6mJ4AaABAg,registered_nurses,2026,2026-04,"I loved my nurses during my first labor. My nurses were ready to go to bat for me, and when the doctor refused to come deliver my oldest ""because [the other mother in L&D] has to give birth first"", they gloved up and prepped to deliver the baby themselves. The doctor showed up just in time to glove up, sit, and catch my baby, then got cussed out by my nurses before running away 😂 I loved them so much",80,False,True,0,0,The Truth About Becoming A Nurse,Doctor Mike,3cYbYBsLMSo,@kastle3646,2026-04-05 02:44:53+00:00,nursing career Australia,youtube_comment
Ugybnt46BIR3vEMPxWF4AaABAg,registered_nurses,2026,2026-03,"Studying in Germany requires very accurate information, and I don’t want to make mistakes. Is Globro trustworthy?",17,False,False,0,0,The Truth About Becoming A Nurse,Doctor Mike,3cYbYBsLMSo,@Vivaan-i1h,2026-03-17 07:50:02+00:00,nursing career Australia,youtube_comment
UgyTbgdFejmLhliksmx4AaABAg,registered_nurses,2026,2026-02,My dads often in the hospital because of an illness that seems to run in the family and he really likes his nurses and the doctors he has,28,False,True,1,0,The Truth About Becoming A Nurse,Doctor Mike,3cYbYBsLMSo,@Candy_Queen123,2026-02-28 17:08:47+00:00,nursing career Australia,youtube_comment
Ugyv_Zx-wySs1xC-U854AaABAg,registered_nurses,2026,2026-02,"Loved how simple and clear this was, made the whole process easy to understand and try myself",17,False,False,1,0,The Truth About Becoming A Nurse,Doctor Mike,3cYbYBsLMSo,@ImRunningOnJava,2026-02-24 11:15:06+00:00,nursing career Australia,youtube_comment
UgxqFu-MT4JxaLwrbnd4AaABAg,registered_nurses,2026,2026-02,I’m starting nursing school March 1. Currently a pharmacy tech and they are also minimized. The tests are the ones giving vaccines and in hospital ( I do both) we are compounding your sterile medications,35,False,True,0,0,The Truth About Becoming A Nurse,Doctor Mike,3cYbYBsLMSo,@stevenkyle2313,2026-02-16 19:30:43+00:00,nursing career Australia,youtube_comment
UgyruRhnZlD17_ztwBN4AaABAg,registered_nurses,2026,2026-02,"The thing is, most nurses at a doctors office are LVN/LPN’s. Or even MA’s. Not many doctors are gonna wanna pay a RN what they are worth. Outpatient doctors offices are great easy gigs. Beside sucks.",36,False,True,0,0,The Truth About Becoming A Nurse,Doctor Mike,3cYbYBsLMSo,@chasem1032,2026-02-11 23:48:27+00:00,nursing career Australia,youtube_comment
UgznUpWjQydhbXrApnd4AaABAg,registered_nurses,2026,2026-01,sound like Pharmacy / tech people just don't appreciate all you do for them. period! 😂 😂,17,False,False,0,0,The Truth About Becoming A Nurse,Doctor Mike,3cYbYBsLMSo,@aleksakat,2026-01-21 04:12:59+00:00,nursing career Australia,youtube_comment
UgzIU-B-s8SKOaJghgR4AaABAg,registered_nurses,2026,2026-01,"My gf got admitted into the hospital for only a day and a half for heart problems, I never once saw a doctor",23,False,True,0,0,The Truth About Becoming A Nurse,Doctor Mike,3cYbYBsLMSo,@theweirdone4922,2026-01-06 23:35:09+00:00,nursing career Australia,youtube_comment
UgyTXd1Uy7oBq42mV_J4AaABAg,registered_nurses,2026,2026-01,1st timer here ☝🏾. Thank you for making this video! I subbed about 4 mins in📝. Great explanation and organization. I hit the 👍🏾button before the vid ended and I posted this 😂,33,False,False,0,0,The Truth About Becoming A Nurse,Doctor Mike,3cYbYBsLMSo,@TunicaLog_Inc,2026-01-03 10:16:40+00:00,nursing career Australia,youtube_comment
UgyMkf9ZTKCVPEYigit4AaABAg,registered_nurses,2025,2025-12,"I'm planning on being a nurse, so thank you so much for further convincing me to do my best!",19,False,True,1,0,The Truth About Becoming A Nurse,Doctor Mike,3cYbYBsLMSo,@Remsterra,2025-12-29 04:10:01+00:00,nursing career Australia,youtube_comment
UgznIhH26FHlH1DFfb14AaABAg,registered_nurses,2025,2025-12,"I am a Vet Assistant considering switching to becoming a nurse. Being a Vet Assistant is hard, you deal with bodily fluids, aggressive animals, have to know different vital ranges for different species, like knowing a heart rate of 80 is normal for a German shepherd but a cat's normal heart rate would be around 150, etc. You are also severely underpaid, not respected, and the job market sucks. I think I would much rather work as a nurse at a pediatrician, have a single vital range to refer to (like 120/80 BPM) as opposed to taking in the consideration of what breed and species of animal you are working with.",111,False,True,0,0,The Truth About Becoming A Nurse,Doctor Mike,3cYbYBsLMSo,@samibabe48,2025-12-29 02:36:34+00:00,nursing career Australia,youtube_comment
UgxhhqNeCIj0TpSLl154AaABAg,registered_nurses,2025,2025-12,Don't forget about us cna's,5,False,False,1,0,The Truth About Becoming A Nurse,Doctor Mike,3cYbYBsLMSo,@ThisGirlFromHamill,2025-12-15 00:43:04+00:00,nursing career Australia,youtube_comment
UgwPUN28G_iQEjF6jhJ4AaABAg,registered_nurses,2025,2025-12,"theirs 2 flavors of RN's
-actual RN's who keep the floor running
-cute, gossipy, starbucks always at-hand, ready to hook-up with dr's, posting on socials, enjoying how ""cute"" they are",30,False,True,0,0,The Truth About Becoming A Nurse,Doctor Mike,3cYbYBsLMSo,@1319matt-e4n,2025-12-01 17:19:28+00:00,nursing career Australia,youtube_comment
UgxiNhtnus8In3yGTeN4AaABAg,registered_nurses,2025,2025-11,"John 3:16 “For God so loved the world that He gave His One and Only Son so that whoever believes in Him, shall not perish but have eternal life” God loves you no matter what, never forget that!😊❤",38,False,False,1,0,The Truth About Becoming A Nurse,Doctor Mike,3cYbYBsLMSo,@Cloud550vv,2025-11-28 20:55:44+00:00,nursing career Australia,youtube_comment
Ugw-u6VxIXCrAHFgjLZ4AaABAg,registered_nurses,2025,2025-11,And now it’s not a profession?,6,False,False,0,0,The Truth About Becoming A Nurse,Doctor Mike,3cYbYBsLMSo,@Annamarie84,2025-11-24 03:44:49+00:00,nursing career Australia,youtube_comment
UgwqxdzI70T83ZC8go54AaABAg,registered_nurses,2025,2025-10,"As far as ive understood it, here’s the difference between doctor and nurses: doctor diagnose a lot of patients and figure out what treatment and meditation each of Them needs! Nurses stay with 1 individual patient at a time for their enitre journey to recovery, giving Them the meditations en treatment the doctor Said they needed and figuring out/deciding HOW To give it to Them, get to know their patient and emotionally help Them get through this hard time in their life, and check if the treatment is going Well, and if it issent telling that to the doctor so that they Can figure out together what went wrong! Is this acurate, or is there more to it than that?",120,False,True,1,0,The Truth About Becoming A Nurse,Doctor Mike,3cYbYBsLMSo,@ChristianDall-p2j,2025-10-30 12:39:55+00:00,nursing career Australia,youtube_comment
UgykEL0afG55xQr8sOh4AaABAg,registered_nurses,2025,2025-10,"Thinking about getting into nursing, ya know — like a midlife (more like early life) career change.
At first I thought I was into technology. I got a diploma in 3D, and I'm a 3D Artist / 2D Artist / Game Developer / Programmer / Audio and Video Editor.
But now that I know a lot about my field, I realize it wasn't the tech that intrigued me — it was the learning experience and the knowledge I gained over the years.
Now, thanks to Doctor Mike, I really wanna learn more about medicine.
First priority would be becoming a doctor, but I don't wanna spend too much time — so how about a diploma in nursing?",117,False,True,0,0,The Truth About Becoming A Nurse,Doctor Mike,3cYbYBsLMSo,@ghostbugaming,2025-10-26 06:54:19+00:00,nursing career Australia,youtube_comment
Ugwo7QobfZsuRUBnpfJ4AaABAg,registered_nurses,2025,2025-10,I was abused and treated like dirt. I have not has a nurse provide good care They always complain and abuse,21,False,True,0,0,The Truth About Becoming A Nurse,Doctor Mike,3cYbYBsLMSo,@pussysewedshut,2025-10-24 22:39:23+00:00,nursing career Australia,youtube_comment
UgyEHlYcOobvEfo1V4V4AaABAg,registered_nurses,2025,2025-10,"❤❤❤You are welcome, Dr. Mike and Doctors. I haven't been in the scene as a practising nurse for the longest time. If I do get back to Nursing, I will start from zero. But I believe I can still go work in the US even if am already in my 50's and would be glad to work in one of the hospitals that truly cares.🙏🙏🙏",65,False,True,0,0,The Truth About Becoming A Nurse,Doctor Mike,3cYbYBsLMSo,@Joanne-c3b,2025-10-18 18:07:18+00:00,nursing career Australia,youtube_comment
UgysSn6dS9VEHq32bbR4AaABAg,registered_nurses,2025,2025-10,I wanna be a nurse but im a boy and worried about sterotypes and what people might say,18,False,True,0,0,The Truth About Becoming A Nurse,Doctor Mike,3cYbYBsLMSo,@Catsarecool893,2025-10-17 21:23:32+00:00,nursing career Australia,youtube_comment
UgwL-j2saZL1nqPbxQ94AaABAg,registered_nurses,2025,2025-10,❤❤❤❤❤ thank you Doctor! GOD bless you!😊,7,False,False,0,0,The Truth About Becoming A Nurse,Doctor Mike,3cYbYBsLMSo,@christinewilson9363,2025-10-17 02:39:29+00:00,nursing career Australia,youtube_comment
Ugz80eS08c4h0IXKAgd4AaABAg,registered_nurses,2025,2025-10,Wow my dream to be❤❤❤❤ God help me please,9,False,False,0,0,The Truth About Becoming A Nurse,Doctor Mike,3cYbYBsLMSo,@EstherAlonga,2025-10-16 20:00:07+00:00,nursing career Australia,youtube_comment
UgznXPw5mQcpnuDUefR4AaABAg,registered_nurses,2025,2025-10,I'm B's Nursing 2nd semester student from Pakistan,8,False,True,0,0,The Truth About Becoming A Nurse,Doctor Mike,3cYbYBsLMSo,@captainmalik-z1t,2025-10-15 02:25:36+00:00,nursing career Australia,youtube_comment
Ugz5ZfNbjo-0DqyISg14AaABAg,registered_nurses,2025,2025-10,"Planning on going into nursing in 2027-2029 at Edinburgh Napier University on an MSc Pre-Registration course. Recently graduated with my BA (Hons) in Criminology in July, and realised that career path didn't feel right for me (and have struggled to find jobs ever since because job hunting is HARD nowadays 😅). I can apply with the qualifications I currently have, which is good news. Also, I'm in the recruitment process of becoming a Ward volunteer to get a feel for local hospitals, maybe even be able to speak to nurses and doctors about their experience, and getting some bedside experience with patients to build up my portfolio before applying. Thank you for the video, Doctor Mike ❤.",117,False,True,0,0,The Truth About Becoming A Nurse,Doctor Mike,3cYbYBsLMSo,@emmafoster3025,2025-10-11 12:49:51+00:00,nursing career Australia,youtube_comment
UgzNWDqxTDKwJ56bSbt4AaABAg,registered_nurses,2025,2025-10,Ur smile makes u hotter omg ure so hot and when u smile ure so fk hot,17,False,False,0,1,The Truth About Becoming A Nurse,Doctor Mike,3cYbYBsLMSo,@john_gay_vihreäblå,2025-10-10 09:45:42+00:00,nursing career Australia,youtube_comment
UgwlQk9Kv3fJ6Cu_Uu94AaABAg,registered_nurses,2025,2025-10,Doing volunteer work in a nursing home or becoming a CNA first is literally the best way to see if nursing is for you. This was great advice. I think what people see on social media about nursing is different than what nurse actually do in the field.,48,False,True,0,0,The Truth About Becoming A Nurse,Doctor Mike,3cYbYBsLMSo,@NN-ho2so,2025-10-09 15:29:49+00:00,nursing career Australia,youtube_comment
UgzkjC-fSUSorFM7et14AaABAg,registered_nurses,2025,2025-10,you are so hot OMG,5,False,False,0,0,The Truth About Becoming A Nurse,Doctor Mike,3cYbYBsLMSo,@papa-fs3ug,2025-10-09 08:06:29+00:00,nursing career Australia,youtube_comment
UgywX4KBNCzPKeH2b0R4AaABAg,registered_nurses,2025,2025-10,"I am a Nursing Student and in a place where the Nurses are treated very low... I have been subjected to insults and non cooperation a lot of times... I hide that part most often, and the torture has become somewhat of a routine recently as I am form a place where males are not seen in the health line too often. My grades where falling rapidly for I was losing my ability to care for people... I was losing my original laugh and covering it with a fake one... Plus I am not well accustomed to my college and the faculties, most of the times I distrust the teachings for I see none of them being practiced or a very different version being practiced... But after seeing this video I feel like there are places in the world were nurses are getting respected. Truthfully it becomes hard when you re treated as a slave your whole life just to be disrespected and shut down after graduation, but I think I can put in a bit more effort after watching this :)",182,False,True,0,0,The Truth About Becoming A Nurse,Doctor Mike,3cYbYBsLMSo,@bidyuprakashdas8129,2025-10-08 12:51:35+00:00,nursing career Australia,youtube_comment
UgwYWB7b0MbPODTDKtZ4AaABAg,registered_nurses,2025,2025-10,Too be a nurse you have to have strong empathy..but your co worker and management will turn you into a dark soul,22,False,True,0,0,The Truth About Becoming A Nurse,Doctor Mike,3cYbYBsLMSo,@LeoNardo-so2sx,2025-10-06 16:56:23+00:00,nursing career Australia,youtube_comment
Ugz1Nu6EVbbS8KSBMr14AaABAg,registered_nurses,2025,2025-10,I hate Rn and CNA. ..I seen what they did to my friend and what cna did to me . it's bullshit...nurses only care about there checks and the work you can get out of,35,False,True,1,1,The Truth About Becoming A Nurse,Doctor Mike,3cYbYBsLMSo,@LeoNardo-so2sx,2025-10-06 16:54:05+00:00,nursing career Australia,youtube_comment
UgxQqTxZlo7-wzfq7lt4AaABAg,registered_nurses,2025,2025-10,"As an aspiring physician with a minor in science of nursing, this was a perfect example of what I want to bring to my practice!",25,False,True,0,0,The Truth About Becoming A Nurse,Doctor Mike,3cYbYBsLMSo,@Guten101,2025-10-02 23:35:28+00:00,nursing career Australia,youtube_comment
UgyZ7tTC5t1xXCyiPnN4AaABAg,registered_nurses,2025,2025-10,"In reality, doctors dont save lives they prolong lives.",9,False,False,0,0,The Truth About Becoming A Nurse,Doctor Mike,3cYbYBsLMSo,@LA2TXQueen1,2025-10-01 00:59:14+00:00,nursing career Australia,youtube_comment
UgyJTjRKE2ziakYaVVl4AaABAg,registered_nurses,2025,2025-09,"I work in a hospital, but I’m an intern",9,False,True,0,0,The Truth About Becoming A Nurse,Doctor Mike,3cYbYBsLMSo,@Spreadtheword314,2025-09-18 00:33:34+00:00,nursing career Australia,youtube_comment
UgxlSMWJkTNY2ytZN0R4AaABAg,registered_nurses,2025,2025-09,"I'm going into nursing - switching careers from game development actually - for two reasons: A: I want to be able to take care of my parents as they get older - my dad has a fear that he'll die and me and my siblings will just dump our mom into a nursing home (and I want to be able to do more for them than what a CNA is trained in....but I do have that certification as well). B: I see how politically tribalistic the country is, and I think we need more nurses who believe in checking their politics at the door as they come into work and remembering to see the humanity in the people they disagree with.",121,False,True,0,0,The Truth About Becoming A Nurse,Doctor Mike,3cYbYBsLMSo,@NinjaFlibble,2025-09-13 22:42:55+00:00,nursing career Australia,youtube_comment
Ugw4r2_VkPV6itimpkR4AaABAg,registered_nurses,2025,2025-09,"Please Dr Mike info ....
How to become Bsc Nurse to RN Nurse ....i am Ethiopia Please ❤❤❤",18,False,True,0,0,The Truth About Becoming A Nurse,Doctor Mike,3cYbYBsLMSo,@BelaynewMoges-d5w,2025-09-12 16:41:19+00:00,nursing career Australia,youtube_comment
UgwoZ54igykAjVY7NoR4AaABAg,registered_nurses,2025,2025-09,I just stumbled upon this video. Too late I already became one lol rewarding profession!!! But not for everyone!,19,False,True,1,0,The Truth About Becoming A Nurse,Doctor Mike,3cYbYBsLMSo,@pierreramos418,2025-09-12 15:25:41+00:00,nursing career Australia,youtube_comment
UgwWw4641QgH1ti_FhV4AaABAg,registered_nurses,2025,2025-09,Raise the pay for nurse or minimize the no.of patient to take care on daily basis to get a better outcome for our patient!,24,False,True,0,0,The Truth About Becoming A Nurse,Doctor Mike,3cYbYBsLMSo,@Sarahanderson-c4x,2025-09-09 21:28:13+00:00,nursing career Australia,youtube_comment
Ugy0DhIQ2_YNRP8WPWN4AaABAg,registered_nurses,2025,2025-09,Fun is RARE in nursing.,5,False,True,0,0,The Truth About Becoming A Nurse,Doctor Mike,3cYbYBsLMSo,@PMLoveChannel,2025-09-04 00:02:03+00:00,nursing career Australia,youtube_comment
UgzFZQG92gYIAIZ-BNp4AaABAg,registered_nurses,2025,2025-09,It's a shame here in Sri Lanka that nurses have to work in poor conditions and long rush hours. And even worse the majority of the population is still in a huge misconception that nurses are here to assist doctors 😂. majority don't seem them as medical professionals.,48,False,True,0,0,The Truth About Becoming A Nurse,Doctor Mike,3cYbYBsLMSo,@ashinshaweerasinghe9260,2025-09-03 11:24:18+00:00,nursing career Australia,youtube_comment
Ugy4Kx_w_4KsSxF3k_x4AaABAg,registered_nurses,2025,2025-09,As a son of a nurse I can say you're 💯 right,12,False,True,0,0,The Truth About Becoming A Nurse,Doctor Mike,3cYbYBsLMSo,@ashinshaweerasinghe9260,2025-09-03 11:16:43+00:00,nursing career Australia,youtube_comment
UgwE-7yFzlvxWDTxAgx4AaABAg,registered_nurses,2025,2025-08,"In this world, there is 2 kind of hospitals. 1 for the body and 1 for the soul. Man`s hospitals, in there bodies problems are dealt with and GOD`s hospital - the church, in there man`s soul problems are dealt with.
Become the church (born again = saved and forgiven =christ followers/bible obeyers) - lessons from pastor: Robert Breaker",59,False,True,0,0,The Truth About Becoming A Nurse,Doctor Mike,3cYbYBsLMSo,@realityisbiblicalknowthat,2025-08-29 06:22:30+00:00,nursing career Australia,youtube_comment
Ugw_WJ-k-4O9RVn1GjB4AaABAg,registered_nurses,2025,2025-08,"I love it when a patient asked for a doctor whenever I'm about to start an IV because ""I don't trust you nurses"".",23,False,True,0,0,The Truth About Becoming A Nurse,Doctor Mike,3cYbYBsLMSo,@CyanMaple,2025-08-20 19:50:14+00:00,nursing career Australia,youtube_comment
UgxMzNYZFlmM26XZkgF4AaABAg,registered_nurses,2025,2025-08,"I’m a student nurse!! I love clinicals. I know I will love nursing. What a very young, attractive doctor with good energy! Wow.",23,False,True,0,0,The Truth About Becoming A Nurse,Doctor Mike,3cYbYBsLMSo,@beautyrefinement,2025-08-19 16:11:50+00:00,nursing career Australia,youtube_comment
UgxSauYip9dd5b5YhpJ4AaABAg,registered_nurses,2025,2025-08,I am 18 I am starting my nursing study in a few months I am excited to be a nurse,20,False,True,1,0,The Truth About Becoming A Nurse,Doctor Mike,3cYbYBsLMSo,@Rani379-u6j,2025-08-06 16:25:51+00:00,nursing career Australia,youtube_comment
Ugw4BGyHo1-aIl1qWLt4AaABAg,registered_nurses,2025,2025-07,"As a retired RN, thank you.",6,False,True,0,0,The Truth About Becoming A Nurse,Doctor Mike,3cYbYBsLMSo,@AndiRN-65,2025-07-31 17:01:52+00:00,nursing career Australia,youtube_comment
Ugxr1bU-EZde7qgpyBF4AaABAg,registered_nurses,2025,2025-07,I’m a 31 year old man that has been in the tree field. I took a course on air rescue and it peaked my interest in the medical field. I’m considering becoming a nurse so this was helpful.,38,False,True,0,0,The Truth About Becoming A Nurse,Doctor Mike,3cYbYBsLMSo,@jacobpelletier4147,2025-07-27 05:41:19+00:00,nursing career Australia,youtube_comment
UgwqfoKc0nsYZgVs1aB4AaABAg,registered_nurses,2025,2025-07,I truly respect nurses so much because most of the times they will be the ones to be spending time with patients!,22,False,True,0,0,The Truth About Becoming A Nurse,Doctor Mike,3cYbYBsLMSo,@AfiqAbdulrahmannn,2025-07-17 09:45:29+00:00,nursing career Australia,youtube_comment
UgzsLsj7PdwD5iLBvrV4AaABAg,registered_nurses,2025,2025-07,"Thank you for this episode. I am now retired and worked for 43 years , yes it was a hard job but very rewarding.",24,False,True,0,0,The Truth About Becoming A Nurse,Doctor Mike,3cYbYBsLMSo,@fecastro4417,2025-07-15 21:29:37+00:00,nursing career Australia,youtube_comment
UgzP4Cux1LTwMzKlNeZ4AaABAg,registered_nurses,2025,2025-07,Starting my HESI prep and anatomy class! 25 years old here and it’s been a career change I’ve been pondering for a while. Now I’m taking those steps and am excited,31,False,False,0,0,The Truth About Becoming A Nurse,Doctor Mike,3cYbYBsLMSo,@sevendaysss69,2025-07-08 20:06:04+00:00,nursing career Australia,youtube_comment
UgyM2lN9x0vHNhcrFSx4AaABAg,registered_nurses,2025,2025-06,My daughter has just started nursing school. What motivated Her was she has a chronic illness the required several surgeries. The nurses made all the difference. She has a heart for others so this was not a hard choice. Thank you for the insight. I will be sharing it with her.,51,False,True,1,0,The Truth About Becoming A Nurse,Doctor Mike,3cYbYBsLMSo,@jlm84,2025-06-25 04:47:52+00:00,nursing career Australia,youtube_comment
UgyKGxfhv-OPQ98idwt4AaABAg,registered_nurses,2025,2025-06,"Great job if you want to be bullied by doctors and nursing management, work ALL night for 3 or 4 nights in a row, having no social life and poor remuneration. If these appeal, go for it!!!",37,False,True,1,0,The Truth About Becoming A Nurse,Doctor Mike,3cYbYBsLMSo,@club1fan552,2025-06-21 12:02:09+00:00,nursing career Australia,youtube_comment
UgyX8hX_7PRgv15QORl4AaABAg,registered_nurses,2025,2025-06,Mike may you find a loving and kind wife if that is your wish. I pray no kind of bad women find or trick you - I pray you have discernment and wisdom in who you let close to your heart. ❤,42,False,False,0,0,The Truth About Becoming A Nurse,Doctor Mike,3cYbYBsLMSo,@Ghriangraf,2025-06-19 02:16:57+00:00,nursing career Australia,youtube_comment
Ugzj0Ay45zzTM2xURbN4AaABAg,registered_nurses,2025,2025-06,I am forty two years old and i'm deciding just now to become a nurse. I'm so excited.I can't wait to start. This job is exactly what I want. I love the idea of being there for others.,38,False,True,11,2,The Truth About Becoming A Nurse,Doctor Mike,3cYbYBsLMSo,@CaptainDCU,2025-06-13 19:57:08+00:00,nursing career Australia,youtube_comment
Ugx7fbRpvXr39AVac9l4AaABAg,registered_nurses,2025,2025-06,"Lol...""You still party! I know you do!"" Sweet ending and insightful video.",12,False,False,0,0,The Truth About Becoming A Nurse,Doctor Mike,3cYbYBsLMSo,@EulaliaSchultz-y2e,2025-06-08 23:16:54+00:00,nursing career Australia,youtube_comment
Ugxce4J4wDaZwfbPNip4AaABAg,registered_nurses,2025,2025-06,"thanks for this!! I want to be a NP. I started wanting to be one just so that I can afford my own horses when I grow up, but now I also want to do it because I realized I’ll save lives",42,False,False,0,0,The Truth About Becoming A Nurse,Doctor Mike,3cYbYBsLMSo,@dani_koshka,2025-06-06 01:02:47+00:00,nursing career Australia,youtube_comment
UgxIp77cnoImxGt526l4AaABAg,registered_nurses,2025,2025-05,As a nurse student THANK’s! Means so much 😊,9,False,True,0,0,The Truth About Becoming A Nurse,Doctor Mike,3cYbYBsLMSo,@becca34746,2025-05-30 03:23:17+00:00,nursing career Australia,youtube_comment
UgwEv_Sf8W9pMkFA5Fd4AaABAg,registered_nurses,2025,2025-05,i’m watching this as a current nurse lol,8,False,True,1,0,The Truth About Becoming A Nurse,Doctor Mike,3cYbYBsLMSo,@Sasharanger,2025-05-19 02:59:43+00:00,nursing career Australia,youtube_comment
UgwnUzY15MLrEVFOprV4AaABAg,registered_nurses,2025,2025-05,"The ""Michael, Go away now"". sent me flying hehehe that was sweet tho.",13,False,False,1,0,The Truth About Becoming A Nurse,Doctor Mike,3cYbYBsLMSo,@Nyx_Room,2025-05-18 22:05:37+00:00,nursing career Australia,youtube_comment
UgyxFf0WQbMz3nkJoit4AaABAg,registered_nurses,2025,2025-05,I had triple negative breast cancer at 23 and had the most amazing nurses that made getting chemo not that bad and they were always so sweet and kind talkative and would get me all the snacks I wanted. And I’m so grateful for them they truly changed my life and I’m now going to school to get my bachelors in RN and hopefully work in oncology one day.,69,False,True,1,0,The Truth About Becoming A Nurse,Doctor Mike,3cYbYBsLMSo,@jesalynbanham9580,2025-05-18 03:04:23+00:00,nursing career Australia,youtube_comment
UgzV7u-IXx37JDYPL-h4AaABAg,registered_nurses,2025,2025-05,"I want to be a nurse, I’ve been off and on with it. I’m a pharmacy technician right now. I’ve been wanting to do nursing since high school and even wanted to do nursing in the military. Idk, 🤷🏼‍♀️ I do t think it’s too late as I’m 33 now but I feel like I can be more of a useful pink collar in society. If I can just find a way to work with my ADHD to keep me focused so I can actually do the thing, I’d be happy.",91,False,True,1,0,The Truth About Becoming A Nurse,Doctor Mike,3cYbYBsLMSo,@mariaarakat,2025-05-14 05:45:56+00:00,nursing career Australia,youtube_comment
UgynKHGzxZL4_SmwwQp4AaABAg,registered_nurses,2025,2025-05,I've been a nurse since 1745 and I can say this doctor is fantastic!,14,False,True,0,0,The Truth About Becoming A Nurse,Doctor Mike,3cYbYBsLMSo,@drewboo5762,2025-05-01 04:52:46+00:00,nursing career Australia,youtube_comment
Ugz7phUEMetQAlIujlp4AaABAg,registered_nurses,2025,2025-04,"Whenever i go to the hospital, the nurses help comfort me a lot! Theyd always ask how im doing and if i need anything, they always smile at me and laugh with me!! And once i got bit by a stray cat and went to the hospital to get a tetanus shot, the doctor was quite mean about it being like ""why r u playing with stray cats! Shouldnt you know better?!"" While the nurse who gave me the shot was so sweet being like she gets it cats are so cute and you wanna play with them but sometimes theyre the devil himself! Told me about her sister who has a lot of cats and how she got bit by one too! And we laughed about it and stuff! And she cleaned my wound too and was such a nice lady! I appreciate her so much! She and the other kind nurses are the reason why i too wanna become a nurse! I want people to feel comfort during their worst times and make their hospital visit not as painful!",181,False,True,0,0,The Truth About Becoming A Nurse,Doctor Mike,3cYbYBsLMSo,@k1mlsie,2025-04-26 20:45:27+00:00,nursing career Australia,youtube_comment
UgwXgMCXDXFg9yrws-14AaABAg,registered_nurses,2025,2025-04,CNA preparing to become an RN then NP. Thank you for this!,12,False,True,0,0,The Truth About Becoming A Nurse,Doctor Mike,3cYbYBsLMSo,@SimpleMandy,2025-04-24 17:33:11+00:00,nursing career Australia,youtube_comment
Ugzc_2-1WTq1q2D73jh4AaABAg,registered_nurses,2025,2025-04,My daughter really wants to be a nurse when she grows up,12,False,True,0,0,The Truth About Becoming A Nurse,Doctor Mike,3cYbYBsLMSo,@gabrielas0386,2025-04-09 19:55:20+00:00,nursing career Australia,youtube_comment
Ugy9AkGuY4U9J996-yd4AaABAg,registered_nurses,2025,2025-03,"CNA — $14 per hour , Phlebotomist- $8-$14 per hour — super important roles yet heavily underpaid . Many can’t afford RN degree or MD degree",26,False,True,4,0,The Truth About Becoming A Nurse,Doctor Mike,3cYbYBsLMSo,@Researchedthat,2025-03-31 20:52:30+00:00,nursing career Australia,youtube_comment
Ugxc9cHRmIflfTBwgSJ4AaABAg,registered_nurses,2025,2025-03,"I graduate nursing school (BSN) in less than 2 months and I'm so excited! Can I come work for you, Dr Mike? ;) Thank you for being so awesome to your nurses! :)",33,False,True,0,0,The Truth About Becoming A Nurse,Doctor Mike,3cYbYBsLMSo,@hockey_girl_21,2025-03-19 19:45:47+00:00,nursing career Australia,youtube_comment
Ugy4Yh-APwmHZXgDNeV4AaABAg,registered_nurses,2025,2025-03,"My mother became a nurse when i entered middle school, i never saw her until 8pm everyday, the only person i saw regularly was my father. Coming from a man who essential grew up without his mom due to the career requirements. I suggest thinking strongly as too how much time you want to spend with your family vs at work",61,False,True,0,0,The Truth About Becoming A Nurse,Doctor Mike,3cYbYBsLMSo,@lazyeddy1,2025-03-07 13:17:38+00:00,nursing career Australia,youtube_comment
Ugz7ZC10hyg0gVWfvRB4AaABAg,registered_nurses,2025,2025-03,"Yep. I didn’t even think I wanted to be a nurse. But hearing my nursing friends in college, I knew it wasn’t right for me. 
But I think this needs to be said for every occupation. And all occupations should be praised, not just those in the medical field/ other high ranking professions. 
Some of the blue collar jobs are just as important as the white collar jobs. 
C.S. Lewis said it best. 
“If you judge a fish by his ability to climb a tree, it will spend its whole life feeling like a failure. “",96,False,True,0,0,The Truth About Becoming A Nurse,Doctor Mike,3cYbYBsLMSo,@annaburns2865,2025-03-02 13:57:21+00:00,nursing career Australia,youtube_comment
UgzTzeYKCe3W_x4a55R4AaABAg,registered_nurses,2025,2025-02,There’s nothing better than coming on the floor and realizing you’re working with a respectful/fun doctor. (Who genuinely cares) you’re the best Dr Mike,24,False,False,0,0,The Truth About Becoming A Nurse,Doctor Mike,3cYbYBsLMSo,@michellemazzyy,2025-02-20 14:26:23+00:00,nursing career Australia,youtube_comment
UgyZS7L12JRmJyoxcPV4AaABAg,registered_nurses,2025,2025-02,"For nurse Homecare they look down😔
Can you say something for a homecare nurse?",14,False,True,0,0,The Truth About Becoming A Nurse,Doctor Mike,3cYbYBsLMSo,@KhemmaVisal,2025-02-03 07:38:07+00:00,nursing career Australia,youtube_comment
UgzvmqVee_Yb9okyfk14AaABAg,registered_nurses,2023,2023-04,"We got zero thanks, don't get to take our UnPaid breaks and our student loans have gone up significantly thanks to CPI indexing. Add to this an extremely toxic workplace and top heavy management who are out of touch",39,True,False,0,0,Nurse exodus looms in South Australia as burnout crisis is revealed,Sky News Australia,wBN41Dm0G6Y,@maurisa369,2023-04-27 11:09:45+00:00,nurse burnout Australia,youtube_comment
Ugzw2jtQdnd_VM0up5h4AaABAg,registered_nurses,2021,2021-11,BULL burn out YET... its a result of NO JAB NO JAB. I am a retired nurse and the hours are eight... with occasional extra hours.,26,True,True,0,0,Nurse exodus looms in South Australia as burnout crisis is revealed,Sky News Australia,wBN41Dm0G6Y,@crystella777,2021-11-20 02:29:12+00:00,nurse burnout Australia,youtube_comment
UgxTVTP5c2mi_mdHq_l4AaABAg,registered_nurses,2021,2021-11,They are leaving because of mandates. Idiots. Trust me I'm a sacked Paramedic and my wifecis a sacked Physiotherapist thanks to the mandates here in Tasmania.,26,True,False,0,0,Nurse exodus looms in South Australia as burnout crisis is revealed,Sky News Australia,wBN41Dm0G6Y,@Jujbbyigs8766,2021-11-19 07:27:54+00:00,nurse burnout Australia,youtube_comment
Ugy7XAttrXp02l3mAJp4AaABAg,registered_nurses,2021,2021-11,Time to join the local rotary club 👀,8,True,False,0,0,Nurse exodus looms in South Australia as burnout crisis is revealed,Sky News Australia,wBN41Dm0G6Y,@moonshineexc,2021-11-04 07:03:51+00:00,nurse burnout Australia,youtube_comment
UgxQ_7W_-o27BWsGcIB4AaABAg,registered_nurses,2021,2021-09,Nurses are getting thin on the ground but not on the wards.,12,True,True,0,0,Nurse exodus looms in South Australia as burnout crisis is revealed,Sky News Australia,wBN41Dm0G6Y,@mvnorsel6354,2021-09-24 04:40:42+00:00,nurse burnout Australia,youtube_comment
UgxUM9A-hHkfo1bJwiF4AaABAg,registered_nurses,2021,2021-09,It's hardly due to Covid. We don't have any covid in SA,12,True,False,1,0,Nurse exodus looms in South Australia as burnout crisis is revealed,Sky News Australia,wBN41Dm0G6Y,@glenysewoods3005,2021-09-14 04:36:14+00:00,nurse burnout Australia,youtube_comment
Ugz1w1FD-V0d7gvIKTZ4AaABAg,registered_nurses,2021,2021-09,"What about over running the hospitals?
Maybe for starters we should not fire the staff that have been dealing with COVID without a vaccine for nearly 2 years, just for not accepting a new medical treatment?! 
Maybe it’s a chance to improve our hospital service's with the billions of our tax money? 
Instead of throwing all of our billions of tax money at big pharmaceutical and big tech companies to get us out of this, with a national digital “vaccinated” citizen passports and booster shots every 6 months or so?",90,True,True,0,0,Nurse exodus looms in South Australia as burnout crisis is revealed,Sky News Australia,wBN41Dm0G6Y,@Huggy259,2021-09-14 04:34:52+00:00,nurse burnout Australia,youtube_comment
UgwoedVbCdLQmbohDEh4AaABAg,registered_nurses,2021,2021-09,"You are asking the wrong question. You asked, ""Could it handle a Delta outbreak?"" You should ask, can it handle adverse covid vaccine reaction patients?
There in lies the truth.",30,True,False,0,0,Nurse exodus looms in South Australia as burnout crisis is revealed,Sky News Australia,wBN41Dm0G6Y,@Southcoastdesignstudio,2021-09-14 02:11:57+00:00,nurse burnout Australia,youtube_comment
Ugx1gTdFzRqES4CS5ch4AaABAg,registered_nurses,2021,2021-09,Burnout? I'm a nurse. It's the mandate you dolts.,9,True,True,0,0,Nurse exodus looms in South Australia as burnout crisis is revealed,Sky News Australia,wBN41Dm0G6Y,@KathleenEdge,2021-09-14 01:43:27+00:00,nurse burnout Australia,youtube_comment
Ugxmi659CPVz8FACv-54AaABAg,registered_nurses,2021,2021-09,can you see it yet ?,6,True,False,1,0,Nurse exodus looms in South Australia as burnout crisis is revealed,Sky News Australia,wBN41Dm0G6Y,@briananderson7285,2021-09-14 01:14:27+00:00,nurse burnout Australia,youtube_comment
Ugzex5a7Mjji-mhFvSF4AaABAg,registered_nurses,2021,2021-09,"Trading on your own is very risky, I've lost alot trading for my self",14,True,False,62,14,Nurse exodus looms in South Australia as burnout crisis is revealed,Sky News Australia,wBN41Dm0G6Y,@kellytammie5181,2021-09-14 01:13:16+00:00,nurse burnout Australia,youtube_comment
UgzkWxsadWU3pTzLMWN4AaABAg,registered_nurses,2021,2021-09,Fake news tell the truth they don't want your jabs,10,True,False,0,0,Nurse exodus looms in South Australia as burnout crisis is revealed,Sky News Australia,wBN41Dm0G6Y,@zwtu,2021-09-14 00:44:54+00:00,nurse burnout Australia,youtube_comment
Ugzl61-yHwxSTHydh_p4AaABAg,registered_nurses,2021,2021-09,burned out due to coercion and discrimination. Forced to take an experimental medical procedure or no job.,17,True,False,0,0,Nurse exodus looms in South Australia as burnout crisis is revealed,Sky News Australia,wBN41Dm0G6Y,@Denise_Pappas,2021-09-14 00:09:30+00:00,nurse burnout Australia,youtube_comment
Ugw0TMKvEjTHVghshkF4AaABAg,registered_nurses,2021,2021-09,Still want a vax mandate... f u,7,True,False,0,0,Nurse exodus looms in South Australia as burnout crisis is revealed,Sky News Australia,wBN41Dm0G6Y,@AUS_RACING,2021-09-14 00:08:50+00:00,nurse burnout Australia,youtube_comment
UgxuHL6DRa5HpBSP2N54AaABAg,registered_nurses,2021,2021-09,Sure there not all leaving there jobs because they have a conscious mind,13,True,False,0,0,Nurse exodus looms in South Australia as burnout crisis is revealed,Sky News Australia,wBN41Dm0G6Y,@michaelstevenson5888,2021-09-13 23:45:07+00:00,nurse burnout Australia,youtube_comment
UgzwoRPTxKXeDFsomMt4AaABAg,registered_nurses,2021,2021-09,Plenty of new opportunities. The prison system is ramping up.,10,True,False,1,0,Nurse exodus looms in South Australia as burnout crisis is revealed,Sky News Australia,wBN41Dm0G6Y,@_wallnutz_,2021-09-13 23:43:28+00:00,nurse burnout Australia,youtube_comment
UgyMpDPzGF9RX8OM8mx4AaABAg,registered_nurses,2021,2021-09,"Nurses are the highest paid in the world in Australia, if you drop the wages you can employ more people which probably will fix the problem",26,True,True,0,0,Nurse exodus looms in South Australia as burnout crisis is revealed,Sky News Australia,wBN41Dm0G6Y,@jesseheise7579,2021-09-13 23:39:18+00:00,nurse burnout Australia,youtube_comment
UgyxLrWzx_tfnDTasR14AaABAg,registered_nurses,2021,2021-09,"When the same filthy corrupted government offers a ""gene therapy"" unproven and with no long term studies...the people are at risk...IF you have a brain...use it. YOUR intuition is designed to keep you alive.",34,True,False,0,0,Nurse exodus looms in South Australia as burnout crisis is revealed,Sky News Australia,wBN41Dm0G6Y,@ricklongstreth3212,2021-09-13 23:07:54+00:00,nurse burnout Australia,youtube_comment
UgxtD2afLBUlhEE9uJ54AaABAg,registered_nurses,2021,2021-09,YOU on the left sound like idiots...it isn't burnout...it is because of a TYRANNICAL government imposing itself against the people. Get a clue...wake up sleepy sheep.,26,True,False,0,0,Nurse exodus looms in South Australia as burnout crisis is revealed,Sky News Australia,wBN41Dm0G6Y,@ricklongstreth3212,2021-09-13 23:06:15+00:00,nurse burnout Australia,youtube_comment
Ugxyr2_5_EB1LHqjND14AaABAg,registered_nurses,2021,2021-09,It’s been hard work dancing for TikTok for the last 2 years hasn’t it!!,14,True,False,1,0,Nurse exodus looms in South Australia as burnout crisis is revealed,Sky News Australia,wBN41Dm0G6Y,@karlso7314,2021-09-13 22:54:49+00:00,nurse burnout Australia,youtube_comment
UgwAN2KFy0-2cyth5Ed4AaABAg,registered_nurses,2021,2021-09,Well of course this was going to happen when you wont give shifts to half the work force due to vaccine status. Next youll have bus drivers being paramedics,29,True,False,0,0,Nurse exodus looms in South Australia as burnout crisis is revealed,Sky News Australia,wBN41Dm0G6Y,@edenglies7614,2021-09-13 22:32:40+00:00,nurse burnout Australia,youtube_comment
UgxNxCF4upGWlXJ52754AaABAg,registered_nurses,2021,2021-09,South Aus has had nothing in their hospitals nurses are going to leave because of mandates and the criminal treatment of covid patients,23,True,True,0,0,Nurse exodus looms in South Australia as burnout crisis is revealed,Sky News Australia,wBN41Dm0G6Y,@leisajarrett393,2021-09-13 22:19:22+00:00,nurse burnout Australia,youtube_comment
UgyM2bGEhdWm6zr7tYp4AaABAg,registered_nurses,2021,2021-09,Considering Australia has a flu epidemic in 2019 and the hospital coped obviously more to this story.,17,True,True,1,0,Nurse exodus looms in South Australia as burnout crisis is revealed,Sky News Australia,wBN41Dm0G6Y,@carmelcream7662,2021-09-13 22:12:37+00:00,nurse burnout Australia,youtube_comment
UgzQ2GbTEgz5yLLlsoh4AaABAg,registered_nurses,2021,2021-09,Read the comments for the truth. It's blatantly obvious why they are leaving.,13,True,False,0,0,Nurse exodus looms in South Australia as burnout crisis is revealed,Sky News Australia,wBN41Dm0G6Y,@paradisepythons4054,2021-09-13 21:54:53+00:00,nurse burnout Australia,youtube_comment
Ugy4UoaPJyRfyIiMxCN4AaABAg,registered_nurses,2021,2021-09,Thanks for another bias media report!Telling or reporting the truth isn't a option these days?shame,15,True,False,0,0,Nurse exodus looms in South Australia as burnout crisis is revealed,Sky News Australia,wBN41Dm0G6Y,@igazihamis8737,2021-09-13 21:46:39+00:00,nurse burnout Australia,youtube_comment
UgwgBh1ji8HLNt2oWaB4AaABAg,registered_nurses,2021,2021-09,"FACT: Has NOTHING to do with Mandates. It’s the same in US,,,, just a different spin",16,True,False,0,0,Nurse exodus looms in South Australia as burnout crisis is revealed,Sky News Australia,wBN41Dm0G6Y,@everythingisvibration,2021-09-13 21:40:26+00:00,nurse burnout Australia,youtube_comment
Ugzjw7ItnTp1KW_5puZ4AaABAg,registered_nurses,2021,2021-09,"The TRUTH please just like N.S.W. Ambulance drivers are simply working to rule, so the Fire brigade drivers are on standby. The Nurses are exactly the same, worked to death on shit pay and don't want to be forced to take a Gene Therapy Drug that they know won't stop them getting Covid.",53,True,True,0,0,Nurse exodus looms in South Australia as burnout crisis is revealed,Sky News Australia,wBN41Dm0G6Y,@richardtravers8772,2021-09-13 21:28:06+00:00,nurse burnout Australia,youtube_comment
UgzGPOIMVhagua-jGop4AaABAg,registered_nurses,2021,2021-09,"NOT BURNOUT.......MANDATES ARE THE REASON!!! 
Who couldn't see this happening?",10,True,False,1,0,Nurse exodus looms in South Australia as burnout crisis is revealed,Sky News Australia,wBN41Dm0G6Y,@alfieandme1289,2021-09-13 20:15:23+00:00,nurse burnout Australia,youtube_comment
UgxyZsURusfAQMJuJCt4AaABAg,registered_nurses,2021,2021-09,It’s been TWO solid years in a so called pandemic. If it’s been that bad you’d have had Covid by now. They could do this for 5 years and people would still think the jab is necessary?!,37,True,False,0,0,Nurse exodus looms in South Australia as burnout crisis is revealed,Sky News Australia,wBN41Dm0G6Y,@ketherwhale6126,2021-09-13 20:11:46+00:00,nurse burnout Australia,youtube_comment
Ugz21_JTmax0YQttkbd4AaABAg,registered_nurses,2021,2021-09,I didn't know there are so many cases of Covid19 in SA? Nurses are overworked???,15,True,True,0,0,Nurse exodus looms in South Australia as burnout crisis is revealed,Sky News Australia,wBN41Dm0G6Y,@ireneaustin8330,2021-09-13 19:56:06+00:00,nurse burnout Australia,youtube_comment
UgweUsKQSBCpQpq7bQ94AaABAg,registered_nurses,2021,2021-09,"How is this thought even rational? Most nurses love their job, they are hero's and form amazing bonds with patients. But they leave because of burnout? Please give me a break. BTW we don't have covid in south Australia so.... ?",41,True,True,1,0,Nurse exodus looms in South Australia as burnout crisis is revealed,Sky News Australia,wBN41Dm0G6Y,@111crazed,2021-09-13 19:55:56+00:00,nurse burnout Australia,youtube_comment
Ugws5La5OoQ9uxz5xcZ4AaABAg,registered_nurses,2021,2021-09,"When someone sees what it's doing, they have the sense to leave",12,True,False,2,0,Nurse exodus looms in South Australia as burnout crisis is revealed,Sky News Australia,wBN41Dm0G6Y,@josephfrank6815,2021-09-13 19:51:39+00:00,nurse burnout Australia,youtube_comment
UgxweoVP6XliC06nErl4AaABAg,registered_nurses,2021,2021-09,"Perth hospital system is fucked ! Plain and simple. But no one is doing anything about it. With that little girls death, all they're doing is back stabbing each other and not accepting accountability for it, just doing the usual and try to sweep it under the mat.",48,True,True,0,0,Nurse exodus looms in South Australia as burnout crisis is revealed,Sky News Australia,wBN41Dm0G6Y,@Dominari66,2021-09-13 19:41:20+00:00,nurse burnout Australia,youtube_comment
Ugwpd2OS0QKfaGfyfch4AaABAg,registered_nurses,2021,2021-09,Burn out hey! More like they refuse to be part of the disgusting experiment and global reset orchestrated by a pack of demigods,23,True,True,0,0,Nurse exodus looms in South Australia as burnout crisis is revealed,Sky News Australia,wBN41Dm0G6Y,@healthynewshub7655,2021-09-13 19:36:05+00:00,nurse burnout Australia,youtube_comment
UgyHuaV3gn9aIkDVI2t4AaABAg,registered_nurses,2021,2021-09,"It’s not burn out. Hardly anyone is going to hospital 
I for one will avoid the hospital like the plague after this debacle 
Nurses are leaving due to pressure to get vaxd",32,True,True,1,0,Nurse exodus looms in South Australia as burnout crisis is revealed,Sky News Australia,wBN41Dm0G6Y,@someonewhocares5924,2021-09-13 19:33:48+00:00,nurse burnout Australia,youtube_comment
UgyDaZZnm1js1Yis60l4AaABAg,registered_nurses,2021,2021-09,Anyone else notice that insurance companies stopped issuing life insurance policies in April? Nrma for example?,16,True,False,2,0,Nurse exodus looms in South Australia as burnout crisis is revealed,Sky News Australia,wBN41Dm0G6Y,@thinwhitewoman248,2021-09-13 19:29:43+00:00,nurse burnout Australia,youtube_comment
Ugyc7aWiW8Fu0tWnzsd4AaABAg,registered_nurses,2021,2021-09,As a public school teacher we have to have the clot shot by early November or we risk losing our jobs. Say no to the graphene clot shot.,28,True,False,4,0,Nurse exodus looms in South Australia as burnout crisis is revealed,Sky News Australia,wBN41Dm0G6Y,@thinwhitewoman248,2021-09-13 19:29:08+00:00,nurse burnout Australia,youtube_comment
UgykRNT3V6xKy76C1894AaABAg,registered_nurses,2021,2021-09,"""burnout"" LOL, not because of the jab yeah?",8,True,False,1,0,Nurse exodus looms in South Australia as burnout crisis is revealed,Sky News Australia,wBN41Dm0G6Y,@notelmerfudd766,2021-09-13 19:20:26+00:00,nurse burnout Australia,youtube_comment
UgzdykgRUOqndj_5Jxh4AaABAg,registered_nurses,2021,2021-09,Yass is in nsw dingus,5,True,False,0,0,Nurse exodus looms in South Australia as burnout crisis is revealed,Sky News Australia,wBN41Dm0G6Y,@iwannacausetrouble2700,2021-09-13 19:13:35+00:00,nurse burnout Australia,youtube_comment
UgwCfnmBOhkCK130DW54AaABAg,registered_nurses,2021,2021-09,"Please tell the truth, we all know why they are walking off the job.",14,True,False,1,0,Nurse exodus looms in South Australia as burnout crisis is revealed,Sky News Australia,wBN41Dm0G6Y,@eyesopen4489,2021-09-13 18:48:16+00:00,nurse burnout Australia,youtube_comment
UgzIyz-hYB_GDLC_B8x4AaABAg,registered_nurses,2021,2021-09,"Mate, for someone with nerdy glasses you're not very intelligent at all.",12,True,False,1,0,Nurse exodus looms in South Australia as burnout crisis is revealed,Sky News Australia,wBN41Dm0G6Y,@msmith9729,2021-09-13 18:25:55+00:00,nurse burnout Australia,youtube_comment
Ugz0xl6sP65WovtjE794AaABAg,registered_nurses,2021,2021-09,"""We do not have a mandatory vaccination policy in this country. We do not have that. We are not proposing to have that. That is not changing.""

Scott Morrison",29,True,False,1,0,Nurse exodus looms in South Australia as burnout crisis is revealed,Sky News Australia,wBN41Dm0G6Y,@msmith9729,2021-09-13 18:23:28+00:00,nurse burnout Australia,youtube_comment
UgyPsVAlKhrNaCekYkp4AaABAg,registered_nurses,2021,2021-09,This presenter is a shill moron of the highest order,10,True,False,0,0,Nurse exodus looms in South Australia as burnout crisis is revealed,Sky News Australia,wBN41Dm0G6Y,@dimi2001,2021-09-13 18:20:41+00:00,nurse burnout Australia,youtube_comment
UgxL-GvrGxvodRWAOEl4AaABAg,registered_nurses,2021,2021-09,"The Fact that Nurses & Doctors in the US are being fired for refusing the jab says it all ! You Absoute morons Sky News.
Do not comply
Do not let children near the 
Jab .its killed thosands of people already.",41,True,True,2,0,Nurse exodus looms in South Australia as burnout crisis is revealed,Sky News Australia,wBN41Dm0G6Y,@dt-wq7ql,2021-09-13 17:58:29+00:00,nurse burnout Australia,youtube_comment
UgzlSZdJZ-JKpL85jwJ4AaABAg,registered_nurses,2021,2021-09,"Two senior FDA officials resign because of pressure from the Biden administration. September 13, 2021
https://youtu.be/kca4ozBxJrk",16,True,False,0,0,Nurse exodus looms in South Australia as burnout crisis is revealed,Sky News Australia,wBN41Dm0G6Y,@fcapio,2021-09-13 17:55:41+00:00,nurse burnout Australia,youtube_comment
UgwOtkJJsdFmKVugppp4AaABAg,registered_nurses,2021,2021-09,"#Covid_vaccine is a resistance of covid virus to create new variant, it only able to hide the symptoms after get infected, at the same time to enhance your immunity system to against the virus temporarily like 'MURPHY', ""against the virus not eliminated"", currently the opportunity to the death of having vaccine injection is less due to it's ineffectiveness since vaccine maker has been modified it to be safe. covid vaccine has the structure of HIV virus same as covid virus, it will permanently stay at human body. Vaccine manufacturer can be sued now after FDA fully approve those vaccine?, this is great liberty status evo. A lot of people death or having long term adverse reaction in vaccination before, and the government still keep hiding the truth.✧",127,True,False,0,0,Nurse exodus looms in South Australia as burnout crisis is revealed,Sky News Australia,wBN41Dm0G6Y,@alansheira9509,2021-09-13 17:55:09+00:00,nurse burnout Australia,youtube_comment
Ugx4QJDnDUT3AmS-MIp4AaABAg,registered_nurses,2021,2021-09,Those tik tok dances must take a lot out you.,10,True,False,2,1,Nurse exodus looms in South Australia as burnout crisis is revealed,Sky News Australia,wBN41Dm0G6Y,@shearerbob7272,2021-09-13 17:34:04+00:00,nurse burnout Australia,youtube_comment
Ugz2NzgOZPJN9A-SBUN4AaABAg,registered_nurses,2021,2021-09,An exodus from burning out? Or an exodus from being an injection injury?,13,True,False,3,0,Nurse exodus looms in South Australia as burnout crisis is revealed,Sky News Australia,wBN41Dm0G6Y,@VeteranfromOz,2021-09-13 17:17:02+00:00,nurse burnout Australia,youtube_comment
Ugw1EGY-EYwStY_5ki54AaABAg,registered_nurses,2021,2021-09,"Maybe the ""exodus"" story is bullshit? Most likely",8,True,False,0,0,Nurse exodus looms in South Australia as burnout crisis is revealed,Sky News Australia,wBN41Dm0G6Y,@newshound2521,2021-09-13 17:15:46+00:00,nurse burnout Australia,youtube_comment
Ugyuod43eAAw8isvYrt4AaABAg,registered_nurses,2021,2021-09,"Tell the truth sky, theyre quitting because of the jab, ive never heard of so many nurses burnt out, all at the same time. Its a big BS from me.",30,True,True,5,0,Nurse exodus looms in South Australia as burnout crisis is revealed,Sky News Australia,wBN41Dm0G6Y,@videofreak6047,2021-09-13 17:14:47+00:00,nurse burnout Australia,youtube_comment
UgyjRJ5qZupZTc2w5Xp4AaABAg,registered_nurses,2021,2021-09,"IT IS ANOTHER COVID-19 GREAT RESET PATTERN.
All over the world they Rip out National Health Systems.
Firs they used it as excuse for Lockdowns, never inhanced them and now with Compalsory Vaccination, as a Pretence, they destroy hole Systems and Blame Unvaccinated.",43,True,True,0,0,Nurse exodus looms in South Australia as burnout crisis is revealed,Sky News Australia,wBN41Dm0G6Y,@selasjet,2021-09-13 17:13:55+00:00,nurse burnout Australia,youtube_comment
Ugx4zmCVJwKhS60W5hV4AaABAg,registered_nurses,2021,2021-09,Lock DOWNS are for prison riots home detention are for the sheep as they are happy eating the grass when there fleece is taken,24,True,False,0,0,Nurse exodus looms in South Australia as burnout crisis is revealed,Sky News Australia,wBN41Dm0G6Y,@Tony-ns4rn,2021-09-13 17:06:46+00:00,nurse burnout Australia,youtube_comment
UgyEXjLw2QEP8xj4kq94AaABAg,registered_nurses,2021,2021-09,"You can't blame them , nurses do there job to save people's lives not kill them with a so called vaccine",21,True,True,2,0,Nurse exodus looms in South Australia as burnout crisis is revealed,Sky News Australia,wBN41Dm0G6Y,@guyzichittella8227,2021-09-13 16:53:35+00:00,nurse burnout Australia,youtube_comment
UgzhLBLQ96t6B86IJGl4AaABAg,registered_nurses,2021,2021-09,Where is the health and safety of workers,8,True,False,0,0,Nurse exodus looms in South Australia as burnout crisis is revealed,Sky News Australia,wBN41Dm0G6Y,@Tony-ns4rn,2021-09-13 16:52:29+00:00,nurse burnout Australia,youtube_comment
UgzZryDec3-q-emIUY54AaABAg,registered_nurses,2021,2021-09,"Given the choice of getting a mandatory vax or being forced out of their careers by tyrants, their running for their lives.",22,True,False,2,0,Nurse exodus looms in South Australia as burnout crisis is revealed,Sky News Australia,wBN41Dm0G6Y,@pattayaguideorg,2021-09-13 16:51:21+00:00,nurse burnout Australia,youtube_comment
UgwyiMYCHA0H0-t6F_R4AaABAg,registered_nurses,2021,2021-09,Burnout my ass! MEDICAL PROFESSIONALS KNOW BETTER THAN TO TAKE THE TOTALLY UNNECESSARY CLOT SHOT!,15,True,False,0,0,Nurse exodus looms in South Australia as burnout crisis is revealed,Sky News Australia,wBN41Dm0G6Y,@kentmayview,2021-09-13 16:41:56+00:00,nurse burnout Australia,youtube_comment
UgzSTCsAylFfz7XQUud4AaABAg,registered_nurses,2021,2021-09,and then you go and fire a nurse for using vaccine that would have expired.. seems Australia's issues start at the top same as the US.. just with less mumbles the clown,32,True,True,1,0,Nurse exodus looms in South Australia as burnout crisis is revealed,Sky News Australia,wBN41Dm0G6Y,@Bartholomeow141,2021-09-13 16:40:15+00:00,nurse burnout Australia,youtube_comment
UgxYgJOtkTqzvPDvRg94AaABAg,registered_nurses,2021,2021-09,I'm.. 50 a.n.d m.y. husband 54 we are both retired with over $3 million in net worth and no dept's. Currently living smart and frugal with our money.serving and investing life style in the stock market made it possible for us this early even till now we earn weekly. Thanks to fire movement.,53,True,True,9,16,Nurse exodus looms in South Australia as burnout crisis is revealed,Sky News Australia,wBN41Dm0G6Y,@mylesginvestment5033,2021-09-13 16:39:57+00:00,nurse burnout Australia,youtube_comment
Ugw8plLDQlhzLk3QkCh4AaABAg,registered_nurses,2021,2021-09,"Get the freedom back, everyone vaxxed now.move on. Try to build back better in future.",15,True,False,0,0,Nurse exodus looms in South Australia as burnout crisis is revealed,Sky News Australia,wBN41Dm0G6Y,@michaelhoward5333,2021-09-13 16:33:03+00:00,nurse burnout Australia,youtube_comment
UgxO0EHvoCJ82MacHxZ4AaABAg,registered_nurses,2021,2021-09,"It's not burnout crisis, it's folks not wanting to take the experimental gene therapy. Or refusing to participate in the scheme anymore.",22,True,False,9,0,Nurse exodus looms in South Australia as burnout crisis is revealed,Sky News Australia,wBN41Dm0G6Y,@ChristaFree,2021-09-13 16:31:06+00:00,nurse burnout Australia,youtube_comment
UgzOwHiLw8D4uKPIro94AaABAg,registered_nurses,2021,2021-09,"In the US nurses and other health workers are quitting rather than being FORCED to get endless jabs.
I made my own decision to do J&J (not mRNA) because of my health conditions/age - but nobody should be FORCED to take it.",42,True,True,3,0,Nurse exodus looms in South Australia as burnout crisis is revealed,Sky News Australia,wBN41Dm0G6Y,@donm5354,2021-09-13 16:30:27+00:00,nurse burnout Australia,youtube_comment
UgxOpGzSbN_uS0dzxMJ4AaABAg,registered_nurses,2021,2021-09,Stand your ground Aussies!! 👏,5,True,False,3,0,Nurse exodus looms in South Australia as burnout crisis is revealed,Sky News Australia,wBN41Dm0G6Y,@CHAOS3RDEYE,2021-09-13 16:23:11+00:00,nurse burnout Australia,youtube_comment
UgwQtUncHiS3r1jiA4Z4AaABAg,registered_nurses,2021,2021-09,They do not want the jab has nothing to do with burn out. Stop with the lies!,17,True,True,2,0,Nurse exodus looms in South Australia as burnout crisis is revealed,Sky News Australia,wBN41Dm0G6Y,@LaFayetteArises,2021-09-13 16:15:14+00:00,nurse burnout Australia,youtube_comment
UgzNeYu5GGlfHriSxf14AaABAg,registered_nurses,2021,2021-09,Amazing how just many medical staff are saying no to the vaccines... makes you think the trained medics might not think it’s beneficial for them to take it...,28,True,False,2,0,Nurse exodus looms in South Australia as burnout crisis is revealed,Sky News Australia,wBN41Dm0G6Y,@d675ose7,2021-09-13 16:13:56+00:00,nurse burnout Australia,youtube_comment
UgwSrbYUeED7ejR77IZ4AaABAg,registered_nurses,2021,2021-09,You haven't had any work yet. Wait til you get some actual infections.,13,True,False,0,0,Nurse exodus looms in South Australia as burnout crisis is revealed,Sky News Australia,wBN41Dm0G6Y,@mbardfast6658,2021-09-13 16:09:13+00:00,nurse burnout Australia,youtube_comment
UgxkvpSErA6E0CUKwLt4AaABAg,registered_nurses,2021,2021-09,****walk in jabs for kids is the real headline here.**** The innocents without a voice. It is illegal to withhold ANY medicine in an emergency or a pandemic. The government is lying and have broken the law by withholding medicine and the nurses know it. Why is govt. calling it a jab and not a 'vaccine'? Huge cover up by the government but some of us know the truths.,69,True,True,0,0,Nurse exodus looms in South Australia as burnout crisis is revealed,Sky News Australia,wBN41Dm0G6Y,@az-yq3rk,2021-09-13 16:06:23+00:00,nurse burnout Australia,youtube_comment
Ugz92yt6_cKxWYiMivZ4AaABAg,registered_nurses,2021,2021-09,They are hoons doing burnouts ? 🤣🚗💨,7,True,False,0,0,Nurse exodus looms in South Australia as burnout crisis is revealed,Sky News Australia,wBN41Dm0G6Y,@earbus1,2021-09-13 16:00:33+00:00,nurse burnout Australia,youtube_comment
UgzHw3xCuySM6JmHbNp4AaABAg,registered_nurses,2021,2021-09,I didn't think covid was that bad in South Aust. What misinformation. It's due to vaccine mandates . it's psychological burnout from coercion,23,True,False,0,0,Nurse exodus looms in South Australia as burnout crisis is revealed,Sky News Australia,wBN41Dm0G6Y,@MM-ig3qy,2021-09-13 15:50:33+00:00,nurse burnout Australia,youtube_comment
UgxcL7htpAHujYykpI94AaABAg,registered_nurses,2021,2021-09,"lets be honest SA hasnt had it nearly as bad like the eastern states.
nurses work hard. period. 
but if ur suggesting they r leaving because of the ol kungflu, then thats shit journalism.
bring back Alan Jones already so we can listen to someone that tells it how it is.",51,True,True,1,0,Nurse exodus looms in South Australia as burnout crisis is revealed,Sky News Australia,wBN41Dm0G6Y,@SprintKing76,2021-09-13 15:48:28+00:00,nurse burnout Australia,youtube_comment
UgzLonP9io7zg3FcKqV4AaABAg,registered_nurses,2021,2021-09,Is it burn out or do they not want the jab. Come on.,13,True,True,1,0,Nurse exodus looms in South Australia as burnout crisis is revealed,Sky News Australia,wBN41Dm0G6Y,@atillathehungry3145,2021-09-13 15:37:47+00:00,nurse burnout Australia,youtube_comment
UgwSOsZ_O2o_g-rMyCF4AaABAg,registered_nurses,2021,2021-09,"We ask The Creator of the Heavens and Earth to end this pandemic 🙏🏾

We ask The Creator of the Heavens and Earth for well-being 👍🏾🇦🇺🏝

We ask The Creator of the Heavens and Earth to lift this trial🙏🏾",39,True,False,1,0,Nurse exodus looms in South Australia as burnout crisis is revealed,Sky News Australia,wBN41Dm0G6Y,@mohammedyassien98,2021-09-13 15:30:38+00:00,nurse burnout Australia,youtube_comment
UgzixjwMBmFUGli5eG14AaABAg,registered_nurses,2021,2021-09,"Sad to see Australia become a totalitarian country, all this have become so ridiculous sad and all because of power",20,True,False,5,0,Nurse exodus looms in South Australia as burnout crisis is revealed,Sky News Australia,wBN41Dm0G6Y,@marilunavamu4560,2021-09-13 15:30:28+00:00,nurse burnout Australia,youtube_comment
UgxcoEoEPsirs3CM9cx4AaABAg,registered_nurses,2021,2021-09,"We are losing a large percentage of RN's here in US States where the JABS are being mandated.
They aren't leaving because of the task-at-hand.
A local Fire Department says they will ALL walk if forced. Many Police officers are threatening to do the same.
Welcome to the Great Reset. There will be no services.",55,True,True,11,0,Nurse exodus looms in South Australia as burnout crisis is revealed,Sky News Australia,wBN41Dm0G6Y,@sporqfoon5989,2021-09-13 15:29:36+00:00,nurse burnout Australia,youtube_comment
UgyQTEE0YoSUow7jBWJ4AaABAg,registered_nurses,2021,2021-09,There's job shortages everywhere. Because many people are refusing forced jabs.,11,True,False,18,0,Nurse exodus looms in South Australia as burnout crisis is revealed,Sky News Australia,wBN41Dm0G6Y,@flyaway1470,2021-09-13 15:26:36+00:00,nurse burnout Australia,youtube_comment
UgymQ1MAHhQvzIVcHJJ4AaABAg,registered_nurses,2021,2021-09,Makes me wander what reason would the nurse have to quit !!!!!,12,True,True,0,0,Nurse exodus looms in South Australia as burnout crisis is revealed,Sky News Australia,wBN41Dm0G6Y,@iibdhd8287,2021-09-13 15:21:22+00:00,nurse burnout Australia,youtube_comment
Ugx_2L2VA7Ie8miSDNJ4AaABAg,registered_nurses,2021,2021-09,So all that’s left is Jabbed nurses and doctors to work in hospitals. That will not go well.,18,True,True,3,0,Nurse exodus looms in South Australia as burnout crisis is revealed,Sky News Australia,wBN41Dm0G6Y,@carlyannbishop,2021-09-13 15:21:02+00:00,nurse burnout Australia,youtube_comment
Ugw90ujfRZ7m-0hzvvF4AaABAg,registered_nurses,2021,2021-09,"All the people quiting jobs bcz mandatory Jab will make the system collapse even faster, this guys think in everything.",20,True,False,3,0,Nurse exodus looms in South Australia as burnout crisis is revealed,Sky News Australia,wBN41Dm0G6Y,@Yentropia,2021-09-13 15:19:31+00:00,nurse burnout Australia,youtube_comment
Ugw0uciPSyjvVC0phnN4AaABAg,registered_nurses,2021,2021-09,Too many Tik tok videos,5,True,False,1,0,Nurse exodus looms in South Australia as burnout crisis is revealed,Sky News Australia,wBN41Dm0G6Y,@bolanlovechild4143,2021-09-13 15:17:08+00:00,nurse burnout Australia,youtube_comment
UgyyT7WerdLhbK1uEUd4AaABAg,registered_nurses,2021,2021-09,Gov don’t care. Good for the stats,7,True,False,0,0,Nurse exodus looms in South Australia as burnout crisis is revealed,Sky News Australia,wBN41Dm0G6Y,@Noisemansoundinsect,2021-09-13 15:15:42+00:00,nurse burnout Australia,youtube_comment
UgxfFkXmay1azn_O1qt4AaABAg,registered_nurses,2021,2021-09,"If I was forced to take the jab to keep my job, then I would leave too 🤔🤔",18,True,False,2,0,Nurse exodus looms in South Australia as burnout crisis is revealed,Sky News Australia,wBN41Dm0G6Y,@mollynorth5627,2021-09-13 15:12:39+00:00,nurse burnout Australia,youtube_comment
UgzA4enOci-3jhXj40p4AaABAg,registered_nurses,2021,2021-09,"The firing of good nurses because they decline vaccination is a disgrace, and so are the hysterical cool-aid drinking simpletons who cheer it on.",24,True,True,0,0,Nurse exodus looms in South Australia as burnout crisis is revealed,Sky News Australia,wBN41Dm0G6Y,@CK-xo4xe,2021-09-13 15:10:53+00:00,nurse burnout Australia,youtube_comment
Ugz0DiD-D2a1wZrzQxh4AaABAg,registered_nurses,2021,2021-09,When did Sky News hire all these cucks,8,True,False,0,0,Nurse exodus looms in South Australia as burnout crisis is revealed,Sky News Australia,wBN41Dm0G6Y,@benjamingriswold2564,2021-09-13 15:07:55+00:00,nurse burnout Australia,youtube_comment
Ugx-1d36YsSIFv0JTzh4AaABAg,registered_nurses,2021,2021-09,"Liars, it's not Burnout it's because mandatory vaccination",8,True,False,1,0,Nurse exodus looms in South Australia as burnout crisis is revealed,Sky News Australia,wBN41Dm0G6Y,@Iamantifeminism2021,2021-09-13 15:00:25+00:00,nurse burnout Australia,youtube_comment
UgwCSuv9hQosnubChFR4AaABAg,registered_nurses,2021,2021-09,"They are not going to take a mandatory jab, they were happy to look after people before. Like the NHS your health system is going to crash, so that the new world order can have it",36,True,False,6,0,Nurse exodus looms in South Australia as burnout crisis is revealed,Sky News Australia,wBN41Dm0G6Y,@IANREA,2021-09-13 14:57:37+00:00,nurse burnout Australia,youtube_comment
UgxoSWZt1VY7P7L2VXZ4AaABAg,registered_nurses,2021,2021-09,Leaving because they know they complicite if they stay...SCAMDEMIC,9,True,False,14,0,Nurse exodus looms in South Australia as burnout crisis is revealed,Sky News Australia,wBN41Dm0G6Y,@Bulldogs.TransitBanana,2021-09-13 14:54:52+00:00,nurse burnout Australia,youtube_comment
UgyxSMviFIWG6_aFeMt4AaABAg,registered_nurses,2021,2021-09,"120 billion for submarine no worries its with the beer money Money for health. WHO""s gonna pay for it??? Says the politicians. Rigged against the people.",26,True,False,0,0,Nurse exodus looms in South Australia as burnout crisis is revealed,Sky News Australia,wBN41Dm0G6Y,@georgewee1227,2021-09-13 14:53:01+00:00,nurse burnout Australia,youtube_comment
UgzTN4dXDQHWVW2-87p4AaABAg,registered_nurses,2021,2021-09,"Blah blah blah within 5 years!? Yeah! are you serious?
What a biased and propaganda report!",16,True,False,2,0,Nurse exodus looms in South Australia as burnout crisis is revealed,Sky News Australia,wBN41Dm0G6Y,@mig0000001,2021-09-13 14:52:49+00:00,nurse burnout Australia,youtube_comment
UgyMj0xmnSHl7QXQiPN4AaABAg,registered_nurses,2021,2021-09,"No worries. Here too in the good ole U.S.A. Most just quit because of the vaccine mandate. Stupidity, the real epidemic in the world.",24,True,False,3,1,Nurse exodus looms in South Australia as burnout crisis is revealed,Sky News Australia,wBN41Dm0G6Y,@JeffreySmith7777,2021-09-13 14:51:54+00:00,nurse burnout Australia,youtube_comment
UgyfCMdvLbpErXHTDul4AaABAg,registered_nurses,2021,2021-09,More fake news from Sky.,5,True,False,4,0,Nurse exodus looms in South Australia as burnout crisis is revealed,Sky News Australia,wBN41Dm0G6Y,@liondee6580,2021-09-13 14:51:10+00:00,nurse burnout Australia,youtube_comment
UgzVvDznpkrglByKz2h4AaABAg,registered_nurses,2021,2021-09,Burn out my ace! LOL! It's nurses quitting because they 're not taking the jab!,15,True,True,14,0,Nurse exodus looms in South Australia as burnout crisis is revealed,Sky News Australia,wBN41Dm0G6Y,@unvaccinatedAndPureBlood,2021-09-13 14:50:38+00:00,nurse burnout Australia,youtube_comment
UgxSLlaFZyPGzNZORAp4AaABAg,registered_nurses,2023,2023-04,"Hello.
I am Naveed Sahar from pakistan , i have done masters of science in nursing recently, and now i working a nursing college principal (admanistarative rative post). I want to move Australia how i contact you. I need your help...woul you like to guide me ..
Thanks ...",49,True,True,0,1,Australia&#39;s Nursing Crisis Snapshot,Australian Health Journal,Ml9Gh4j-mlA,@naveedsahar7394,2023-04-03 14:55:46+00:00,nurse burnout Australia,youtube_comment
UgzreXn2aCO3Ib5f_h94AaABAg,registered_nurses,2023,2023-01,Haha I know a nurse that lost her job because she was stealing prescription books so she could sell scrips to addicts and get herself a big pile of valium because she drinks alcohol with valium...holly waitzer is her name...,40,True,True,0,0,Australia&#39;s Nursing Crisis Snapshot,Australian Health Journal,Ml9Gh4j-mlA,@jasonford7216,2023-01-09 17:21:06+00:00,nurse burnout Australia,youtube_comment
Ugxj7A7ViWgJPRaF-wh4AaABAg,registered_nurses,2022,2022-06,"Nurses have turned to shit, they once were amazing ….. now they’re just filled with self-pity",16,True,True,0,0,Australia&#39;s Nursing Crisis Snapshot,Australian Health Journal,Ml9Gh4j-mlA,@whatwhyandwhos68,2022-06-29 08:45:39+00:00,nurse burnout Australia,youtube_comment
UgyXubsX5YbwW_JQUFN4AaABAg,commercial_cleaners,2023,2023-08,Wondering how to bid medical cleaning? Watch our video! https://youtu.be/KNxKwtNpe_s,10,False,True,6,2,How to Bid Commercial Cleaning Jobs (FORMULA INCLUDED),OctoClean Media,SXNq_81x8SY,@OctoCleanMedia,2023-08-09 22:01:50+00:00,commercial cleaning Australia,youtube_comment
UgzjfeS7Zvh8f6ONUkp4AaABAg,commercial_cleaners,2026,2026-05,I’m definitely over bidding…I couldn’t figure out how to get leads…figured it out now I’m getting a ton of leads but I’m definitely over pricing them. Need to figure this out,31,False,False,0,2,How to Bid Commercial Cleaning Jobs (FORMULA INCLUDED),OctoClean Media,SXNq_81x8SY,@JeffreyMarshall-w8t,2026-05-05 15:23:55+00:00,commercial cleaning Australia,youtube_comment
UgwPxDa8rYZoVR1ZrJ54AaABAg,commercial_cleaners,2026,2026-03,"Did you say ""this cannot be understated""? That doesn't make sense.",11,False,False,0,0,How to Bid Commercial Cleaning Jobs (FORMULA INCLUDED),OctoClean Media,SXNq_81x8SY,@philipbundy2245,2026-03-23 22:57:32+00:00,commercial cleaning Australia,youtube_comment
UgxpBo6JMLUG8ztZJjR4AaABAg,commercial_cleaners,2026,2026-02,Where does sq ft come in? Why can’t you just price by sq ft?,14,False,False,0,1,How to Bid Commercial Cleaning Jobs (FORMULA INCLUDED),OctoClean Media,SXNq_81x8SY,@naomi8097,2026-02-19 14:08:18+00:00,commercial cleaning Australia,youtube_comment
UgzkK2pwc2qqZ_ll5RV4AaABAg,commercial_cleaners,2026,2026-01,Thank you ! Just left what could be our biggest account and I took all of these notes🙏🏼 5 times a week for a pharmaceutical company. I am always nervous to give out my rates but they actually saw us cleaning next door (our smaller account) and waited for me to finish to ask me for a walkthrough appointment 🙏🏼,60,False,True,0,2,How to Bid Commercial Cleaning Jobs (FORMULA INCLUDED),OctoClean Media,SXNq_81x8SY,@MamiGotHer0wn,2026-01-27 17:55:50+00:00,commercial cleaning Australia,youtube_comment
Ugwpc_kmQ2-HcruVI2Z4AaABAg,commercial_cleaners,2025,2025-12,I got my LLC for 1.5 month and still got no clients yet,13,False,False,0,2,How to Bid Commercial Cleaning Jobs (FORMULA INCLUDED),OctoClean Media,SXNq_81x8SY,@Primary-o1k,2025-12-30 16:52:05+00:00,commercial cleaning Australia,youtube_comment
Ugyg0Zo3R9n3Eg2isTt4AaABAg,commercial_cleaners,2025,2025-12,"As somebody who is considering starting a commercial cleaning business, I found this video very helpful. Thank you.",18,False,True,2,1,How to Bid Commercial Cleaning Jobs (FORMULA INCLUDED),OctoClean Media,SXNq_81x8SY,@deanpesnell3272,2025-12-23 18:01:58+00:00,commercial cleaning Australia,youtube_comment
Ugy6uvyA7IXeVcYlV8J4AaABAg,commercial_cleaners,2025,2025-12,"“Figuring this out on the job”? This is my bread and butter, man 😂",14,False,False,3,0,How to Bid Commercial Cleaning Jobs (FORMULA INCLUDED),OctoClean Media,SXNq_81x8SY,@Orthodox_Micah,2025-12-04 01:23:46+00:00,commercial cleaning Australia,youtube_comment
UgwuQmH4R6kdi3fI_J94AaABAg,commercial_cleaners,2025,2025-10,My pastor told the church before he doesn’t have enough faith to ride roller coasters. I understand now. I stopped too.,21,False,False,0,0,How to Bid Commercial Cleaning Jobs (FORMULA INCLUDED),OctoClean Media,SXNq_81x8SY,@joeblobyisme3708,2025-10-09 05:24:43+00:00,commercial cleaning Australia,youtube_comment
UgwuO7PPGksJzkouuYl4AaABAg,commercial_cleaners,2025,2025-08,Thank you for all the valuable information!!,7,False,False,0,0,How to Bid Commercial Cleaning Jobs (FORMULA INCLUDED),OctoClean Media,SXNq_81x8SY,@JohnnMarlene,2025-08-17 21:27:48+00:00,commercial cleaning Australia,youtube_comment
UgwMrEsVfsAJ2jdu-7F4AaABAg,commercial_cleaners,2025,2025-08,Is the hourly rate including the overhead or is that included in the percentage?,14,False,False,0,0,How to Bid Commercial Cleaning Jobs (FORMULA INCLUDED),OctoClean Media,SXNq_81x8SY,@jonsampedro6541,2025-08-16 12:41:39+00:00,commercial cleaning Australia,youtube_comment
UgzICXDQUqNmZIpKHxt4AaABAg,commercial_cleaners,2025,2025-08,"Thank you Matt for tesching us how to bid commercial cleaning business ❤❤❤❤❤❤❤❤❤❤❤❤❤❤❤❤❤❤❤❤❤❤❤

Zillions of blessings,

Esther St Juste",19,False,True,0,0,How to Bid Commercial Cleaning Jobs (FORMULA INCLUDED),OctoClean Media,SXNq_81x8SY,@EstherStJuste-i2n,2025-08-10 22:36:44+00:00,commercial cleaning Australia,youtube_comment
Ugxsklf92hJ_BmQaHqZ4AaABAg,commercial_cleaners,2025,2025-04,I just got started how do I get my hands on some of your temples,15,False,False,0,1,How to Bid Commercial Cleaning Jobs (FORMULA INCLUDED),OctoClean Media,SXNq_81x8SY,@peterclarke3484,2025-04-10 17:33:40+00:00,commercial cleaning Australia,youtube_comment
UgwCYoo9XhkMBMbuex14AaABAg,commercial_cleaners,2025,2025-03,Very helpful. Thank you. I would like a video on how to write emails for initial contact.,17,False,False,0,1,How to Bid Commercial Cleaning Jobs (FORMULA INCLUDED),OctoClean Media,SXNq_81x8SY,@TLCgoldendoodles,2025-03-11 23:24:41+00:00,commercial cleaning Australia,youtube_comment
Ugw2jug-EtP5kr5zun54AaABAg,commercial_cleaners,2024,2024-12,"Are you kidding??? Base your pay rate off what other (mostly bad-paying) companies?? Heck o that's crazy. I'm in Ohio, and we pay $19/hour TO START.",26,False,False,0,0,How to Bid Commercial Cleaning Jobs (FORMULA INCLUDED),OctoClean Media,SXNq_81x8SY,@Vintage-Life-and-Home,2024-12-03 00:08:02+00:00,commercial cleaning Australia,youtube_comment
Ugwrk0aQCJ9I7uPyy7F4AaABAg,commercial_cleaners,2024,2024-11,Just found this Channel we are so Happy!! Good stuff thank u,12,False,False,0,0,How to Bid Commercial Cleaning Jobs (FORMULA INCLUDED),OctoClean Media,SXNq_81x8SY,@tashalittle2079,2024-11-21 02:41:06+00:00,commercial cleaning Australia,youtube_comment
UgzC7i86Bw_5TFuX_Dh4AaABAg,commercial_cleaners,2024,2024-11,Where are you supposed to find what your competitors are charging? This is one of the things I’m finding difficult to do,22,False,False,0,2,How to Bid Commercial Cleaning Jobs (FORMULA INCLUDED),OctoClean Media,SXNq_81x8SY,@taytobin8850,2024-11-19 14:38:13+00:00,commercial cleaning Australia,youtube_comment
UgxoJf3lc_yjsutFRXF4AaABAg,commercial_cleaners,2024,2024-10,Where did you get 52 weeks from? That is more than one year.,13,False,False,0,1,How to Bid Commercial Cleaning Jobs (FORMULA INCLUDED),OctoClean Media,SXNq_81x8SY,@priscillaroberson8073,2024-10-17 10:11:57+00:00,commercial cleaning Australia,youtube_comment
UgzNnNrwPhCpjIF4AA14AaABAg,commercial_cleaners,2024,2024-10,This was VERY helpful! #subscribed,5,False,False,0,0,How to Bid Commercial Cleaning Jobs (FORMULA INCLUDED),OctoClean Media,SXNq_81x8SY,@MiMelaninBeenPoppin,2024-10-15 09:04:32+00:00,commercial cleaning Australia,youtube_comment
UgzS1I37nkplkbhYCN94AaABAg,commercial_cleaners,2024,2024-09,"Great information!
Question: How would I price a parkade that requires 5 days week and also warehouse/workshop with huge concrete floor area? Anyone please help! Thx",26,False,False,0,0,How to Bid Commercial Cleaning Jobs (FORMULA INCLUDED),OctoClean Media,SXNq_81x8SY,@Mnadeemj1,2024-09-11 18:25:33+00:00,commercial cleaning Australia,youtube_comment
Ugz8pgJfyvuqSQofF014AaABAg,commercial_cleaners,2024,2024-09,"I bought your training cards and your service schedules and from what I gather you only wet mop floors to remove stains, as needed. My first question is, is this true? If so, do you find that to be an effective way to save time but also keep clients happy",50,False,False,0,1,How to Bid Commercial Cleaning Jobs (FORMULA INCLUDED),OctoClean Media,SXNq_81x8SY,@brandonbenner6591,2024-09-07 09:34:10+00:00,commercial cleaning Australia,youtube_comment
UgxNKejf7VqAF9xm3Il4AaABAg,commercial_cleaners,2024,2024-08,"Love your material, it's really helped me! 
Question: in your team cleaning cards, who does the mopping of floors outside the bathrooms?",22,False,True,0,0,How to Bid Commercial Cleaning Jobs (FORMULA INCLUDED),OctoClean Media,SXNq_81x8SY,@brandonbenner6591,2024-08-26 02:51:40+00:00,commercial cleaning Australia,youtube_comment
UgxkfrMktKUNWE5_TH14AaABAg,commercial_cleaners,2024,2024-08,Why measure sq ft if you do not charge by sq ft?,12,False,False,0,0,How to Bid Commercial Cleaning Jobs (FORMULA INCLUDED),OctoClean Media,SXNq_81x8SY,@brandonbenner6591,2024-08-21 20:48:09+00:00,commercial cleaning Australia,youtube_comment
Ugz6dbcvEVMNcDPhi3Z4AaABAg,commercial_cleaners,2024,2024-08,I love your material. I've purchase your training cards and standard service schedule. I own a small janitorial company in Canada. How do I become a member and therefore unlock more of your material? Thank you.,36,False,True,0,0,How to Bid Commercial Cleaning Jobs (FORMULA INCLUDED),OctoClean Media,SXNq_81x8SY,@brandonbenner6591,2024-08-21 19:22:16+00:00,commercial cleaning Australia,youtube_comment
UgyV-dZuWxQrygzenHt4AaABAg,commercial_cleaners,2024,2024-08,"6:04, what if you want you to do deep cleaning for normal price on weekends and regular basic upkeep during the week for cheaper how would you plug that in for this equation.",33,False,True,0,0,How to Bid Commercial Cleaning Jobs (FORMULA INCLUDED),OctoClean Media,SXNq_81x8SY,@alostcause4914,2024-08-18 00:24:42+00:00,commercial cleaning Australia,youtube_comment
UgxX2EHBGhv8usWLvIx4AaABAg,commercial_cleaners,2024,2024-08,"how do you price chemicals, can liners and paper products in commerical cleaning",13,False,True,0,0,How to Bid Commercial Cleaning Jobs (FORMULA INCLUDED),OctoClean Media,SXNq_81x8SY,@TommyLa38,2024-08-09 13:58:34+00:00,commercial cleaning Australia,youtube_comment
UgxoikDKck8qTgNOH5t4AaABAg,commercial_cleaners,2024,2024-06,very helpful !! just subscribed.,5,False,False,0,0,How to Bid Commercial Cleaning Jobs (FORMULA INCLUDED),OctoClean Media,SXNq_81x8SY,@florencia_sis,2024-06-26 04:38:48+00:00,commercial cleaning Australia,youtube_comment
Ugx86I2enm_-hQBUAul4AaABAg,commercial_cleaners,2024,2024-06,Great tips and information Thanks for Sharing,7,False,False,1,0,How to Bid Commercial Cleaning Jobs (FORMULA INCLUDED),OctoClean Media,SXNq_81x8SY,@mrs.mckenize,2024-06-26 04:28:42+00:00,commercial cleaning Australia,youtube_comment
UgynYRhYCCFh6PYNWqV4AaABAg,commercial_cleaners,2024,2024-06,How to get in touch with you offline?,8,False,False,0,1,How to Bid Commercial Cleaning Jobs (FORMULA INCLUDED),OctoClean Media,SXNq_81x8SY,@arnoldwilsonsen492,2024-06-06 13:47:22+00:00,commercial cleaning Australia,youtube_comment
UgxH4_9xDrjBdh6Hxg54AaABAg,commercial_cleaners,2024,2024-06,"Thank you. Very helpful. You said if customer does not provide consumables or wants you to provide, and if we want to know to get in touch with offline. How to get in touch with you offline?",37,False,False,0,0,How to Bid Commercial Cleaning Jobs (FORMULA INCLUDED),OctoClean Media,SXNq_81x8SY,@Mssuperclean,2024-06-06 13:39:37+00:00,commercial cleaning Australia,youtube_comment
UgzCgR9INfGO4QXHLQ14AaABAg,commercial_cleaners,2024,2024-05,"Minimum wage in our province is $14/hour. If I want to set a higher price, I can calculate the HOURLY RATE as $14 x 1.5, which equals $21/hour. Is that correct?",31,False,False,0,1,How to Bid Commercial Cleaning Jobs (FORMULA INCLUDED),OctoClean Media,SXNq_81x8SY,@Mnadeemj1,2024-05-30 01:54:54+00:00,commercial cleaning Australia,youtube_comment
UgxmJl2MTLVEsfr1jzd4AaABAg,commercial_cleaners,2024,2024-05,"Please confirm that the 5 components in the numerator portion of the bid equation does not include the cleaning supplies to be utilized during that clean? Except the mark up @ 50%, 35% or 20% applied as to cover overheads includes supplies?",42,False,True,3,0,How to Bid Commercial Cleaning Jobs (FORMULA INCLUDED),OctoClean Media,SXNq_81x8SY,@seunsomolu7553,2024-05-07 18:59:01+00:00,commercial cleaning Australia,youtube_comment
UgwnCzc-zK0JL6v9Rx94AaABAg,commercial_cleaners,2024,2024-04,"Hello, how would you modify this equation if a new client would like a 1 time deep clean? Would you simply remove the frequency of days down to 1?",29,False,True,0,2,How to Bid Commercial Cleaning Jobs (FORMULA INCLUDED),OctoClean Media,SXNq_81x8SY,@ginogutierrez91,2024-04-19 03:18:43+00:00,commercial cleaning Australia,youtube_comment
UgyFK3hXOlNOPbeDO_x4AaABAg,commercial_cleaners,2024,2024-04,"Where do I bid to get the contracts, can you please attach the link to the video.",17,False,False,0,1,How to Bid Commercial Cleaning Jobs (FORMULA INCLUDED),OctoClean Media,SXNq_81x8SY,@ethiotekdem,2024-04-19 00:43:28+00:00,commercial cleaning Australia,youtube_comment
UgwGfjeFEKnJOrvt83B4AaABAg,commercial_cleaners,2024,2024-04,What about when you almost never get to meet the decision maker face to face? This industry is very difficult in that aspect,23,False,False,1,1,How to Bid Commercial Cleaning Jobs (FORMULA INCLUDED),OctoClean Media,SXNq_81x8SY,@Smokeking88,2024-04-11 14:28:42+00:00,commercial cleaning Australia,youtube_comment
Ugxi0QtK-sXTwwh9sq14AaABAg,commercial_cleaners,2024,2024-04,Your workers are the worry no one does it like you my advice is very regular checks by yourself at odd times An treat them like your the boss not your friend but I have found the biggest problem after 40 years owning a whopping big cleaning buisness,48,False,True,0,1,How to Bid Commercial Cleaning Jobs (FORMULA INCLUDED),OctoClean Media,SXNq_81x8SY,@stephenagnew670,2024-04-10 01:05:17+00:00,commercial cleaning Australia,youtube_comment
UgzFtB-7QunHWIa7XSF4AaABAg,commercial_cleaners,2024,2024-03,Thank you for such useful information!,6,False,False,0,0,How to Bid Commercial Cleaning Jobs (FORMULA INCLUDED),OctoClean Media,SXNq_81x8SY,@BiancaBlast,2024-03-19 13:41:34+00:00,commercial cleaning Australia,youtube_comment
UgxzRDe_SsYLQXdE1Wd4AaABAg,commercial_cleaners,2024,2024-02,where do we even go to bid?,7,False,False,0,3,How to Bid Commercial Cleaning Jobs (FORMULA INCLUDED),OctoClean Media,SXNq_81x8SY,@Royaltylivingllc,2024-02-26 16:34:02+00:00,commercial cleaning Australia,youtube_comment
UgzqtTmck33VwVO3kth4AaABAg,commercial_cleaners,2024,2024-02,Thank you so much for this great and useful information.,10,False,False,0,1,How to Bid Commercial Cleaning Jobs (FORMULA INCLUDED),OctoClean Media,SXNq_81x8SY,@georgetteokeke6630,2024-02-25 00:49:08+00:00,commercial cleaning Australia,youtube_comment
UgxeJcjLAswmM3gz6Il4AaABAg,commercial_cleaners,2024,2024-02,Thank you for the content! Can you tell me the name of the opening music. Subscribed!,16,False,False,0,0,How to Bid Commercial Cleaning Jobs (FORMULA INCLUDED),OctoClean Media,SXNq_81x8SY,@Kick_Rocks,2024-02-22 03:02:45+00:00,commercial cleaning Australia,youtube_comment
UgxWlS4_vF8TfSeIXyB4AaABAg,commercial_cleaners,2024,2024-02,What brand of laser do you like to use?,9,False,False,0,1,How to Bid Commercial Cleaning Jobs (FORMULA INCLUDED),OctoClean Media,SXNq_81x8SY,@outoftowners92,2024-02-10 02:45:24+00:00,commercial cleaning Australia,youtube_comment
UgwVNx_Blb9OfXeeZ3N4AaABAg,commercial_cleaners,2024,2024-01,"Thank you for this 

From UK",6,False,False,0,1,How to Bid Commercial Cleaning Jobs (FORMULA INCLUDED),OctoClean Media,SXNq_81x8SY,@DianeBolumbu29,2024-01-29 12:32:23+00:00,commercial cleaning Australia,youtube_comment
UgyRY7scDnZXOrZa0zt4AaABAg,commercial_cleaners,2024,2024-01,Thank you for sharing all your insights. I'm just wondering if your margin aready includes the overhead expenses? or do I add a seperate percentage for overhead then add my desired margin? Thank you.,34,False,False,1,1,How to Bid Commercial Cleaning Jobs (FORMULA INCLUDED),OctoClean Media,SXNq_81x8SY,@HerNailTherapy,2024-01-17 00:22:36+00:00,commercial cleaning Australia,youtube_comment
UgxaLDGTJwvkiDGyEFx4AaABAg,commercial_cleaners,2023,2023-12,"Do you guys only cover Southern California and Arizona or can I place a bid from whatever I am, like on Turno?",22,False,False,0,1,How to Bid Commercial Cleaning Jobs (FORMULA INCLUDED),OctoClean Media,SXNq_81x8SY,@BryanRamiro,2023-12-29 19:33:04+00:00,commercial cleaning Australia,youtube_comment
UgwKbHwSzaDvEeeq9gZ4AaABAg,commercial_cleaners,2023,2023-12,"I just cant take only 25% i mean if the account pays 122,850 a year. the business is only keeping 24,570 and thats before taxes. Is this legit? it seems to low! all that work at the business only keeps 24,570 - 30% tax =17,199",45,False,False,10,3,How to Bid Commercial Cleaning Jobs (FORMULA INCLUDED),OctoClean Media,SXNq_81x8SY,@Chris-wk8nu,2023-12-29 00:18:12+00:00,commercial cleaning Australia,youtube_comment
Ugy9BrnwAK01-mSvOlF4AaABAg,commercial_cleaners,2023,2023-12,so my hourly rate around here is around in NY 18-20. but when you include taxes its more like 21-23. so do I take 21-23 and add 20%-50%? or do i add it to the 18-20. I feel like the latter is way to cheap to make money on...,49,False,False,1,1,How to Bid Commercial Cleaning Jobs (FORMULA INCLUDED),OctoClean Media,SXNq_81x8SY,@Chris-wk8nu,2023-12-28 16:29:56+00:00,commercial cleaning Australia,youtube_comment
UgxkQ4-zpa2A_FtQqzF4AaABAg,commercial_cleaners,2023,2023-12,"Hi there thank you for the insightful video, my question is. The hourly rate that i will be using is for for one employee or if I have ten employee that are required by my prospect must take the hourly rate times it by ten then follow the formular to get my MCR, buy the way im from South Africa Cape Town.",62,False,False,0,1,How to Bid Commercial Cleaning Jobs (FORMULA INCLUDED),OctoClean Media,SXNq_81x8SY,@loyisomzekelo3572,2023-12-26 19:47:41+00:00,commercial cleaning Australia,youtube_comment
UgzGT4zhs5kO7ah6Rj94AaABAg,commercial_cleaners,2023,2023-11,"Hey thank you so much for sharing your information surrounding your processes, youtube is LITTERED with people offering educational courses and content surrounding the nature of this business but very few are actively running a business ... just saying they do, which is crazy because if you're not practicing what you preach than you're a fraud in my eyes, so to have the business to back the advice is a huge thing for me ... This is great insight and i really appreciate you taking the time to explain the nuances here.",92,False,False,6,1,How to Bid Commercial Cleaning Jobs (FORMULA INCLUDED),OctoClean Media,SXNq_81x8SY,@dacoup5955,2023-11-22 04:22:32+00:00,commercial cleaning Australia,youtube_comment
UgwHhRY0qEtjhIHOAGN4AaABAg,commercial_cleaners,2023,2023-10,thanks! How/what do you pay your employees if they can finish a 2 hour job in 1 hour while quality remains impeccable?,22,False,False,2,3,How to Bid Commercial Cleaning Jobs (FORMULA INCLUDED),OctoClean Media,SXNq_81x8SY,@arnoldwilsonsen492,2023-10-31 14:06:58+00:00,commercial cleaning Australia,youtube_comment
Ugww6c-lMTr3S8eZMUx4AaABAg,commercial_cleaners,2023,2023-10,How long does it take you to measure each room. It must take a long time if it’s a large building.,21,False,False,0,4,How to Bid Commercial Cleaning Jobs (FORMULA INCLUDED),OctoClean Media,SXNq_81x8SY,@Action_Clips_CODM,2023-10-30 21:41:50+00:00,commercial cleaning Australia,youtube_comment
UgwS9OreM_6K6AS6FBt4AaABAg,commercial_cleaners,2023,2023-10,I'm 31 year old female who is currently unemployed.i lost my grandma in the year 2020 since from there things have not been easy as she was the only bread winner. I'm in need of a job sir do you have any available job for me😞,46,False,False,0,1,How to Bid Commercial Cleaning Jobs (FORMULA INCLUDED),OctoClean Media,SXNq_81x8SY,@shadzm5255,2023-10-25 06:17:51+00:00,commercial cleaning Australia,youtube_comment
UgzEyI3ELaUr5FWRLi54AaABAg,commercial_cleaners,2023,2023-10,thank you so much for the info and the video def a GEM,13,False,False,0,1,How to Bid Commercial Cleaning Jobs (FORMULA INCLUDED),OctoClean Media,SXNq_81x8SY,@theguy9643,2023-10-14 22:27:39+00:00,commercial cleaning Australia,youtube_comment
UgzN68rysL4kRT78fCF4AaABAg,commercial_cleaners,2023,2023-10,Does it matter if they have the supplies or not? Will that effect the price?,15,False,False,0,1,How to Bid Commercial Cleaning Jobs (FORMULA INCLUDED),OctoClean Media,SXNq_81x8SY,@mohamedawad3191,2023-10-02 11:20:26+00:00,commercial cleaning Australia,youtube_comment
UgxnSO5X07PXD_h3FNx4AaABAg,commercial_cleaners,2023,2023-10,I’m about to go bid on a manufacture company (my first time) so far I’ve only had one client so this was really helpful to watch. They told me over the phone that they will need cleaning twice a day x 7day so I will multiply it 14 a week Im guessing. I’ll let you know if I get it🤞🏻,60,False,True,2,2,How to Bid Commercial Cleaning Jobs (FORMULA INCLUDED),OctoClean Media,SXNq_81x8SY,@mohamedawad3191,2023-10-02 11:16:15+00:00,commercial cleaning Australia,youtube_comment
UgxU1XTDMOuB8dMbXVJ4AaABAg,commercial_cleaners,2023,2023-09,Thank you for your information. 😊 I appreciate you,9,False,False,0,1,How to Bid Commercial Cleaning Jobs (FORMULA INCLUDED),OctoClean Media,SXNq_81x8SY,@moniquer437,2023-09-24 07:16:11+00:00,commercial cleaning Australia,youtube_comment
UgxRw-EkC_QvHX5ygFl4AaABAg,commercial_cleaners,2023,2023-09,What is the bidding on cleaning WC in the residential area please? 4bedrooms apartments,14,False,True,0,1,How to Bid Commercial Cleaning Jobs (FORMULA INCLUDED),OctoClean Media,SXNq_81x8SY,@gsigncleaningempire9266,2023-09-06 16:57:56+00:00,commercial cleaning Australia,youtube_comment
Ugzo_nHEvRo-hbxw5tp4AaABAg,commercial_cleaners,2023,2023-08,"I was asked price a 13,000 square-foot facility that's used for 3 car rental businesses and they want it done daily and I have no idea what number I could come up with",33,False,False,0,6,How to Bid Commercial Cleaning Jobs (FORMULA INCLUDED),OctoClean Media,SXNq_81x8SY,@cjoseph283,2023-08-16 15:07:13+00:00,commercial cleaning Australia,youtube_comment
UgyQDeC1WGCu3iR8nnJ4AaABAg,commercial_cleaners,2023,2023-08,"I’ve lost out on a few contracts , but I don’t feel I was bidding too high. But hey , I’m glad this info is here and I can learn 😅",31,False,False,21,1,How to Bid Commercial Cleaning Jobs (FORMULA INCLUDED),OctoClean Media,SXNq_81x8SY,@CleanedInPink,2023-08-03 21:53:14+00:00,commercial cleaning Australia,youtube_comment
UgwVcoDea6VEgg3FECl4AaABAg,commercial_cleaners,2023,2023-07,Hi. Im Emmanuel amd I live in Toronto. Canada . I worked and learn all the cleaning stuff when I came to canada in 1991 . After that went to construction till now. Today im going back serius on the janitorial business again. Im still learning and your videos are awesome! Is this price inclides materias???,56,False,True,1,1,How to Bid Commercial Cleaning Jobs (FORMULA INCLUDED),OctoClean Media,SXNq_81x8SY,@Mercado_Grande_Campeiro,2023-07-27 01:37:36+00:00,commercial cleaning Australia,youtube_comment
UgxxG9J6rmMUAGm8g3x4AaABAg,commercial_cleaners,2023,2023-07,"Hello! Good afternoon, do you give private advisory?",8,False,False,2,2,How to Bid Commercial Cleaning Jobs (FORMULA INCLUDED),OctoClean Media,SXNq_81x8SY,@LalonjaCantu,2023-07-26 22:28:10+00:00,commercial cleaning Australia,youtube_comment
Ugw-4ytxJUnysGrnOsd4AaABAg,commercial_cleaners,2023,2023-07,"My dad started his residential cleaning business in 1985 period hes had the same customers ever since. He refused to open his list because he wanted to stay loyal which I think is great. Once you get a set of loyal customers and create a constant stream of income then you're set. I'm the eldest of 8. My dad raised us as a single parent and was able to take care of us and then some more. I have been with him on a couple of jobs years ago and he always goes the extra mile. He does not cut corners whatsoever at all and he always makes sure to make them feel comfortable and they become like family ! I guess it depends what kind of business model you have And if you're open to anyone anytime kind of thing or if you're looking for a more steady customer base. Either way there are tons and tons and tons of people looking for house cleaning and they are willing to pay for somebody who does a great job! Don't get discouraged you got this! Last thing, make sure to know your worth period not all house cleaners are alike. When you know that you do a dangerous job you go the extra mile, you're trustworthy you show app early you have good pricis and you're all around Offering amazing service then make sure to not cut yourself short!",239,False,True,35,4,How to Bid Commercial Cleaning Jobs (FORMULA INCLUDED),OctoClean Media,SXNq_81x8SY,@linamarie84,2023-07-26 00:06:12+00:00,commercial cleaning Australia,youtube_comment
UgxNf5sARWMTWGJnvZN4AaABAg,commercial_cleaners,2023,2023-07,Wow! Thank you for sharing that ideas. Surely it will work out.,12,False,False,1,0,How to Bid Commercial Cleaning Jobs (FORMULA INCLUDED),OctoClean Media,SXNq_81x8SY,@mrladnek,2023-07-23 18:24:52+00:00,commercial cleaning Australia,youtube_comment
Ugyo3KWmFQOMQGgPBxF4AaABAg,commercial_cleaners,2023,2023-07,"I know how to bid my issue is now a lot of customers don't want everyday cleaning. Say a bldg is open 6 days a week and they only want service 4. Well they are still open therefore there is more trash, stocking etc but they want a reduced price. How should we approach that issue. With a lot of people working from home it makes sense for the reduction but say a dental office the reduction has to be beneficial for all parties",84,False,True,3,5,How to Bid Commercial Cleaning Jobs (FORMULA INCLUDED),OctoClean Media,SXNq_81x8SY,@justhumblemeclarke7292,2023-07-13 15:53:16+00:00,commercial cleaning Australia,youtube_comment
UgzxaRhhrF5DrtoTQlh4AaABAg,commercial_cleaners,2023,2023-07,"I'm happy your channel popped up. I haven't seen all your videos, but I'm going to binge watch them this weekend. I just recently became licensed and insured. I haven't made a free Google ad yet, as that is next. My business will be a small office cleaning business. I do have a few random questions. How many sq. ft. should 1 worker be able to clean in one hour, when its just basic cleaning? Is there a simple easy to use program for payroll, contracts, legal forms etc., just for small cleaning businesses that might stand out as better than the rest? I'm here in Southern Oregon. The closest businesses that would give me info on an hourly wage to pay my contractors were 100 to 200 miles away ( their hourly wage ranged from 35 to 50 an hour per worker }, as the local businesses considered me competition and wouldn't reveal. I haven't checked indeed yet, but I will. Thank you in advance!!",166,False,True,3,4,How to Bid Commercial Cleaning Jobs (FORMULA INCLUDED),OctoClean Media,SXNq_81x8SY,@-All5ofus-,2023-07-09 02:05:18+00:00,commercial cleaning Australia,youtube_comment
UgwjU8amjyTJ3uNDhKN4AaABAg,commercial_cleaners,2023,2023-07,"This is wonderful advice and I pretty much figured out this simple bid strategy but used sq. Ft. Pricing to calculate my newest bid for a hopeful client. Praying they go for it as it would be my largest account yet. If I get it, I will officially apply for business license. Been claiming all my clients as income over the years for taxes but I want it to be completely legit. Praying for it to be a go and then I will be going full sails ahead. Thank you for your help",93,False,False,9,4,How to Bid Commercial Cleaning Jobs (FORMULA INCLUDED),OctoClean Media,SXNq_81x8SY,@a.colleenfray2138,2023-07-06 20:51:24+00:00,commercial cleaning Australia,youtube_comment
Ugw7Mjgw8xXOYLuZxDJ4AaABAg,commercial_cleaners,2023,2023-06,"If I’m just starting out and I don’t have any knowledge about my production schedule or margins… would it best to just be honest and let my prospect know that I’m new, I’ll give them great quality, but need the chase to learn about my trade more and give them a break in price?",54,False,False,1,3,How to Bid Commercial Cleaning Jobs (FORMULA INCLUDED),OctoClean Media,SXNq_81x8SY,@parkr72,2023-06-19 15:38:37+00:00,commercial cleaning Australia,youtube_comment
UgwXvUv3WTUYWhLlM-p4AaABAg,commercial_cleaners,2023,2023-06,"Hi, Great content.I have a question I made a deep clean for a medical imaging clinic I charged 130 hrs an hour it took circa 8 hours 3 persons.Now The person wants a price for a monthly reocurring cleaning.what should I charge them? I asked them how often do you need the cleaning? What should I charge estimate based on what i charged?Probaly a daily cleaning will take 3 hours. Thanks",71,False,True,1,2,How to Bid Commercial Cleaning Jobs (FORMULA INCLUDED),OctoClean Media,SXNq_81x8SY,@patriciozazzini3182,2023-06-13 01:14:02+00:00,commercial cleaning Australia,youtube_comment
Ugz0jIvY2j0ZlJEAY8V4AaABAg,commercial_cleaners,2023,2023-06,Where can we purchase the items we see in this video ?,12,False,False,1,2,How to Bid Commercial Cleaning Jobs (FORMULA INCLUDED),OctoClean Media,SXNq_81x8SY,@victor1lawncareinc-victorb840,2023-06-01 00:14:32+00:00,commercial cleaning Australia,youtube_comment
UgzI9sIui-gOMgWtwpN4AaABAg,commercial_cleaners,2023,2023-05,Thanks 🙏🏾 for such great information,6,False,False,1,2,How to Bid Commercial Cleaning Jobs (FORMULA INCLUDED),OctoClean Media,SXNq_81x8SY,@starhollywood,2023-05-27 18:14:14+00:00,commercial cleaning Australia,youtube_comment
UgwHem4rRsVd2iY7gfh4AaABAg,commercial_cleaners,2023,2023-05,"Great video! Thanks for sharing. 
Don’t you should consider the tax income in your calculations?",15,False,False,2,2,How to Bid Commercial Cleaning Jobs (FORMULA INCLUDED),OctoClean Media,SXNq_81x8SY,@michaelslater3210,2023-05-09 08:53:17+00:00,commercial cleaning Australia,youtube_comment
Ugwgxb3I5OCVfbip4dd4AaABAg,commercial_cleaners,2023,2023-04,"Where can Accurately get the base price to know If I’m charging too much or too low. Is any place where can I find out this information?

And asking other companies is not an option, since they only give you rates if you are a customer.",46,False,False,2,2,How to Bid Commercial Cleaning Jobs (FORMULA INCLUDED),OctoClean Media,SXNq_81x8SY,@MrEscobar.,2023-04-18 18:51:35+00:00,commercial cleaning Australia,youtube_comment
UgyTN3B94Zz3mVliXvZ4AaABAg,commercial_cleaners,2023,2023-04,"Question, after dividing 12 into what ever number you come up with am I charging per week or per month?",20,False,False,3,4,How to Bid Commercial Cleaning Jobs (FORMULA INCLUDED),OctoClean Media,SXNq_81x8SY,@larellblair1130,2023-04-14 12:21:48+00:00,commercial cleaning Australia,youtube_comment
UgwGKGpkiXkb0uFMnZ54AaABAg,commercial_cleaners,2023,2023-04,"I was working for a local cleaning company...I got paid 12.00 an hr. To clean 3clinics & 13 an hr. To clean a car dealership.

I'm opening my own commercial cleaning business. (Mostly, I just want to work for myself.)

Should I pay myself 12 an hour?",47,False,True,7,3,How to Bid Commercial Cleaning Jobs (FORMULA INCLUDED),OctoClean Media,SXNq_81x8SY,@ambermartinez2616,2023-04-05 21:30:26+00:00,commercial cleaning Australia,youtube_comment
UgyEVEnKjkESVD82SKZ4AaABAg,commercial_cleaners,2023,2023-03,"I am launching my janitorial company very soon but I think I need to gather more knowledge related to the company.
I really enjoyed the lesson, very insightful.",28,False,True,7,3,How to Bid Commercial Cleaning Jobs (FORMULA INCLUDED),OctoClean Media,SXNq_81x8SY,@gbadamosilateef3206,2023-03-26 07:22:31+00:00,commercial cleaning Australia,youtube_comment
UgzIfe3AeZ6mC_iFBZ14AaABAg,commercial_cleaners,2023,2023-03,"Full of information and knowledge 
Thanks",6,False,False,3,1,How to Bid Commercial Cleaning Jobs (FORMULA INCLUDED),OctoClean Media,SXNq_81x8SY,@gbadamosilateef3206,2023-03-26 07:17:58+00:00,commercial cleaning Australia,youtube_comment
Ugw_CCpR9kzR1Rpq4AR4AaABAg,commercial_cleaners,2023,2023-03,I can't fathom how is that channels isn't getting more subscribers 😕,12,False,False,10,2,How to Bid Commercial Cleaning Jobs (FORMULA INCLUDED),OctoClean Media,SXNq_81x8SY,@mikeflex1234,2023-03-14 21:37:23+00:00,commercial cleaning Australia,youtube_comment
Ugy9hXmFFjut2TrLv694AaABAg,commercial_cleaners,2023,2023-03,My best advice is to ask what their current or previous cleaners are charging and if it good then match it,21,False,True,83,27,How to Bid Commercial Cleaning Jobs (FORMULA INCLUDED),OctoClean Media,SXNq_81x8SY,@Soupraaaaaa,2023-03-10 23:46:04+00:00,commercial cleaning Australia,youtube_comment
UgxuGIxdJOB7zwCiNwl4AaABAg,commercial_cleaners,2023,2023-02,It's a app you use?,5,False,False,4,4,How to Bid Commercial Cleaning Jobs (FORMULA INCLUDED),OctoClean Media,SXNq_81x8SY,@thewokesmoker6487,2023-02-23 14:48:34+00:00,commercial cleaning Australia,youtube_comment
UgyenFrG86YYBcbpmP54AaABAg,commercial_cleaners,2023,2023-01,"Thank you for sharing. A lot of insightful, good information in this video. I appreciate you sharing! Subscribed and I will be binge watching! I haven’t started my Janitorial company yet, I am still learning. But I am so excited to learn. Thank you again! Sending love from Detroit, MI!",50,False,True,10,4,How to Bid Commercial Cleaning Jobs (FORMULA INCLUDED),OctoClean Media,SXNq_81x8SY,@sarahrichards336,2023-01-12 14:40:58+00:00,commercial cleaning Australia,youtube_comment
UgxqUh2jVkpKODr_D994AaABAg,commercial_cleaners,2026,2026-04,Palis sar work halep sar 🎉🎉🎉🎉,6,True,False,0,1,HOW TO START A CLEANING BUSINESS IN AUSTRALIA #cleaning #business #cleaningbusiness,InsightDecoded,kwA98ZOUDq8,@RameshKumar-j9l8l,2026-04-03 19:53:41+00:00,commercial cleaning Australia,youtube_comment
UgxFtS6yIFaobwoV5Cp4AaABAg,commercial_cleaners,2025,2025-09,"Mmmm been cleaning in many different life stages and I have to say In Australia the cert 3 in cleaning is very do-able and not too time consuming or too costly.

I think for my experience cert 3 even for general employees is a must and super valuable.",48,True,True,0,1,HOW TO START A CLEANING BUSINESS IN AUSTRALIA #cleaning #business #cleaningbusiness,InsightDecoded,kwA98ZOUDq8,@samantha0lee,2025-09-10 15:16:52+00:00,commercial cleaning Australia,youtube_comment
UgyLUmCGfkRYb-_SkPd4AaABAg,commercial_cleaners,2025,2025-06,"How do you set prices, is it through hours or set packages? And how much should i be charging people, do you also have discounts/specials?",25,True,False,0,2,HOW TO START A CLEANING BUSINESS IN AUSTRALIA #cleaning #business #cleaningbusiness,InsightDecoded,kwA98ZOUDq8,@auritt1029,2025-06-22 00:47:27+00:00,commercial cleaning Australia,youtube_comment
Ugzj4JwPxmRvOY6X3it4AaABAg,commercial_cleaners,2025,2025-03,"Great video! 👏 Loved the tips on starting a cleaning business. Gumtree and Facebook are great for finding clients, but word of mouth can really work wonders too! Also, using a tool like Cleanly for scheduling and managing your cleaning business can make everything so much easier.",47,True,True,1,1,HOW TO START A CLEANING BUSINESS IN AUSTRALIA #cleaning #business #cleaningbusiness,InsightDecoded,kwA98ZOUDq8,@mirmamun-f9k,2025-03-04 06:42:42+00:00,commercial cleaning Australia,youtube_comment
Ugws10xM9pYqXc3WDod4AaABAg,commercial_cleaners,2025,2025-01,Brother i need job please,5,True,False,1,0,HOW TO START A CLEANING BUSINESS IN AUSTRALIA #cleaning #business #cleaningbusiness,InsightDecoded,kwA98ZOUDq8,@adirelationshiptips6981,2025-01-30 08:22:24+00:00,commercial cleaning Australia,youtube_comment
Ugx4sEbAwKQHF9APb8l4AaABAg,commercial_cleaners,2025,2025-01,What a video. You didn't tell how to start instead telling yes you can do business. 😂.,17,True,False,1,1,HOW TO START A CLEANING BUSINESS IN AUSTRALIA #cleaning #business #cleaningbusiness,InsightDecoded,kwA98ZOUDq8,@Pawankamboj147,2025-01-11 02:23:39+00:00,commercial cleaning Australia,youtube_comment
UgwBGM9Tm-MnMy1qVZV4AaABAg,commercial_cleaners,2025,2025-01,"Hi sir i want cleaning job I am from India, which company give free sponsor, training. Please tell me.",19,True,True,2,2,HOW TO START A CLEANING BUSINESS IN AUSTRALIA #cleaning #business #cleaningbusiness,InsightDecoded,kwA98ZOUDq8,@hariharanm4032,2025-01-03 13:08:34+00:00,commercial cleaning Australia,youtube_comment
UgzQFTzVoYqwv-I_ZnV4AaABAg,commercial_cleaners,2024,2024-05,"Very direct and informative video 
Thanks mate",7,True,False,1,1,HOW TO START A CLEANING BUSINESS IN AUSTRALIA #cleaning #business #cleaningbusiness,InsightDecoded,kwA98ZOUDq8,@honest61983,2024-05-28 07:57:43+00:00,commercial cleaning Australia,youtube_comment
UgypnpPk-B4MvdBEcPB4AaABAg,commercial_cleaners,2026,2026-05,Thank you! I will implement this strategy.,7,False,False,0,0,How To Get A Commercial Cleaning Contract in 30 Days or Less GUARANTEED!,AJ SIMMONS,no5KiRIJ5p8,@shantarufus8386,2026-05-12 15:39:29+00:00,commercial cleaning Australia,youtube_comment
UgwMQHdK6Ezigwoq1d94AaABAg,commercial_cleaners,2025,2025-11,"Love your videos, great content❤❤ Thank you for sharing",9,False,False,0,1,How To Get A Commercial Cleaning Contract in 30 Days or Less GUARANTEED!,AJ SIMMONS,no5KiRIJ5p8,@saidarahal729,2025-11-13 15:12:25+00:00,commercial cleaning Australia,youtube_comment
UgzZL9OrOMYwrt0qFct4AaABAg,commercial_cleaners,2025,2025-10,"Thank,s cleaning God. I needed this😅",6,False,True,0,0,How To Get A Commercial Cleaning Contract in 30 Days or Less GUARANTEED!,AJ SIMMONS,no5KiRIJ5p8,@Alicia-d2m9z,2025-10-12 19:14:57+00:00,commercial cleaning Australia,youtube_comment
UgxAVHRVI4Q_2gPhhHp4AaABAg,commercial_cleaners,2025,2025-06,It's all a numbers game. This is exactly what I do as a GC.,14,False,False,1,0,How To Get A Commercial Cleaning Contract in 30 Days or Less GUARANTEED!,AJ SIMMONS,no5KiRIJ5p8,@2HEARMEOUT,2025-06-07 18:33:39+00:00,commercial cleaning Australia,youtube_comment
UgzNajUyA-ZEmBn7h2V4AaABAg,commercial_cleaners,2024,2024-09,Thank you AJ! I'm definitely going to put this in practice! Just started my cleaning business. Can't wait!!!!,18,False,True,0,1,How To Get A Commercial Cleaning Contract in 30 Days or Less GUARANTEED!,AJ SIMMONS,no5KiRIJ5p8,@sharonmiller7545,2024-09-17 01:09:44+00:00,commercial cleaning Australia,youtube_comment
Ugz3YZk-G_ZXhzcO-bZ4AaABAg,commercial_cleaners,2024,2024-04,This is exactly what I needed! Thank you!,8,False,False,5,0,How To Get A Commercial Cleaning Contract in 30 Days or Less GUARANTEED!,AJ SIMMONS,no5KiRIJ5p8,@andreacabadas2799,2024-04-15 18:48:07+00:00,commercial cleaning Australia,youtube_comment
UgzDDixWoAdjh3O3ip54AaABAg,commercial_cleaners,2024,2024-02,When you say commercial what store fronts are we talking about? Cold calling corporate ?,15,False,False,0,1,How To Get A Commercial Cleaning Contract in 30 Days or Less GUARANTEED!,AJ SIMMONS,no5KiRIJ5p8,@ashhb2419,2024-02-12 05:38:02+00:00,commercial cleaning Australia,youtube_comment
UgyvrxhZnV6LBmW9Ibt4AaABAg,commercial_cleaners,2024,2024-01,Man ive called prpbably 50 places and handed out anoher 50 cards and nothing man. I got 1 job cleaning a barbershop but the day i was supposed to start they backed out and said they are good for now..had a walk through last week and sent them my estimate and nothing.,52,False,True,1,1,How To Get A Commercial Cleaning Contract in 30 Days or Less GUARANTEED!,AJ SIMMONS,no5KiRIJ5p8,@hunter-zp2hf,2024-01-27 10:59:36+00:00,commercial cleaning Australia,youtube_comment
Ugx_BcThwVGb0GRs4wZ4AaABAg,commercial_cleaners,2024,2024-01,Thank you im hitting more this year!,7,False,False,0,0,How To Get A Commercial Cleaning Contract in 30 Days or Less GUARANTEED!,AJ SIMMONS,no5KiRIJ5p8,@vv-je5ny,2024-01-06 22:08:16+00:00,commercial cleaning Australia,youtube_comment
Ugzpx7S3AwoxQyWBAeN4AaABAg,commercial_cleaners,2024,2024-01,No bullshit bro some of us that come from the knuckleheads just need someone to explain it ONCE. Atleast ONCE!!! Haha man I been going through it and this video just put it into perspective,35,False,False,8,1,How To Get A Commercial Cleaning Contract in 30 Days or Less GUARANTEED!,AJ SIMMONS,no5KiRIJ5p8,@mandocampos98,2024-01-02 20:06:47+00:00,commercial cleaning Australia,youtube_comment
UgygDxxzH3NhnxOOanh4AaABAg,commercial_cleaners,2023,2023-12,What do you thing of ppc ads on google? Like search campaigns.,12,False,False,0,0,How To Get A Commercial Cleaning Contract in 30 Days or Less GUARANTEED!,AJ SIMMONS,no5KiRIJ5p8,@nanomal123,2023-12-16 04:22:50+00:00,commercial cleaning Australia,youtube_comment
UgxlDwxq3drceeiB9Ql4AaABAg,commercial_cleaners,2023,2023-12,is it possible to get commericial leads with a remote cleaning business?,12,False,True,0,1,How To Get A Commercial Cleaning Contract in 30 Days or Less GUARANTEED!,AJ SIMMONS,no5KiRIJ5p8,@ethanjonas7044,2023-12-13 03:44:02+00:00,commercial cleaning Australia,youtube_comment
Ugw_GymQkJxJaHLeYyp4AaABAg,commercial_cleaners,2023,2023-12,Say you go to a business. Who do you ask to talk to?,13,False,False,5,2,How To Get A Commercial Cleaning Contract in 30 Days or Less GUARANTEED!,AJ SIMMONS,no5KiRIJ5p8,@luckyblue8932,2023-12-07 17:43:35+00:00,commercial cleaning Australia,youtube_comment
UgxxuBpBqAeucKHEVYh4AaABAg,commercial_cleaners,2023,2023-10,Hi do you do over the phone questions,8,False,False,0,0,How To Get A Commercial Cleaning Contract in 30 Days or Less GUARANTEED!,AJ SIMMONS,no5KiRIJ5p8,@suemccray,2023-10-19 17:49:51+00:00,commercial cleaning Australia,youtube_comment
Ugzpa7t_jLJlHbqeeWJ4AaABAg,commercial_cleaners,2023,2023-10,But who makes the decisions. Who is the person you talk to? Do you talk to the leasing agent? The secretary? I have been banging my head trying to figure that out,32,False,False,4,5,How To Get A Commercial Cleaning Contract in 30 Days or Less GUARANTEED!,AJ SIMMONS,no5KiRIJ5p8,@diggorypat66,2023-10-01 18:22:47+00:00,commercial cleaning Australia,youtube_comment
UgxxaLgleqZyLjWWA2F4AaABAg,commercial_cleaners,2023,2023-09,Hi I registered my business since Feb of this year and I try ads on a few websites but never get a customer so I felt like giving up but I watched ur videos all the time and I would love your help as to what can I or how should I do things right.,55,False,False,0,1,How To Get A Commercial Cleaning Contract in 30 Days or Less GUARANTEED!,AJ SIMMONS,no5KiRIJ5p8,@andreajohnson665,2023-09-30 13:39:49+00:00,commercial cleaning Australia,youtube_comment
UgwV67m4beMX2Av4cLN4AaABAg,commercial_cleaners,2023,2023-07,"AJ, I can't thank you enough for existing 🙏. You've changed my life forever",14,False,False,15,1,How To Get A Commercial Cleaning Contract in 30 Days or Less GUARANTEED!,AJ SIMMONS,no5KiRIJ5p8,@pbahi0227,2023-07-19 01:37:16+00:00,commercial cleaning Australia,youtube_comment
UgysqDAVdCZAUq11RQd4AaABAg,commercial_cleaners,2023,2023-07,Emailed you when I first launched my company in 2021. You told me cold call and market in person. Did it! Now have multiple commercial jobs. Next goal: Make your next cleaning business conference!,34,False,True,62,3,How To Get A Commercial Cleaning Contract in 30 Days or Less GUARANTEED!,AJ SIMMONS,no5KiRIJ5p8,@platinumrockcleaning4740,2023-07-06 23:44:36+00:00,commercial cleaning Australia,youtube_comment
UgyT46Y_Yy7z_qH_rQp4AaABAg,commercial_cleaners,2026,2026-05,Hello may I.know which agency from Philippines should I apply going to Australia for housekeeping?,15,True,False,0,0,Cleaner Jobs in Australia with FREE Visa Sponsorship | Housekeeping in Australia| Move with Family,Immigration Hook,RJPwaaVojBg,@JocelynBerases,2026-05-11 13:37:20+00:00,cleaner job Australia,youtube_comment
UgxkK1VmUR0z_XwsAxR4AaABAg,commercial_cleaners,2025,2025-12,I'm interested ma'am how to apply thank you,8,True,False,0,0,Cleaner Jobs in Australia with FREE Visa Sponsorship | Housekeeping in Australia| Move with Family,Immigration Hook,RJPwaaVojBg,@joygatchallan3193,2025-12-05 04:48:31+00:00,cleaner job Australia,youtube_comment
UgwCu9RpAHxEn56aGxp4AaABAg,commercial_cleaners,2025,2025-11,Hi medam hosu keeping job piz help me,8,True,False,0,0,Cleaner Jobs in Australia with FREE Visa Sponsorship | Housekeeping in Australia| Move with Family,Immigration Hook,RJPwaaVojBg,@PadmaPadma-d9p,2025-11-28 06:04:04+00:00,cleaner job Australia,youtube_comment
UgxOcPfzCdHjNvxljd14AaABAg,commercial_cleaners,2025,2025-11,Hi madam iam interested in the job please help me,10,True,False,0,0,Cleaner Jobs in Australia with FREE Visa Sponsorship | Housekeeping in Australia| Move with Family,Immigration Hook,RJPwaaVojBg,@DurgaDevi-s1t,2025-11-14 11:25:45+00:00,cleaner job Australia,youtube_comment
Ugz22p95gtrx-2m7rqx4AaABAg,commercial_cleaners,2025,2025-09,Im interested 13 years experience,5,True,False,0,0,Cleaner Jobs in Australia with FREE Visa Sponsorship | Housekeeping in Australia| Move with Family,Immigration Hook,RJPwaaVojBg,@PreciousNgwata,2025-09-15 19:45:16+00:00,cleaner job Australia,youtube_comment
UgwS4UW_6bCqv8aYuVB4AaABAg,commercial_cleaners,2025,2025-08,I am from sri lanka and i want tobe cleaner in australia ..can i?,14,True,True,0,0,Cleaner Jobs in Australia with FREE Visa Sponsorship | Housekeeping in Australia| Move with Family,Immigration Hook,RJPwaaVojBg,@cleraxaviour2108,2025-08-31 06:12:14+00:00,cleaner job Australia,youtube_comment
UgzLEVr7GlHSNzQUehN4AaABAg,commercial_cleaners,2025,2025-08,Hello Sir I'm looking for job Australia Please help me Sir,11,True,False,0,0,Cleaner Jobs in Australia with FREE Visa Sponsorship | Housekeeping in Australia| Move with Family,Immigration Hook,RJPwaaVojBg,@ALAMIN-tr8zp,2025-08-18 07:29:10+00:00,cleaner job Australia,youtube_comment
Ugyswcfp3IySKsWDLEV4AaABAg,commercial_cleaners,2025,2025-08,what is the age limit? how many work experinced needed?,10,True,False,0,0,Cleaner Jobs in Australia with FREE Visa Sponsorship | Housekeeping in Australia| Move with Family,Immigration Hook,RJPwaaVojBg,@elirosmagracia356,2025-08-04 13:03:59+00:00,cleaner job Australia,youtube_comment
UgzEPvAd8EHwMiVgdnZ4AaABAg,commercial_cleaners,2025,2025-07,Im interested 3 yrs experienced as house cleanner or any establishment..iam hardworking,12,True,True,0,0,Cleaner Jobs in Australia with FREE Visa Sponsorship | Housekeeping in Australia| Move with Family,Immigration Hook,RJPwaaVojBg,@NelsieDiaz-q3s,2025-07-13 20:30:03+00:00,cleaner job Australia,youtube_comment
UgzD6c5dyG-K_M2ThqN4AaABAg,commercial_cleaners,2025,2025-07,Hello Im an Ethiopia I need house maid work how can I apply,13,True,False,0,0,Cleaner Jobs in Australia with FREE Visa Sponsorship | Housekeeping in Australia| Move with Family,Immigration Hook,RJPwaaVojBg,@KalkidanAdidas,2025-07-05 16:46:02+00:00,cleaner job Australia,youtube_comment
Ugxs4PIDNZv4Y2YNwJR4AaABAg,commercial_cleaners,2025,2025-07,Hello Im an Ethiopia I need house maid work,9,True,False,0,0,Cleaner Jobs in Australia with FREE Visa Sponsorship | Housekeeping in Australia| Move with Family,Immigration Hook,RJPwaaVojBg,@KalkidanAdidas,2025-07-05 16:45:46+00:00,cleaner job Australia,youtube_comment
UgyoVnYEv5f3UmzWwW14AaABAg,commercial_cleaners,2025,2025-06,I live in the us I am working at a hospital who do I apply for jobs in housekeeping,19,True,False,0,2,Cleaner Jobs in Australia with FREE Visa Sponsorship | Housekeeping in Australia| Move with Family,Immigration Hook,RJPwaaVojBg,@TimCarter-md5qc,2025-06-26 04:31:40+00:00,cleaner job Australia,youtube_comment
UgyCREHJX0T02cYARId4AaABAg,commercial_cleaners,2025,2025-06,Link is missing to apply,5,True,False,0,0,Cleaner Jobs in Australia with FREE Visa Sponsorship | Housekeeping in Australia| Move with Family,Immigration Hook,RJPwaaVojBg,@ankursen2348,2025-06-25 02:30:19+00:00,cleaner job Australia,youtube_comment
Ugxpsr0JM8bvIMPkeLF4AaABAg,commercial_cleaners,2025,2025-06,Gud day how to apply,5,True,False,0,0,Cleaner Jobs in Australia with FREE Visa Sponsorship | Housekeeping in Australia| Move with Family,Immigration Hook,RJPwaaVojBg,@PresiMontizon,2025-06-20 02:31:11+00:00,cleaner job Australia,youtube_comment
Ugw0aKqQqwVmDiqSomx4AaABAg,commercial_cleaners,2025,2025-06,there are any link to apply ?,7,True,False,0,0,Cleaner Jobs in Australia with FREE Visa Sponsorship | Housekeeping in Australia| Move with Family,Immigration Hook,RJPwaaVojBg,@aguschannel7,2025-06-15 09:48:58+00:00,cleaner job Australia,youtube_comment
UgwXfz8T_AZ0klM4art4AaABAg,commercial_cleaners,2025,2025-06,"I need a job of housekeeping , cleaner..
I am Rajendra Prasad Gaire from Nepal 
I am 56/years old",19,True,True,0,0,Cleaner Jobs in Australia with FREE Visa Sponsorship | Housekeeping in Australia| Move with Family,Immigration Hook,RJPwaaVojBg,@RajendraGaire-s9z,2025-06-11 07:32:39+00:00,cleaner job Australia,youtube_comment
UgzkUglDY5zH0JZ9eVp4AaABAg,commercial_cleaners,2025,2025-02,"I interested how to apply 
please",6,True,False,0,0,Cleaner Jobs in Australia with FREE Visa Sponsorship | Housekeeping in Australia| Move with Family,Immigration Hook,RJPwaaVojBg,@Fichabililla,2025-02-24 07:03:13+00:00,cleaner job Australia,youtube_comment
UgzQFm--cudCJ6jjeeZ4AaABAg,commercial_cleaners,2025,2025-02,I'm interested how to apply,5,True,False,0,0,Cleaner Jobs in Australia with FREE Visa Sponsorship | Housekeeping in Australia| Move with Family,Immigration Hook,RJPwaaVojBg,@mailynleal6802,2025-02-14 07:59:40+00:00,cleaner job Australia,youtube_comment
Ugyozg0NQbNteg2Xkop4AaABAg,commercial_cleaners,2025,2025-02,"Can I join this, I'm interested",6,True,False,0,0,Cleaner Jobs in Australia with FREE Visa Sponsorship | Housekeeping in Australia| Move with Family,Immigration Hook,RJPwaaVojBg,@OmobolanleTijani-b2u,2025-02-01 23:16:46+00:00,cleaner job Australia,youtube_comment
UgzG4pq_fMii3OsOEnl4AaABAg,commercial_cleaners,2025,2025-01,Im interested to get job in australia,7,True,False,0,0,Cleaner Jobs in Australia with FREE Visa Sponsorship | Housekeeping in Australia| Move with Family,Immigration Hook,RJPwaaVojBg,@ArchieAron,2025-01-06 07:46:38+00:00,cleaner job Australia,youtube_comment
UgzhkIV9EtuLh0EI7mN4AaABAg,commercial_cleaners,2025,2025-01,How to apply for accomadation manager,6,True,False,0,0,Cleaner Jobs in Australia with FREE Visa Sponsorship | Housekeeping in Australia| Move with Family,Immigration Hook,RJPwaaVojBg,@PriyangaWijesinghe-dt4pt,2025-01-04 10:05:06+00:00,cleaner job Australia,youtube_comment
UgwG4Bmhs440zLbAbtV4AaABAg,commercial_cleaners,2024,2024-12,How to apply for the job,6,True,False,0,0,Cleaner Jobs in Australia with FREE Visa Sponsorship | Housekeeping in Australia| Move with Family,Immigration Hook,RJPwaaVojBg,@nalugondacatherine,2024-12-17 17:56:57+00:00,cleaner job Australia,youtube_comment
UgzEZEefKhkxX7B16Z54AaABAg,commercial_cleaners,2024,2024-12,Now work in india chennai,5,True,False,0,0,Cleaner Jobs in Australia with FREE Visa Sponsorship | Housekeeping in Australia| Move with Family,Immigration Hook,RJPwaaVojBg,@DanielTeenu-uq3hy,2024-12-13 12:45:19+00:00,cleaner job Australia,youtube_comment
Ugw6ueWRmxP4yZTAaQl4AaABAg,commercial_cleaners,2024,2024-12,10 hear house keeping experience,5,True,False,0,0,Cleaner Jobs in Australia with FREE Visa Sponsorship | Housekeeping in Australia| Move with Family,Immigration Hook,RJPwaaVojBg,@DanielTeenu-uq3hy,2024-12-13 12:44:32+00:00,cleaner job Australia,youtube_comment
UgykAqF5uT6Wka-rtfl4AaABAg,commercial_cleaners,2024,2024-12,How to apply as Cleaner Maam and sir,8,True,True,0,0,Cleaner Jobs in Australia with FREE Visa Sponsorship | Housekeeping in Australia| Move with Family,Immigration Hook,RJPwaaVojBg,@EsabelRagandang-p3q,2024-12-08 06:08:02+00:00,cleaner job Australia,youtube_comment
UgwNGgXdEwrrzNqztFl4AaABAg,commercial_cleaners,2024,2024-12,"Can i join this , i m from indonesia",9,True,False,1,0,Cleaner Jobs in Australia with FREE Visa Sponsorship | Housekeeping in Australia| Move with Family,Immigration Hook,RJPwaaVojBg,@anonyingmouse1404,2024-12-03 16:24:16+00:00,cleaner job Australia,youtube_comment
UgyFuEqOne8wxkASrM94AaABAg,commercial_cleaners,2024,2024-11,"I am from Vanuatu, and I wanted to know how to apply",12,True,False,0,0,Cleaner Jobs in Australia with FREE Visa Sponsorship | Housekeeping in Australia| Move with Family,Immigration Hook,RJPwaaVojBg,@LisanAru-e6m,2024-11-27 00:43:39+00:00,cleaner job Australia,youtube_comment
Ugx22Q74-_uTh2MAYyJ4AaABAg,commercial_cleaners,2024,2024-11,How to apply as cleaner,5,True,True,0,0,Cleaner Jobs in Australia with FREE Visa Sponsorship | Housekeeping in Australia| Move with Family,Immigration Hook,RJPwaaVojBg,@GulnazAkhter-h1q,2024-11-21 20:24:14+00:00,cleaner job Australia,youtube_comment
UgwAdBiaRHay1JHZN2h4AaABAg,commercial_cleaners,2024,2024-11,Free Food & Accommodation is provided to housekeeper in Australia or not..,12,True,False,0,1,Cleaner Jobs in Australia with FREE Visa Sponsorship | Housekeeping in Australia| Move with Family,Immigration Hook,RJPwaaVojBg,@charlesalexander8117,2024-11-19 14:57:49+00:00,cleaner job Australia,youtube_comment
UgwuKxvKUpaGsgUFD3l4AaABAg,commercial_cleaners,2024,2024-11,Good day maam how to apply?I have working experience in 5 star hotel and in Cruiseship.,16,True,False,0,0,Cleaner Jobs in Australia with FREE Visa Sponsorship | Housekeeping in Australia| Move with Family,Immigration Hook,RJPwaaVojBg,@christopherbryanlabajo3583,2024-11-12 00:14:08+00:00,cleaner job Australia,youtube_comment
UgwZUVmSWOjw-ba-BkJ4AaABAg,commercial_cleaners,2024,2024-10,I M INTREST BUT HOW TO GET I M INDIAN,10,True,False,0,0,Cleaner Jobs in Australia with FREE Visa Sponsorship | Housekeeping in Australia| Move with Family,Immigration Hook,RJPwaaVojBg,@SELFLOVER3004,2024-10-19 08:14:23+00:00,cleaner job Australia,youtube_comment
Ugxr9iDFPi2N9pw9SgN4AaABAg,commercial_cleaners,2024,2024-10,I am From Indonesia and I want to be Cleaner in Australia,12,True,True,1,2,Cleaner Jobs in Australia with FREE Visa Sponsorship | Housekeeping in Australia| Move with Family,Immigration Hook,RJPwaaVojBg,@muhtarsajidin01,2024-10-17 04:56:59+00:00,cleaner job Australia,youtube_comment
Ugz-MUFslqMy-tnAP7V4AaABAg,commercial_cleaners,2024,2024-10,How to apply as cleaner,5,True,True,0,0,Cleaner Jobs in Australia with FREE Visa Sponsorship | Housekeeping in Australia| Move with Family,Immigration Hook,RJPwaaVojBg,@tak28eugida82,2024-10-06 17:53:55+00:00,cleaner job Australia,youtube_comment
Ugzk365c2WQnmMIjv0h4AaABAg,commercial_cleaners,2024,2024-09,hello am new here can i get application link,9,True,False,0,0,Cleaner Jobs in Australia with FREE Visa Sponsorship | Housekeeping in Australia| Move with Family,Immigration Hook,RJPwaaVojBg,@ruthmwangi1021,2024-09-21 06:38:13+00:00,cleaner job Australia,youtube_comment
UgyvCtrOfOM442HlpGh4AaABAg,commercial_cleaners,2024,2024-09,"I am also interesting, how can i apply",8,True,False,0,0,Cleaner Jobs in Australia with FREE Visa Sponsorship | Housekeeping in Australia| Move with Family,Immigration Hook,RJPwaaVojBg,@sheshupedaeda8688,2024-09-19 01:36:10+00:00,cleaner job Australia,youtube_comment
UgzmD9IRzJ3PTeTJRuJ4AaABAg,commercial_cleaners,2024,2024-07,I'm interested 11 years experience,5,True,False,0,0,Cleaner Jobs in Australia with FREE Visa Sponsorship | Housekeeping in Australia| Move with Family,Immigration Hook,RJPwaaVojBg,@MayaPakhrin-hy6dd,2024-07-23 14:34:29+00:00,cleaner job Australia,youtube_comment
Ugwy2OHNLfcpRWCkQ7t4AaABAg,commercial_cleaners,2024,2024-07,I.m interest 4 years experience,5,True,False,0,0,Cleaner Jobs in Australia with FREE Visa Sponsorship | Housekeeping in Australia| Move with Family,Immigration Hook,RJPwaaVojBg,@MohdKaleem-vc2uv,2024-07-11 03:34:05+00:00,cleaner job Australia,youtube_comment
Ugw80lNU1fnjTjU-hDR4AaABAg,commercial_cleaners,2024,2024-06,Hello maam.how to apply im here in hk,8,True,False,0,0,Cleaner Jobs in Australia with FREE Visa Sponsorship | Housekeeping in Australia| Move with Family,Immigration Hook,RJPwaaVojBg,@jeanulnagan-ev7zn,2024-06-18 03:50:15+00:00,cleaner job Australia,youtube_comment
UgxY2k7vciu9bXGc-Nh4AaABAg,commercial_cleaners,2024,2024-06,I'm interested please let me know how to apply,9,True,False,0,0,Cleaner Jobs in Australia with FREE Visa Sponsorship | Housekeeping in Australia| Move with Family,Immigration Hook,RJPwaaVojBg,@evelynsambas7843,2024-06-06 09:23:02+00:00,cleaner job Australia,youtube_comment
Ugxc0jH0ekq20Smoi554AaABAg,commercial_cleaners,2024,2024-05,"Please , application link 👏",5,True,False,0,2,Cleaner Jobs in Australia with FREE Visa Sponsorship | Housekeeping in Australia| Move with Family,Immigration Hook,RJPwaaVojBg,@hkesugs,2024-05-10 22:35:16+00:00,cleaner job Australia,youtube_comment
Ugwlscv4PgDd2-j2iAJ4AaABAg,commercial_cleaners,2026,2026-01,Completely FAKE.... Australians do not hire donkeys they hire highly skilled staff,12,True,False,0,0,Cleaner Jobs in Australia 🇦🇺 | Earn Big Salary | Top Job Portals #australia,Public Engine,OnERZSMNvGA,@harshadborade380,2026-01-17 10:08:50+00:00,cleaner job Australia,youtube_comment
Ugwazf7W03s9Wi7eMcl4AaABAg,commercial_cleaners,2025,2025-08,aap help karo mara please,5,True,False,1,0,Cleaner Jobs in Australia 🇦🇺 | Earn Big Salary | Top Job Portals #australia,Public Engine,OnERZSMNvGA,@danishcrypto-x2y,2025-08-23 04:18:07+00:00,cleaner job Australia,youtube_comment
Ugy79O8P33E73by1ZfB4AaABAg,commercial_cleaners,2025,2025-08,Sir c.v. cwar letter kese bnaye,6,True,False,0,0,Cleaner Jobs in Australia 🇦🇺 | Earn Big Salary | Top Job Portals #australia,Public Engine,OnERZSMNvGA,@SanjeetSingh-tb2po,2025-08-03 03:02:41+00:00,cleaner job Australia,youtube_comment
UgzaPjg6-cMTd9oy9L14AaABAg,commercial_cleaners,2025,2025-08,Jak tak tera jase log is duniya mein hein tb tak India kbhi sudhrega nhi,15,True,False,0,0,Cleaner Jobs in Australia 🇦🇺 | Earn Big Salary | Top Job Portals #australia,Public Engine,OnERZSMNvGA,@PratimChakraborty-s9u,2025-08-02 07:37:56+00:00,cleaner job Australia,youtube_comment
Ugwnxm45wqe-ScaYTAd4AaABAg,commercial_cleaners,2025,2025-08,Are bhai paisa bhi janay ka majboot lagayga,8,True,False,0,0,Cleaner Jobs in Australia 🇦🇺 | Earn Big Salary | Top Job Portals #australia,Public Engine,OnERZSMNvGA,@learningprocess4703,2025-08-01 11:40:38+00:00,cleaner job Australia,youtube_comment
Ugx03Lj1Q88cS1I6v-14AaABAg,commercial_cleaners,2025,2025-07,8th pass hu Job milega,5,True,False,0,0,Cleaner Jobs in Australia 🇦🇺 | Earn Big Salary | Top Job Portals #australia,Public Engine,OnERZSMNvGA,@RuralVlog012,2025-07-31 18:53:57+00:00,cleaner job Australia,youtube_comment
UgxtCUhR_DK7NplwrJd4AaABAg,commercial_cleaners,2026,2026-03,Kaya pa po ba 35 years old na ako? Pwede paba,11,True,False,0,0,SAHOD NG CLEANER SA AUSTRALIA | in-Demand Job sa Australia ang Cleaner | OFW FAMILY SA AUSTRALIA,BisdakOZ,JdobkPPTNbI,@stunningvideos6393,2026-03-06 03:19:49+00:00,cleaner job Australia,youtube_comment
Ugz0ZN7ZzHCt9PFbY-F4AaABAg,commercial_cleaners,2026,2026-03,Tatanong lang Po sir . Magkano po ba Ang gagastusin pag nag tourist visa dyan,15,True,False,0,0,SAHOD NG CLEANER SA AUSTRALIA | in-Demand Job sa Australia ang Cleaner | OFW FAMILY SA AUSTRALIA,BisdakOZ,JdobkPPTNbI,@Ranwamz,2026-03-01 07:15:51+00:00,cleaner job Australia,youtube_comment
Ugzir_EOT1OnJbDMiAV4AaABAg,commercial_cleaners,2026,2026-01,Paano mag apply dyan sa Australia kabayan,7,True,False,0,0,SAHOD NG CLEANER SA AUSTRALIA | in-Demand Job sa Australia ang Cleaner | OFW FAMILY SA AUSTRALIA,BisdakOZ,JdobkPPTNbI,@WilsonRipdos,2026-01-26 18:17:30+00:00,cleaner job Australia,youtube_comment
UgyxqTQTFOKAP0mCCnJ4AaABAg,commercial_cleaners,2026,2026-01,Parang ramdam ko ang sobrang pagod,6,True,False,0,0,SAHOD NG CLEANER SA AUSTRALIA | in-Demand Job sa Australia ang Cleaner | OFW FAMILY SA AUSTRALIA,BisdakOZ,JdobkPPTNbI,@GratefulHeart41,2026-01-13 15:57:25+00:00,cleaner job Australia,youtube_comment
UgygwOb0kmQLzjcx8LN4AaABAg,commercial_cleaners,2026,2026-01,Saan po kayo nag apply na agency sir?,8,True,False,0,0,SAHOD NG CLEANER SA AUSTRALIA | in-Demand Job sa Australia ang Cleaner | OFW FAMILY SA AUSTRALIA,BisdakOZ,JdobkPPTNbI,@kencristobal-g4m,2026-01-04 07:56:02+00:00,cleaner job Australia,youtube_comment
UgyA9SEYu1zWIrQSaIR4AaABAg,commercial_cleaners,2026,2026-01,Ano po agency mo Sir?,5,True,False,0,0,SAHOD NG CLEANER SA AUSTRALIA | in-Demand Job sa Australia ang Cleaner | OFW FAMILY SA AUSTRALIA,BisdakOZ,JdobkPPTNbI,@jonahavila9001,2026-01-03 11:31:22+00:00,cleaner job Australia,youtube_comment
UgyYmVRyxoeot86GiFV4AaABAg,commercial_cleaners,2026,2026-01,Pano mag apply ng cleaner sir?,6,True,True,0,0,SAHOD NG CLEANER SA AUSTRALIA | in-Demand Job sa Australia ang Cleaner | OFW FAMILY SA AUSTRALIA,BisdakOZ,JdobkPPTNbI,@jonahavila9001,2026-01-03 11:30:38+00:00,cleaner job Australia,youtube_comment
Ugw0ZoKUUroZ6ekNj4N4AaABAg,commercial_cleaners,2025,2025-12,"good day sir , same lang po sa ginagawa namen sa japan . meron po akong 1 year experience sa japan pano po ako maka punta dyan ? sana po matulungan nyo ko. God bless po",36,True,False,0,0,SAHOD NG CLEANER SA AUSTRALIA | in-Demand Job sa Australia ang Cleaner | OFW FAMILY SA AUSTRALIA,BisdakOZ,JdobkPPTNbI,@richmondlaude3088,2025-12-29 15:11:06+00:00,cleaner job Australia,youtube_comment
UgyK1RXba1UeNEB5TFx4AaABAg,commercial_cleaners,2025,2025-12,Anong agency po kayo idol?,5,True,False,0,0,SAHOD NG CLEANER SA AUSTRALIA | in-Demand Job sa Australia ang Cleaner | OFW FAMILY SA AUSTRALIA,BisdakOZ,JdobkPPTNbI,@tafushika7198,2025-12-27 02:21:03+00:00,cleaner job Australia,youtube_comment
Ugz5iGcO3MGnYnWgJ6d4AaABAg,commercial_cleaners,2025,2025-10,how po mag cross as cleaner from saudi to aus po??,11,True,True,0,0,SAHOD NG CLEANER SA AUSTRALIA | in-Demand Job sa Australia ang Cleaner | OFW FAMILY SA AUSTRALIA,BisdakOZ,JdobkPPTNbI,@SydneyFerrer-u4z,2025-10-29 16:57:32+00:00,cleaner job Australia,youtube_comment
Ugy0-RuerMuYE0um5Xt4AaABAg,commercial_cleaners,2025,2025-10,61 y o Po dishwasher cleaner Po ❤️💜♥️,8,True,True,1,0,SAHOD NG CLEANER SA AUSTRALIA | in-Demand Job sa Australia ang Cleaner | OFW FAMILY SA AUSTRALIA,BisdakOZ,JdobkPPTNbI,@luiscabreros6740,2025-10-25 13:56:10+00:00,cleaner job Australia,youtube_comment
Ugx4vntwj7D4cRFaWN54AaABAg,commercial_cleaners,2025,2025-08,Salute sir. San agency po kayo nag apply,8,True,False,0,0,SAHOD NG CLEANER SA AUSTRALIA | in-Demand Job sa Australia ang Cleaner | OFW FAMILY SA AUSTRALIA,BisdakOZ,JdobkPPTNbI,@berliemagan3944,2025-08-04 04:35:00+00:00,cleaner job Australia,youtube_comment
Ugz6ws8a_ZyA0bNodNV4AaABAg,commercial_cleaners,2025,2025-06,Kelangan pa po ng TESDA certificate dyan o kahit yung experience na lang at may age limit ba dyan sir???,20,True,False,0,0,SAHOD NG CLEANER SA AUSTRALIA | in-Demand Job sa Australia ang Cleaner | OFW FAMILY SA AUSTRALIA,BisdakOZ,JdobkPPTNbI,@GoodLordLmao,2025-06-08 08:48:45+00:00,cleaner job Australia,youtube_comment
UgyOYqyi-3xnaPRyfHN4AaABAg,commercial_cleaners,2025,2025-05,Sir Yung sa cowboy magkano po,6,True,False,0,0,SAHOD NG CLEANER SA AUSTRALIA | in-Demand Job sa Australia ang Cleaner | OFW FAMILY SA AUSTRALIA,BisdakOZ,JdobkPPTNbI,@NorolTupanan-p1e,2025-05-20 08:13:51+00:00,cleaner job Australia,youtube_comment
UgwPwl5Mrq-OFRWxAG54AaABAg,commercial_cleaners,2025,2025-04,"hello sir any agency namn po na alam nyo na ng dedeployed po nang cleaners jan s Australian?
Tia po",20,True,True,0,0,SAHOD NG CLEANER SA AUSTRALIA | in-Demand Job sa Australia ang Cleaner | OFW FAMILY SA AUSTRALIA,BisdakOZ,JdobkPPTNbI,@ladyg.minivlog8841,2025-04-16 13:45:45+00:00,cleaner job Australia,youtube_comment
UgyaB5-frpJAVKapc-t4AaABAg,commercial_cleaners,2025,2025-03,Paano po maka apply nang cleaner/partime job,7,True,True,0,0,SAHOD NG CLEANER SA AUSTRALIA | in-Demand Job sa Australia ang Cleaner | OFW FAMILY SA AUSTRALIA,BisdakOZ,JdobkPPTNbI,@jeraldinturato9802,2025-03-16 01:16:11+00:00,cleaner job Australia,youtube_comment
UgzwOW2MfuD53T7p9Wt4AaABAg,commercial_cleaners,2025,2025-02,San poh ang agency nnyo s pinas?,7,True,False,0,0,SAHOD NG CLEANER SA AUSTRALIA | in-Demand Job sa Australia ang Cleaner | OFW FAMILY SA AUSTRALIA,BisdakOZ,JdobkPPTNbI,@joanneseguin5970,2025-02-24 09:32:57+00:00,cleaner job Australia,youtube_comment
Ugy594DdVN97OU-CB-t4AaABAg,commercial_cleaners,2025,2025-01,"May limit ba,Ag kungbelang taon kana mag tarbaho",8,True,False,0,0,SAHOD NG CLEANER SA AUSTRALIA | in-Demand Job sa Australia ang Cleaner | OFW FAMILY SA AUSTRALIA,BisdakOZ,JdobkPPTNbI,@Edgardo-g6w,2025-01-07 13:26:44+00:00,cleaner job Australia,youtube_comment
UgyKBYrVJIIkeNHIZNl4AaABAg,commercial_cleaners,2025,2025-01,May lemit ba Ag kun elang taon kana mag tarbaho,10,True,False,0,0,SAHOD NG CLEANER SA AUSTRALIA | in-Demand Job sa Australia ang Cleaner | OFW FAMILY SA AUSTRALIA,BisdakOZ,JdobkPPTNbI,@Edgardo-g6w,2025-01-07 13:25:23+00:00,cleaner job Australia,youtube_comment
Ugw5ouD-S2YyQccgMwR4AaABAg,commercial_cleaners,2025,2025-01,May lemit ba Ag kun elang taon kana mag tarbaho,10,True,False,0,0,SAHOD NG CLEANER SA AUSTRALIA | in-Demand Job sa Australia ang Cleaner | OFW FAMILY SA AUSTRALIA,BisdakOZ,JdobkPPTNbI,@Edgardo-g6w,2025-01-07 13:25:22+00:00,cleaner job Australia,youtube_comment
Ugwtb0X65IedisHVpfJ4AaABAg,commercial_cleaners,2025,2025-01,Maylemit ba Ag edad sa uastrilia,6,True,False,0,0,SAHOD NG CLEANER SA AUSTRALIA | in-Demand Job sa Australia ang Cleaner | OFW FAMILY SA AUSTRALIA,BisdakOZ,JdobkPPTNbI,@Edgardo-g6w,2025-01-07 13:23:27+00:00,cleaner job Australia,youtube_comment
UgyLzNwX1uZ-4_q_TAF4AaABAg,commercial_cleaners,2024,2024-12,"Very inspiring po. Sir,pwede po matanong po, saan pong lugar yung frame po nasa likuran po ninyo.",17,True,False,0,0,SAHOD NG CLEANER SA AUSTRALIA | in-Demand Job sa Australia ang Cleaner | OFW FAMILY SA AUSTRALIA,BisdakOZ,JdobkPPTNbI,@frankdarylbaculi283,2024-12-30 08:04:46+00:00,cleaner job Australia,youtube_comment
UgyRylNK5dlXfZbZ2nR4AaABAg,commercial_cleaners,2024,2024-12,Pwedi po ba ang babae mag janitor dyn,8,True,True,0,0,SAHOD NG CLEANER SA AUSTRALIA | in-Demand Job sa Australia ang Cleaner | OFW FAMILY SA AUSTRALIA,BisdakOZ,JdobkPPTNbI,@yengtandancapale4449,2024-12-03 14:27:12+00:00,cleaner job Australia,youtube_comment
UgzWoz7reh1rsxLRUpZ4AaABAg,commercial_cleaners,2024,2024-09,"Hello sir napanood ko po vlogs nyo,ask ko lng sir kung worht it po ba lumipat jn sa Australia 35p/h po ang offer and 38hrs a week as machine operator,andto po ako sa europe work as cnc operator,ang sahod ko po dto is 90k php nkakapagpdla po ako ng 60k php monthly.ask ko lng sir if mas ok po jan sa Australia",62,True,False,0,0,SAHOD NG CLEANER SA AUSTRALIA | in-Demand Job sa Australia ang Cleaner | OFW FAMILY SA AUSTRALIA,BisdakOZ,JdobkPPTNbI,@jaybautista8921,2024-09-28 09:09:15+00:00,cleaner job Australia,youtube_comment
UgxK5dSoOQiKkplC_JJ4AaABAg,commercial_cleaners,2024,2024-09,"Nakakarelate ako sa experienced ko during my stay in australia,b4 back home ,i make it a point to do some earnings,di naman heavy work,di naman talagang marumi ang mga pinapalinis,at depende lang kung ani ang ipapagawa l g sayo not the whole area n is cash on hand..nag worked din ako sa isang garment,parang halos lipas oras lng kumikita ka na..wag ka lang pasosyal n self pity ang daling kumita sa australia..",72,True,False,0,0,SAHOD NG CLEANER SA AUSTRALIA | in-Demand Job sa Australia ang Cleaner | OFW FAMILY SA AUSTRALIA,BisdakOZ,JdobkPPTNbI,@estrelladesacola9342,2024-09-19 04:58:06+00:00,cleaner job Australia,youtube_comment
Ugwhr_NRTSo2A13jB3x4AaABAg,commercial_cleaners,2024,2024-09,Sir iingi nga sana ako ng idia sainyo na nag apply palang po ako papuntang Australia bus driver yung inap applyan ko subra dame po namin dito nag apply diko alam kung ilan lang kukunin nila.pangarap ko sana makarating jan ano nga pala ang intriviw jan sana po matulongan ninyo ako idol,52,True,False,0,0,SAHOD NG CLEANER SA AUSTRALIA | in-Demand Job sa Australia ang Cleaner | OFW FAMILY SA AUSTRALIA,BisdakOZ,JdobkPPTNbI,@JaimeCayetano-r5s,2024-09-17 05:05:20+00:00,cleaner job Australia,youtube_comment
UgzSw0GhsR2NUvHd7ZV4AaABAg,commercial_cleaners,2024,2024-09,Poyde ba kame mag aplay Jan kahit elementary lang ang natapus,11,True,False,0,0,SAHOD NG CLEANER SA AUSTRALIA | in-Demand Job sa Australia ang Cleaner | OFW FAMILY SA AUSTRALIA,BisdakOZ,JdobkPPTNbI,@farming-w9z,2024-09-01 08:33:33+00:00,cleaner job Australia,youtube_comment
UgxQOYJdr9_C-QA_Xs14AaABAg,commercial_cleaners,2024,2024-08,Wow sipag at tiyaga lang sir malayo ang mararating mo kasama na family mo God bless,16,True,False,0,0,SAHOD NG CLEANER SA AUSTRALIA | in-Demand Job sa Australia ang Cleaner | OFW FAMILY SA AUSTRALIA,BisdakOZ,JdobkPPTNbI,@imeesiasat6086,2024-08-22 02:11:18+00:00,cleaner job Australia,youtube_comment
Ugx1i_n4u4tTds97Rxt4AaABAg,commercial_cleaners,2024,2024-08,"good day kabayan
 baka pp me alam k jn aGency para s work po n mananahi po(sewer po kabayan
sn mpnsin po nio ako thanks 4 sharig Godbless u kabayan",30,True,False,0,0,SAHOD NG CLEANER SA AUSTRALIA | in-Demand Job sa Australia ang Cleaner | OFW FAMILY SA AUSTRALIA,BisdakOZ,JdobkPPTNbI,@albertbaron6915,2024-08-06 23:04:50+00:00,cleaner job Australia,youtube_comment
UgwqaFR8k7ZN3vwFy5x4AaABAg,commercial_cleaners,2024,2024-08,"Gudday po sir,may i ask po if until now po ba year 2024 hiring pa po ba ang cleaners po Jan Australia...",22,True,True,0,0,SAHOD NG CLEANER SA AUSTRALIA | in-Demand Job sa Australia ang Cleaner | OFW FAMILY SA AUSTRALIA,BisdakOZ,JdobkPPTNbI,@JennyannDogyu-an,2024-08-03 02:34:48+00:00,cleaner job Australia,youtube_comment
Ugw_sx6XIrpWYrhxact4AaABAg,commercial_cleaners,2024,2024-07,Sir.pwede bah mkpunta ka jan mgwork kong my mg sponsor visa sayo?,12,True,False,0,0,SAHOD NG CLEANER SA AUSTRALIA | in-Demand Job sa Australia ang Cleaner | OFW FAMILY SA AUSTRALIA,BisdakOZ,JdobkPPTNbI,@cristine8801,2024-07-24 17:31:13+00:00,cleaner job Australia,youtube_comment
UgxOAlE8jwFPPOAfHh94AaABAg,commercial_cleaners,2024,2024-07,Or anong agency po pwede makpunta jan?,7,True,False,0,0,SAHOD NG CLEANER SA AUSTRALIA | in-Demand Job sa Australia ang Cleaner | OFW FAMILY SA AUSTRALIA,BisdakOZ,JdobkPPTNbI,@cristine8801,2024-07-24 17:27:31+00:00,cleaner job Australia,youtube_comment
UgxHJhuORZu_xgofTOp4AaABAg,commercial_cleaners,2024,2024-07,Pwede ba maka apply Kong tourist visa ka lang jan,10,True,False,0,0,SAHOD NG CLEANER SA AUSTRALIA | in-Demand Job sa Australia ang Cleaner | OFW FAMILY SA AUSTRALIA,BisdakOZ,JdobkPPTNbI,@cristine8801,2024-07-24 17:27:09+00:00,cleaner job Australia,youtube_comment
UgwpXJeYFtG9wPMP4zl4AaABAg,commercial_cleaners,2024,2024-06,Unsay link boss naka tambay ko hehhe,7,True,False,0,0,SAHOD NG CLEANER SA AUSTRALIA | in-Demand Job sa Australia ang Cleaner | OFW FAMILY SA AUSTRALIA,BisdakOZ,JdobkPPTNbI,@TheFriendlycatghost,2024-06-08 10:00:33+00:00,cleaner job Australia,youtube_comment
Ugz3sBbxzztcZGKBZOh4AaABAg,commercial_cleaners,2024,2024-06,Sir ano pong visa gamit nyo po ?,8,True,False,0,0,SAHOD NG CLEANER SA AUSTRALIA | in-Demand Job sa Australia ang Cleaner | OFW FAMILY SA AUSTRALIA,BisdakOZ,JdobkPPTNbI,@bartalarde6912,2024-06-03 17:22:37+00:00,cleaner job Australia,youtube_comment
UgzftmeGFG1C4tqiwEB4AaABAg,commercial_cleaners,2024,2024-05,Sir paano po mag apaly as ah cleaner poh,9,True,True,0,0,SAHOD NG CLEANER SA AUSTRALIA | in-Demand Job sa Australia ang Cleaner | OFW FAMILY SA AUSTRALIA,BisdakOZ,JdobkPPTNbI,@Juvaniedacuag,2024-05-23 02:58:18+00:00,cleaner job Australia,youtube_comment
UgzsYjHwDXoUMQ9oLNV4AaABAg,commercial_cleaners,2024,2024-05,Sir paano pong process ng pagpunta jan at magkatrabaho po agad,11,True,False,0,0,SAHOD NG CLEANER SA AUSTRALIA | in-Demand Job sa Australia ang Cleaner | OFW FAMILY SA AUSTRALIA,BisdakOZ,JdobkPPTNbI,@donnademesa1912,2024-05-15 03:19:08+00:00,cleaner job Australia,youtube_comment
Ugx9jjgUS7yWllqulDJ4AaABAg,commercial_cleaners,2024,2024-04,Salamat sa pag share ng experience mo jan.,8,True,False,0,0,SAHOD NG CLEANER SA AUSTRALIA | in-Demand Job sa Australia ang Cleaner | OFW FAMILY SA AUSTRALIA,BisdakOZ,JdobkPPTNbI,@Happy_Life794,2024-04-12 08:15:06+00:00,cleaner job Australia,youtube_comment
UgzhXI4XM1mloly637t4AaABAg,commercial_cleaners,2024,2024-04,Ka bisdak gusto ko po mag trabaho Jan baka matulongan Nyo po Kong paano mag apply,16,True,False,0,0,SAHOD NG CLEANER SA AUSTRALIA | in-Demand Job sa Australia ang Cleaner | OFW FAMILY SA AUSTRALIA,BisdakOZ,JdobkPPTNbI,@KendrickOllagangi,2024-04-03 10:58:30+00:00,cleaner job Australia,youtube_comment
Ugy6Xzi3pVPASXAb5Bl4AaABAg,commercial_cleaners,2024,2024-03,Aspiring din po ako maka trabaho dyan sana soon kung palarin maka trabaho kita ❤,15,True,False,0,0,SAHOD NG CLEANER SA AUSTRALIA | in-Demand Job sa Australia ang Cleaner | OFW FAMILY SA AUSTRALIA,BisdakOZ,JdobkPPTNbI,@johnglenntagra9457,2024-03-30 12:12:04+00:00,cleaner job Australia,youtube_comment
UgxR5C_t8Wnd3PNZNqh4AaABAg,commercial_cleaners,2024,2024-03,"Hi, brother, puede ako mag apply Dyan bilang cleaner highschool grad,paano at saan puede mag apply
Wala bang age limit
At mayron akong driver License Sana mabasa mo to. God bless you!!!",32,True,True,0,0,SAHOD NG CLEANER SA AUSTRALIA | in-Demand Job sa Australia ang Cleaner | OFW FAMILY SA AUSTRALIA,BisdakOZ,JdobkPPTNbI,@VanessaMonares-z4c,2024-03-27 23:32:34+00:00,cleaner job Australia,youtube_comment
UgwEFtRpvdlL0lfzixB4AaABAg,commercial_cleaners,2024,2024-03,Please help me Ma'am Sir for work,7,True,False,0,0,SAHOD NG CLEANER SA AUSTRALIA | in-Demand Job sa Australia ang Cleaner | OFW FAMILY SA AUSTRALIA,BisdakOZ,JdobkPPTNbI,@CharlitaMagan,2024-03-22 23:42:05+00:00,cleaner job Australia,youtube_comment
UgzmmlOJMjLnw_-Wg9J4AaABAg,commercial_cleaners,2024,2024-03,Hi Sir Ma'am Gusto ko po maka punta sa Australia maka pag work,13,True,False,0,0,SAHOD NG CLEANER SA AUSTRALIA | in-Demand Job sa Australia ang Cleaner | OFW FAMILY SA AUSTRALIA,BisdakOZ,JdobkPPTNbI,@CharlitaMagan,2024-03-22 23:41:19+00:00,cleaner job Australia,youtube_comment
UgyfByMAvf4m-z8KEBR4AaABAg,commercial_cleaners,2024,2024-03,Hello Sir Ma'am pa ano po ako mag apply para maka pag trabaho sa Australia?,15,True,False,0,0,SAHOD NG CLEANER SA AUSTRALIA | in-Demand Job sa Australia ang Cleaner | OFW FAMILY SA AUSTRALIA,BisdakOZ,JdobkPPTNbI,@CharlitaMagan,2024-03-22 23:39:42+00:00,cleaner job Australia,youtube_comment
Ugxo2WLmq1-JT5oMBH54AaABAg,commercial_cleaners,2024,2024-03,"Salute sayu sir 
May mga babae dn po bng ckeaers jaan",11,True,False,0,0,SAHOD NG CLEANER SA AUSTRALIA | in-Demand Job sa Australia ang Cleaner | OFW FAMILY SA AUSTRALIA,BisdakOZ,JdobkPPTNbI,@lillieanndelrosario9069,2024-03-21 02:36:49+00:00,cleaner job Australia,youtube_comment
Ugyj1eUFwJmkmI1TSh14AaABAg,commercial_cleaners,2024,2024-03,Hello po. Saan po kayo nag-apply? and pano po kayo nakarating jan. Salamat po😊,14,True,False,0,0,SAHOD NG CLEANER SA AUSTRALIA | in-Demand Job sa Australia ang Cleaner | OFW FAMILY SA AUSTRALIA,BisdakOZ,JdobkPPTNbI,@MavicBusto,2024-03-15 06:02:59+00:00,cleaner job Australia,youtube_comment
UgySqVGRtWze9N_Nxlh4AaABAg,commercial_cleaners,2024,2024-01,Sir pede po ako matanong po sir ano po bang legit na. Pede kopo ma aplyan dyan sa australia,19,True,False,0,0,SAHOD NG CLEANER SA AUSTRALIA | in-Demand Job sa Australia ang Cleaner | OFW FAMILY SA AUSTRALIA,BisdakOZ,JdobkPPTNbI,@emmesante9219,2024-01-30 13:26:48+00:00,cleaner job Australia,youtube_comment
UgwpEeKH_1lHIn08ead4AaABAg,commercial_cleaners,2024,2024-01,Pano o Anong visa Ang madali makarating Dyan?,8,True,False,0,0,SAHOD NG CLEANER SA AUSTRALIA | in-Demand Job sa Australia ang Cleaner | OFW FAMILY SA AUSTRALIA,BisdakOZ,JdobkPPTNbI,@MaritaMacalinaoGuevarra,2024-01-13 13:38:58+00:00,cleaner job Australia,youtube_comment
UgzD0vi44s1jnzhnvcd4AaABAg,commercial_cleaners,2024,2024-01,ser gosto ko ma tarabaw jians pa ano po..may passport ako ser,12,True,False,0,0,SAHOD NG CLEANER SA AUSTRALIA | in-Demand Job sa Australia ang Cleaner | OFW FAMILY SA AUSTRALIA,BisdakOZ,JdobkPPTNbI,@IzhamAbrahami-zc3lb,2024-01-01 15:00:15+00:00,cleaner job Australia,youtube_comment
Ugzf5D5JUUMrhLlB6TN4AaABAg,commercial_cleaners,2023,2023-11,Boss how to apply as a office cleaner,8,True,True,0,0,SAHOD NG CLEANER SA AUSTRALIA | in-Demand Job sa Australia ang Cleaner | OFW FAMILY SA AUSTRALIA,BisdakOZ,JdobkPPTNbI,@RonhaldzkieSabate,2023-11-27 06:35:51+00:00,cleaner job Australia,youtube_comment
UgyineVKsW9oXlMkPSx4AaABAg,commercial_cleaners,2023,2023-11,"Kiuya, May tumatanggap ba as cleaner nang walang experience?",9,True,True,0,2,SAHOD NG CLEANER SA AUSTRALIA | in-Demand Job sa Australia ang Cleaner | OFW FAMILY SA AUSTRALIA,BisdakOZ,JdobkPPTNbI,@michaelangeloyang1431,2023-11-19 09:05:07+00:00,cleaner job Australia,youtube_comment
UgxD00kHyrXy-SWpBUl4AaABAg,commercial_cleaners,2023,2023-10,sir paano kau nkpunta jn,5,True,False,0,0,SAHOD NG CLEANER SA AUSTRALIA | in-Demand Job sa Australia ang Cleaner | OFW FAMILY SA AUSTRALIA,BisdakOZ,JdobkPPTNbI,@Sengen-21,2023-10-17 05:53:45+00:00,cleaner job Australia,youtube_comment
UgwuSVKiV-on31ZeQWR4AaABAg,commercial_cleaners,2023,2023-09,Sir pwede po ba ako mag apply jan kahit undergraduate,10,True,False,0,0,SAHOD NG CLEANER SA AUSTRALIA | in-Demand Job sa Australia ang Cleaner | OFW FAMILY SA AUSTRALIA,BisdakOZ,JdobkPPTNbI,@yanzenpalapar9310,2023-09-15 14:10:23+00:00,cleaner job Australia,youtube_comment
Ugy_b0o7JUB6b7-jeLZ4AaABAg,commercial_cleaners,2023,2023-08,Mura lang po ang milk dyan..Mas malaki pa po ang tax dito sa Pinas kesa dyan,16,True,False,0,0,SAHOD NG CLEANER SA AUSTRALIA | in-Demand Job sa Australia ang Cleaner | OFW FAMILY SA AUSTRALIA,BisdakOZ,JdobkPPTNbI,@sophiamonroe2433,2023-08-09 02:42:57+00:00,cleaner job Australia,youtube_comment
UgxBbyXm0CXsJ0AnCOt4AaABAg,commercial_cleaners,2023,2023-08,House to house diay imong trabaho,6,True,False,0,0,SAHOD NG CLEANER SA AUSTRALIA | in-Demand Job sa Australia ang Cleaner | OFW FAMILY SA AUSTRALIA,BisdakOZ,JdobkPPTNbI,@josephineceloy5988,2023-08-03 22:49:24+00:00,cleaner job Australia,youtube_comment
Ugzhlau6y-0rGA_8bCF4AaABAg,commercial_cleaners,2023,2023-08,Cleaner din ako ng airport sa dubai,7,True,True,0,0,SAHOD NG CLEANER SA AUSTRALIA | in-Demand Job sa Australia ang Cleaner | OFW FAMILY SA AUSTRALIA,BisdakOZ,JdobkPPTNbI,@josephineceloy5988,2023-08-03 22:45:10+00:00,cleaner job Australia,youtube_comment
UgxlKGp2kc7zZqMeXht4AaABAg,commercial_cleaners,2023,2023-08,Taga hugas nlang plato nlang or ka bisdak,8,True,False,0,0,SAHOD NG CLEANER SA AUSTRALIA | in-Demand Job sa Australia ang Cleaner | OFW FAMILY SA AUSTRALIA,BisdakOZ,JdobkPPTNbI,@josephineceloy5988,2023-08-03 22:44:05+00:00,cleaner job Australia,youtube_comment
UgyWubSRhKB4cIFGkAt4AaABAg,commercial_cleaners,2023,2023-08,Salute sir para sa pamilya ningkamot jud!,7,True,False,0,0,SAHOD NG CLEANER SA AUSTRALIA | in-Demand Job sa Australia ang Cleaner | OFW FAMILY SA AUSTRALIA,BisdakOZ,JdobkPPTNbI,@kwinieeeie,2023-08-01 09:27:36+00:00,cleaner job Australia,youtube_comment
UgyOYShTk-8gFzMcAkd4AaABAg,commercial_cleaners,2023,2023-07,anong visa po gamit nyo dyan. at agency po ba kyo ?,12,True,False,0,0,SAHOD NG CLEANER SA AUSTRALIA | in-Demand Job sa Australia ang Cleaner | OFW FAMILY SA AUSTRALIA,BisdakOZ,JdobkPPTNbI,@caths_Squad,2023-07-25 05:34:24+00:00,cleaner job Australia,youtube_comment
UgxBBu7qq5_ZP0IGkdN4AaABAg,commercial_cleaners,2023,2023-07,Gudeve sir anung agency po dto sa pinas pde magpasa ng resume..Salamat po,13,True,False,0,0,SAHOD NG CLEANER SA AUSTRALIA | in-Demand Job sa Australia ang Cleaner | OFW FAMILY SA AUSTRALIA,BisdakOZ,JdobkPPTNbI,@jonaldsalas791,2023-07-22 15:46:04+00:00,cleaner job Australia,youtube_comment
Ugx0EB3b4HPCVmODKKN4AaABAg,commercial_cleaners,2023,2023-07,"Mahilig ka mang-atat atat. Di pa sabihin agad. $28 to $31/hour dito ang sahod, may $35 din. Mining site cleaner $40 to 41 per hour at $55/hour para sa Drag line cleaner.",32,True,True,0,1,SAHOD NG CLEANER SA AUSTRALIA | in-Demand Job sa Australia ang Cleaner | OFW FAMILY SA AUSTRALIA,BisdakOZ,JdobkPPTNbI,@gilnebres3119,2023-07-19 02:26:07+00:00,cleaner job Australia,youtube_comment
UgyOi1mHjJIsGhUNeWx4AaABAg,commercial_cleaners,2023,2023-07,Papaano po makapag apply as a cleaner kasi Dami ko Ng experance DTo sa pinas,15,True,True,0,0,SAHOD NG CLEANER SA AUSTRALIA | in-Demand Job sa Australia ang Cleaner | OFW FAMILY SA AUSTRALIA,BisdakOZ,JdobkPPTNbI,@boyetasutilla3187,2023-07-07 01:01:34+00:00,cleaner job Australia,youtube_comment
UgyrLJEuc3Dzb2CORc54AaABAg,commercial_cleaners,2023,2023-06,Sir pwede kaya ako makpag apply kahit tourist??,8,True,False,0,0,SAHOD NG CLEANER SA AUSTRALIA | in-Demand Job sa Australia ang Cleaner | OFW FAMILY SA AUSTRALIA,BisdakOZ,JdobkPPTNbI,@elinorbarrion8487,2023-06-27 06:10:45+00:00,cleaner job Australia,youtube_comment
UgxlFOuyJhu7j0S0CPF4AaABAg,commercial_cleaners,2023,2023-06,Ka bisdak san agency ka po nag aply?,8,True,False,0,0,SAHOD NG CLEANER SA AUSTRALIA | in-Demand Job sa Australia ang Cleaner | OFW FAMILY SA AUSTRALIA,BisdakOZ,JdobkPPTNbI,@myjapanstory,2023-06-21 17:50:53+00:00,cleaner job Australia,youtube_comment
UgyNfQe3SpCL3vCxrd94AaABAg,commercial_cleaners,2023,2023-06,Ask sir may Alam kbang agency legit dito sa pinas,10,True,False,0,0,SAHOD NG CLEANER SA AUSTRALIA | in-Demand Job sa Australia ang Cleaner | OFW FAMILY SA AUSTRALIA,BisdakOZ,JdobkPPTNbI,@applejay2493,2023-06-16 02:30:02+00:00,cleaner job Australia,youtube_comment
Ugxvv_m-ShgV3aJs-tZ4AaABAg,commercial_cleaners,2023,2023-05,May age limit po ba at may plcement fee,9,True,False,0,0,SAHOD NG CLEANER SA AUSTRALIA | in-Demand Job sa Australia ang Cleaner | OFW FAMILY SA AUSTRALIA,BisdakOZ,JdobkPPTNbI,@DokomRojo,2023-05-31 00:32:52+00:00,cleaner job Australia,youtube_comment
UgwWSojQ8tJ0VIqZshR4AaABAg,commercial_cleaners,2023,2023-05,"Paano ka nakapunta jan sir at anung agency mo,very interested sir pls",12,True,False,0,0,SAHOD NG CLEANER SA AUSTRALIA | in-Demand Job sa Australia ang Cleaner | OFW FAMILY SA AUSTRALIA,BisdakOZ,JdobkPPTNbI,@IsabelOnda-b1t,2023-05-27 05:48:00+00:00,cleaner job Australia,youtube_comment
Ugyxc4h8-EzJeeXLFf94AaABAg,commercial_cleaners,2023,2023-05,Paano mag apply sa australia ng cleaner or janitor😊,9,True,True,0,0,SAHOD NG CLEANER SA AUSTRALIA | in-Demand Job sa Australia ang Cleaner | OFW FAMILY SA AUSTRALIA,BisdakOZ,JdobkPPTNbI,@wellscadachannel9614,2023-05-25 00:12:26+00:00,cleaner job Australia,youtube_comment
Ugyfr5NRndo1DJG0Lhl4AaABAg,commercial_cleaners,2023,2023-05,Kabayan paano Po ba Maka apply n g cleaning job Dyan sa canada,13,True,True,0,0,SAHOD NG CLEANER SA AUSTRALIA | in-Demand Job sa Australia ang Cleaner | OFW FAMILY SA AUSTRALIA,BisdakOZ,JdobkPPTNbI,@ma.lourdesvaldez7730,2023-05-21 15:09:25+00:00,cleaner job Australia,youtube_comment
UgxxuPco7uTywnTVEhV4AaABAg,commercial_cleaners,2023,2023-05,"Thanks Bisdak 
God bless sipag mo Po ..
Fuill watched Po 
Support your channel .❤😊",15,True,False,0,0,SAHOD NG CLEANER SA AUSTRALIA | in-Demand Job sa Australia ang Cleaner | OFW FAMILY SA AUSTRALIA,BisdakOZ,JdobkPPTNbI,@Earth1758,2023-05-19 11:52:15+00:00,cleaner job Australia,youtube_comment
UgyglK2Uc9URJScvlMN4AaABAg,commercial_cleaners,2023,2023-05,Hiring pp ba kayo SA company ninyo .. pa hep nman at share pp,14,True,False,0,0,SAHOD NG CLEANER SA AUSTRALIA | in-Demand Job sa Australia ang Cleaner | OFW FAMILY SA AUSTRALIA,BisdakOZ,JdobkPPTNbI,@melissalim8215,2023-05-18 20:07:49+00:00,cleaner job Australia,youtube_comment
UgxXJzElTZE72oKxnVV4AaABAg,commercial_cleaners,2023,2023-05,Cleaning service dn ang trabaho ko sa westfield.kotara nsw,9,True,True,0,0,SAHOD NG CLEANER SA AUSTRALIA | in-Demand Job sa Australia ang Cleaner | OFW FAMILY SA AUSTRALIA,BisdakOZ,JdobkPPTNbI,@redcastro5743,2023-05-16 07:08:30+00:00,cleaner job Australia,youtube_comment
UgxreTqabtLtQTW22eZ4AaABAg,commercial_cleaners,2023,2023-05,Mga kabayan sana matulungan nyo AQ maka work Jan sa Australia marunong po AQ janitor or plywood work magandang araw salamat mga kabayan gudnon,24,True,True,0,0,SAHOD NG CLEANER SA AUSTRALIA | in-Demand Job sa Australia ang Cleaner | OFW FAMILY SA AUSTRALIA,BisdakOZ,JdobkPPTNbI,@SilvestreLoterte-mg8bw,2023-05-09 06:20:03+00:00,cleaner job Australia,youtube_comment
Ugx4C1tI7rEQ3oN-NZJ4AaABAg,commercial_cleaners,2023,2023-05,Anong agency ba ang nagpapaalis papuntang Australia?,7,True,False,0,0,SAHOD NG CLEANER SA AUSTRALIA | in-Demand Job sa Australia ang Cleaner | OFW FAMILY SA AUSTRALIA,BisdakOZ,JdobkPPTNbI,@MlbbUnofficial026,2023-05-08 08:20:03+00:00,cleaner job Australia,youtube_comment
Ugx-icwHsMKCe0_cTWZ4AaABAg,commercial_cleaners,2023,2023-05,"ang mahalaga wala ka naging kaaway at na enjoy mo yong work sir. walang taong nag mamanman sayo, walang marites at marisol sa trabaho....yan sir..congrats sir",26,True,False,0,0,SAHOD NG CLEANER SA AUSTRALIA | in-Demand Job sa Australia ang Cleaner | OFW FAMILY SA AUSTRALIA,BisdakOZ,JdobkPPTNbI,@bisayakangdako3197,2023-05-05 15:25:16+00:00,cleaner job Australia,youtube_comment
UgyB75CLyxDiUsDS8aR4AaABAg,commercial_cleaners,2023,2023-05,❤❤❤ papaano makaka-avail apply sa Australia. Saan po ba agency dito sa pinas,13,True,False,0,0,SAHOD NG CLEANER SA AUSTRALIA | in-Demand Job sa Australia ang Cleaner | OFW FAMILY SA AUSTRALIA,BisdakOZ,JdobkPPTNbI,@exoduscolosas9375,2023-05-02 15:43:11+00:00,cleaner job Australia,youtube_comment
UgzdfEB14u3T6ZUsYDV4AaABAg,commercial_cleaners,2023,2023-05,un lang diko kabalo mo drive 😂😂😂😂,7,True,False,0,0,SAHOD NG CLEANER SA AUSTRALIA | in-Demand Job sa Australia ang Cleaner | OFW FAMILY SA AUSTRALIA,BisdakOZ,JdobkPPTNbI,@jizagumimba1338,2023-05-02 01:34:02+00:00,cleaner job Australia,youtube_comment
UgyV_f3dranwitY-9u14AaABAg,commercial_cleaners,2023,2023-05,hi sir paapply ko dra mag cleaner be aha kapoy tambay dere sa aussi😂 wala koi kaila puru balay ako silingan😂😂😂😂,21,True,True,0,0,SAHOD NG CLEANER SA AUSTRALIA | in-Demand Job sa Australia ang Cleaner | OFW FAMILY SA AUSTRALIA,BisdakOZ,JdobkPPTNbI,@jizagumimba1338,2023-05-02 01:33:04+00:00,cleaner job Australia,youtube_comment
Ugz5Y_8u9fuVd7vjDAZ4AaABAg,commercial_cleaners,2023,2023-04,Kailangan po ng mataas ang pinagaralan para makapagapply sa AU.,10,True,False,0,0,SAHOD NG CLEANER SA AUSTRALIA | in-Demand Job sa Australia ang Cleaner | OFW FAMILY SA AUSTRALIA,BisdakOZ,JdobkPPTNbI,@jessiematubis512,2023-04-24 08:31:39+00:00,cleaner job Australia,youtube_comment
UgzCUzizLWMJtEfCaNZ4AaABAg,commercial_cleaners,2023,2023-04,GALING mo master sbrang nakaka inspired sana bukas jan na din ako sa australia,14,True,False,0,0,SAHOD NG CLEANER SA AUSTRALIA | in-Demand Job sa Australia ang Cleaner | OFW FAMILY SA AUSTRALIA,BisdakOZ,JdobkPPTNbI,@TheCampersvibes,2023-04-22 16:42:33+00:00,cleaner job Australia,youtube_comment
Ugw_IULksyRjTNScpyV4AaABAg,commercial_cleaners,2023,2023-04,Sir my age limit po ba Ang cleaner/janitor Jan sa Australia?,11,True,True,0,0,SAHOD NG CLEANER SA AUSTRALIA | in-Demand Job sa Australia ang Cleaner | OFW FAMILY SA AUSTRALIA,BisdakOZ,JdobkPPTNbI,@buddypayumo6029,2023-04-22 11:01:39+00:00,cleaner job Australia,youtube_comment
UgxPP_UPbSlzHRpdIUR4AaABAg,commercial_cleaners,2023,2023-04,Sir ano po mga requirements pg student visa? Sana mo po aq,12,True,False,0,0,SAHOD NG CLEANER SA AUSTRALIA | in-Demand Job sa Australia ang Cleaner | OFW FAMILY SA AUSTRALIA,BisdakOZ,JdobkPPTNbI,@relanbgocon2374,2023-04-19 15:09:49+00:00,cleaner job Australia,youtube_comment
Ugx9orKNfsDPVc53Rap4AaABAg,commercial_cleaners,2023,2023-04,Wow sir very great information po..sanna po marami po kaung matulungan na kababayan natin..,14,True,False,0,0,SAHOD NG CLEANER SA AUSTRALIA | in-Demand Job sa Australia ang Cleaner | OFW FAMILY SA AUSTRALIA,BisdakOZ,JdobkPPTNbI,@ma.mardinahpiano4185,2023-04-17 12:32:39+00:00,cleaner job Australia,youtube_comment
UgzboNWYxjjdYgIawtF4AaABAg,commercial_cleaners,2023,2023-04,Gustong gusto kong mag trabaho dyan patulong po nman sir,10,True,False,0,0,SAHOD NG CLEANER SA AUSTRALIA | in-Demand Job sa Australia ang Cleaner | OFW FAMILY SA AUSTRALIA,BisdakOZ,JdobkPPTNbI,@SabijonTerencio-qh9kw,2023-04-15 11:26:17+00:00,cleaner job Australia,youtube_comment
UgyLsh-3MzA8yNXVjuF4AaABAg,commercial_cleaners,2026,2026-05,"I worked as a messman on a cargo ship for almost 3 years. Experienced bulk food preparation for 20 plus crews onboard and practiced food safety handling, provisions and inventory. Is it possible for me to be hired as kitchen hand or housekeeping attendant/utility? 
Is there an agency here in the Philippines hiring fifo workers to Australia?",57,True,False,0,0,FIFO Cleaners Job Australia 🇦🇺 | $100k + Salary 😍,FIFO,KmFEU59YBfg,@yhongtv,2026-05-04 15:09:05+00:00,cleaner job Australia,youtube_comment
UgwVhC4Sv5s2_bS5cYN4AaABAg,commercial_cleaners,2026,2026-04,How much do you have your daily salary??? I heard you tell me $100 daily that boom !!! No cleaner having salary of $100 daily,25,True,True,0,0,FIFO Cleaners Job Australia 🇦🇺 | $100k + Salary 😍,FIFO,KmFEU59YBfg,@sofrilatif7746,2026-04-10 08:15:25+00:00,cleaner job Australia,youtube_comment
UgxOcjaqlc9-KYW4KIB4AaABAg,commercial_cleaners,2026,2026-02,iam a chef but thinking about doing that...100k...... mhhhhhhhh,9,True,False,0,0,FIFO Cleaners Job Australia 🇦🇺 | $100k + Salary 😍,FIFO,KmFEU59YBfg,@konne16,2026-02-18 02:43:06+00:00,cleaner job Australia,youtube_comment
UgzzccN48f0yE85d4bN4AaABAg,commercial_cleaners,2025,2025-12,"Wow, it's so fun🙏
I love this kind of work 
Can I apply for a job please help me",19,True,False,0,0,FIFO Cleaners Job Australia 🇦🇺 | $100k + Salary 😍,FIFO,KmFEU59YBfg,@Mndubalምንዱባል12,2025-12-23 16:55:40+00:00,cleaner job Australia,youtube_comment
UgyaBDFWLXNTZ2SnRJJ4AaABAg,commercial_cleaners,2025,2025-07,Will there be a job for indians .for cleansers.,9,True,True,1,0,FIFO Cleaners Job Australia 🇦🇺 | $100k + Salary 😍,FIFO,KmFEU59YBfg,@rumanasiddiqua5769,2025-07-30 03:40:02+00:00,cleaner job Australia,youtube_comment
Ugzo-4aZxBSlGOrc2yJ4AaABAg,commercial_cleaners,2025,2025-05,What is Fifo? I've seen another video before with a guy who worked Fifo or whatever it is,18,True,False,1,7,FIFO Cleaners Job Australia 🇦🇺 | $100k + Salary 😍,FIFO,KmFEU59YBfg,@jonasgeez2140,2025-05-02 15:23:23+00:00,cleaner job Australia,youtube_comment
Ugwe-ZsJXxb8V9DfgMR4AaABAg,commercial_cleaners,2025,2025-05,"I love this kind of captions on videos, but can you make it twice as big, add explosions, more colours and maybe sound effects as the captions move?",28,True,False,2,0,FIFO Cleaners Job Australia 🇦🇺 | $100k + Salary 😍,FIFO,KmFEU59YBfg,@user-qz2uq8wx8w,2025-05-02 14:35:55+00:00,cleaner job Australia,youtube_comment
UgyB8goado2TbMcth-F4AaABAg,commercial_cleaners,2026,2026-05,I am charstian I need this job too cleaning work,10,False,True,1,0,The Proper Way to Arrive for a Cleaning Job #ProCleaningTip #shorts,Angela Brown Cleaning,fTjS83Dn658,@salmanjaan7335,2026-05-06 08:10:24+00:00,cleaning industry Australia,youtube_comment
UgyAReU-xtFgUK6IgpN4AaABAg,commercial_cleaners,2026,2026-05,"Yes, organize before you arrive.",5,False,False,3,1,The Proper Way to Arrive for a Cleaning Job #ProCleaningTip #shorts,Angela Brown Cleaning,fTjS83Dn658,@MidtownCleaningservice,2026-05-05 01:23:21+00:00,cleaning industry Australia,youtube_comment
UgxqFSmHUprP7BJQcw54AaABAg,commercial_cleaners,2026,2026-05,What if you don’t have a car?,7,False,False,1,1,The Proper Way to Arrive for a Cleaning Job #ProCleaningTip #shorts,Angela Brown Cleaning,fTjS83Dn658,@justfitinglobal,2026-05-02 15:26:09+00:00,cleaning industry Australia,youtube_comment
Ugyfhs3scDOXbmq2k5h4AaABAg,commercial_cleaners,2026,2026-04,I need this job too cuz I ain’t got a job,11,False,False,1,2,The Proper Way to Arrive for a Cleaning Job #ProCleaningTip #shorts,Angela Brown Cleaning,fTjS83Dn658,@CheyenneNascha23,2026-04-27 19:02:41+00:00,cleaning industry Australia,youtube_comment
Ugza8G8RRQiwIl3SxCd4AaABAg,commercial_cleaners,2026,2026-04,He looks like A MUSSOLINIAN FASCIST WHAT IS AMERICA COMING TO EH!!!!!,12,False,False,0,0,The Proper Way to Arrive for a Cleaning Job #ProCleaningTip #shorts,Angela Brown Cleaning,fTjS83Dn658,@vincentpascalino01,2026-04-13 03:20:57+00:00,cleaning industry Australia,youtube_comment
UgwpZkfDpkfIOcZw2e94AaABAg,commercial_cleaners,2026,2026-03,you don't need to look like a professional they only want results,12,False,False,1,0,The Proper Way to Arrive for a Cleaning Job #ProCleaningTip #shorts,Angela Brown Cleaning,fTjS83Dn658,@toubelouhd,2026-03-27 07:07:26+00:00,cleaning industry Australia,youtube_comment
UgwVIbHbFPY2eIXwlNZ4AaABAg,commercial_cleaners,2026,2026-03,How do you know how much to charge for cleaning is there a guide line,15,False,True,0,1,The Proper Way to Arrive for a Cleaning Job #ProCleaningTip #shorts,Angela Brown Cleaning,fTjS83Dn658,@chefrico9400,2026-03-15 18:27:16+00:00,cleaning industry Australia,youtube_comment
UgxjljOx3BatmcUGG0B4AaABAg,commercial_cleaners,2026,2026-02,Please I need job ...😢😢😢😢,5,False,False,1,0,The Proper Way to Arrive for a Cleaning Job #ProCleaningTip #shorts,Angela Brown Cleaning,fTjS83Dn658,@velog-pk2,2026-02-22 19:02:23+00:00,cleaning industry Australia,youtube_comment
UgwjYi5A3F0JOzPRNql4AaABAg,commercial_cleaners,2026,2026-01,U hiring please message me,5,False,False,0,0,The Proper Way to Arrive for a Cleaning Job #ProCleaningTip #shorts,Angela Brown Cleaning,fTjS83Dn658,@debrafraser1415,2026-01-27 19:11:22+00:00,cleaning industry Australia,youtube_comment
Ugywd3x1nZqqcQjLQBN4AaABAg,commercial_cleaners,2025,2025-11,Can i have your business email address for business inquiries,10,False,False,0,0,The Proper Way to Arrive for a Cleaning Job #ProCleaningTip #shorts,Angela Brown Cleaning,fTjS83Dn658,@DelyssaBrook,2025-11-24 07:19:22+00:00,cleaning industry Australia,youtube_comment
UgwFgLaNENvJvju0jVR4AaABAg,commercial_cleaners,2025,2025-11,Please help me find work. I'm in Sundeland and I need this job.,13,False,False,0,0,The Proper Way to Arrive for a Cleaning Job #ProCleaningTip #shorts,Angela Brown Cleaning,fTjS83Dn658,@fantadiarra6108,2025-11-19 20:52:46+00:00,cleaning industry Australia,youtube_comment
Ugz5M6nckI_AA5leYix4AaABAg,commercial_cleaners,2025,2025-10,"Excellent video! Consistent cleaning is key to a professional environment. At Superior Service Plus, we provide comprehensive janitorial cleaning that goes beyond the basics, ensuring every workspace reflects excellence and care.",31,False,True,0,0,The Proper Way to Arrive for a Cleaning Job #ProCleaningTip #shorts,Angela Brown Cleaning,fTjS83Dn658,@Isabella-y5e1d,2025-10-02 07:48:40+00:00,cleaning industry Australia,youtube_comment
UgwkZYIOHcXhpkN9rN54AaABAg,commercial_cleaners,2025,2025-08,"If you ever need a business card or brochure with a QR code, I’d definitely recommend this expert. It makes your brand look sharp and easy for clients to connect with you. I’ve seen their work and it’s top-notch.",39,False,False,6,3,The Proper Way to Arrive for a Cleaning Job #ProCleaningTip #shorts,Angela Brown Cleaning,fTjS83Dn658,@EniolaCrest,2025-08-25 12:05:55+00:00,cleaning industry Australia,youtube_comment
Ugx0d1I8Hphe27zw9fh4AaABAg,commercial_cleaners,2025,2025-08,I have experience as Cleaning Service. Do you accept foreign workers?,11,False,True,1,1,The Proper Way to Arrive for a Cleaning Job #ProCleaningTip #shorts,Angela Brown Cleaning,fTjS83Dn658,@bong_armau,2025-08-14 00:46:47+00:00,cleaning industry Australia,youtube_comment
Ugxi1BLju3gZiplnbhx4AaABAg,commercial_cleaners,2025,2025-08,I need a job. I have a experience 10 years in Australia.,12,True,False,1,1,The Proper Way to Arrive for a Cleaning Job #ProCleaningTip #shorts,Angela Brown Cleaning,fTjS83Dn658,@IsmeetPannu,2025-08-03 22:28:54+00:00,cleaning industry Australia,youtube_comment
UgynX6oyNh6YdwSYu8N4AaABAg,commercial_cleaners,2025,2025-07,I have a 10 years Experience. I need job,9,False,False,1,0,The Proper Way to Arrive for a Cleaning Job #ProCleaningTip #shorts,Angela Brown Cleaning,fTjS83Dn658,@AsffrAsdf,2025-07-22 08:13:36+00:00,cleaning industry Australia,youtube_comment
UgxzZf0YnQo8mz_8psJ4AaABAg,commercial_cleaners,2025,2025-07,How can i enter.i need a job,7,False,False,1,0,The Proper Way to Arrive for a Cleaning Job #ProCleaningTip #shorts,Angela Brown Cleaning,fTjS83Dn658,@user-oj6jb2rx1r,2025-07-10 13:53:50+00:00,cleaning industry Australia,youtube_comment
UgxKt7XXxryodJ31iB94AaABAg,commercial_cleaners,2025,2025-05,"Pulling up to clean for others in your own luxury car. I LOVE that!😊 It's the ultimate ""I do this because I want to AND, evidently, I do it very well!""
Shows those who think otherwise that every job IS valuable to society.",43,False,True,37,1,The Proper Way to Arrive for a Cleaning Job #ProCleaningTip #shorts,Angela Brown Cleaning,fTjS83Dn658,@thefoodfanatic9914,2025-05-04 18:13:34+00:00,cleaning industry Australia,youtube_comment
UgyvZfP2ayFKAnPlTzh4AaABAg,commercial_cleaners,2025,2025-03,How to apply this job mam I’m from India,9,False,False,3,0,The Proper Way to Arrive for a Cleaning Job #ProCleaningTip #shorts,Angela Brown Cleaning,fTjS83Dn658,@bachaogaming1194,2025-03-16 09:26:18+00:00,cleaning industry Australia,youtube_comment
UgwCnMtcN0sIMOQ6M8d4AaABAg,commercial_cleaners,2025,2025-03,where is the vacuum and mop??!! lol,7,False,False,0,1,The Proper Way to Arrive for a Cleaning Job #ProCleaningTip #shorts,Angela Brown Cleaning,fTjS83Dn658,@eunicesandoval478,2025-03-14 17:13:51+00:00,cleaning industry Australia,youtube_comment
Ugy0Tw9ECU1NIR1qCml4AaABAg,commercial_cleaners,2024,2024-01,Thats hardly any stuff! We have way more lol,9,False,False,2,1,The Proper Way to Arrive for a Cleaning Job #ProCleaningTip #shorts,Angela Brown Cleaning,fTjS83Dn658,@LW-qy9nh,2024-01-07 17:43:32+00:00,cleaning industry Australia,youtube_comment
UgyZRaiLSX7w8Jidy4h4AaABAg,commercial_cleaners,2023,2023-09,I ‘m uk .l am interested to do cleaning jobs,10,False,True,2,1,The Proper Way to Arrive for a Cleaning Job #ProCleaningTip #shorts,Angela Brown Cleaning,fTjS83Dn658,@JenniferEffahNyarko,2023-09-02 07:54:50+00:00,cleaning industry Australia,youtube_comment
UgzIZEW0CG2ok654nUh4AaABAg,commercial_cleaners,2023,2023-08,I need job iam from india,6,False,False,1,1,The Proper Way to Arrive for a Cleaning Job #ProCleaningTip #shorts,Angela Brown Cleaning,fTjS83Dn658,@YaseenBabu-,2023-08-20 22:19:24+00:00,cleaning industry Australia,youtube_comment
UgxXgLrCT7RTThPZ4eh4AaABAg,commercial_cleaners,2023,2023-08,cleaning in a BMW ayy,5,False,True,1,2,The Proper Way to Arrive for a Cleaning Job #ProCleaningTip #shorts,Angela Brown Cleaning,fTjS83Dn658,@DavidOSinger,2023-08-10 04:09:27+00:00,cleaning industry Australia,youtube_comment
UgypwbhuMfcjUtP7pW14AaABAg,commercial_cleaners,2023,2023-07,Madam cleaner jobs available in your country,7,False,True,2,1,The Proper Way to Arrive for a Cleaning Job #ProCleaningTip #shorts,Angela Brown Cleaning,fTjS83Dn658,@krishnamondal3250,2023-07-14 02:43:54+00:00,cleaning industry Australia,youtube_comment
Ugy5wuFHi3LYwY-0XC14AaABAg,commercial_cleaners,2023,2023-06,great bro I need job from India thanks 😊,9,False,False,2,2,The Proper Way to Arrive for a Cleaning Job #ProCleaningTip #shorts,Angela Brown Cleaning,fTjS83Dn658,@bharatmala108,2023-06-23 16:24:48+00:00,cleaning industry Australia,youtube_comment
UgwEVch0dromoFmvt4N4AaABAg,commercial_cleaners,2023,2023-05,Hi .I'm Indian.I'm intrested cleaning jobs what can I do,10,False,True,1,1,The Proper Way to Arrive for a Cleaning Job #ProCleaningTip #shorts,Angela Brown Cleaning,fTjS83Dn658,@mohammadjaseem6299,2023-05-11 06:57:28+00:00,cleaning industry Australia,youtube_comment
Ugx90peHltsagKUoTUV4AaABAg,commercial_cleaners,2023,2023-04,"Hi 
Can I get a job from you",8,False,False,2,1,The Proper Way to Arrive for a Cleaning Job #ProCleaningTip #shorts,Angela Brown Cleaning,fTjS83Dn658,@emmanuelidowu9406,2023-04-29 16:13:01+00:00,cleaning industry Australia,youtube_comment
UgyOaiwP8L5wyKO9q894AaABAg,commercial_cleaners,2022,2022-12,"Always good advice. 😻 Thx. 
Happy Holidays to you & family",11,False,False,6,1,The Proper Way to Arrive for a Cleaning Job #ProCleaningTip #shorts,Angela Brown Cleaning,fTjS83Dn658,@carolmarino3434,2022-12-24 21:41:26+00:00,cleaning industry Australia,youtube_comment
Ugy0eijP1TpFFLy36ut4AaABAg,commercial_cleaners,2026,2026-03,Please I'm interested for the job please can you link me in the job link me in the job,19,True,False,0,0,Working as an Industrial Cleaner in Australia - Jobs #3,Where's Wallace,MfPgw16CPMI,@GodgiftEminent,2026-03-25 19:13:36+00:00,cleaning industry Australia,youtube_comment
UgybOs_4gQuvrtfT3o54AaABAg,commercial_cleaners,2025,2025-10,With the working holiday visa - how many months can I legally work? Is it easy to find a job?,20,True,False,1,1,Working as an Industrial Cleaner in Australia - Jobs #3,Where's Wallace,MfPgw16CPMI,@LuizGiuliano,2025-10-18 17:23:21+00:00,cleaning industry Australia,youtube_comment
UgzXzrJNZVrsb7i4Bpx4AaABAg,commercial_cleaners,2025,2025-10,"Hello, I am Italian, 35 years old. I am saving money to travel, I can save 1200-1400 euros per month, after taxes and expenses. Would I be able to save more if I went to Australia? How much more could I save? and what would be my basic expenses if I live frugally...",53,True,False,1,1,Working as an Industrial Cleaner in Australia - Jobs #3,Where's Wallace,MfPgw16CPMI,@LuizGiuliano,2025-10-18 17:21:53+00:00,cleaning industry Australia,youtube_comment
Ugwg2ZeFQAgMQkAWFnV4AaABAg,commercial_cleaners,2026,2026-05,Hi I London any jobs house kipper comings frods I requested,11,False,False,0,0,clean like a housekeeper #youtubeshorts #clean #hacks #trending,Vanesa Amaro,dwWbDbbcRjY,@Samu-n4p,2026-05-15 07:08:09+00:00,cleaning jobs Melbourne,youtube_comment
Ugx0LW2J31kn4Gk4LUx4AaABAg,commercial_cleaners,2026,2026-05,Help! I need to know how to work fast .,10,False,False,0,0,clean like a housekeeper #youtubeshorts #clean #hacks #trending,Vanesa Amaro,dwWbDbbcRjY,@deliaperalta1776,2026-05-12 09:53:36+00:00,cleaning jobs Melbourne,youtube_comment
UgwKOetYziz17WvR4U14AaABAg,commercial_cleaners,2026,2026-04,"Im sorry but its not necessarily because we cant manage time, or are not able to clean faster... its because when you live in the space, you are not just shifting something to the side to clean, you put the stuff away where it goes, and stopping to fix the scraped up knee, or teach the math lesson, or get the snack, or go to the appointment, or decide you need to organize not just clean, or take the time to purge while you clean... and more... i actually feel like this was low key insulting. There are so many other reasons a paid house cleaner does it faster that does not include a housewife not knowing what she is doing.",121,False,True,0,0,clean like a housekeeper #youtubeshorts #clean #hacks #trending,Vanesa Amaro,dwWbDbbcRjY,@c.g.7144,2026-04-21 21:49:56+00:00,cleaning jobs Melbourne,youtube_comment
Ugwexxy1dbwT8qC7myx4AaABAg,commercial_cleaners,2026,2026-04,They getting paid for the job?,6,False,False,0,0,clean like a housekeeper #youtubeshorts #clean #hacks #trending,Vanesa Amaro,dwWbDbbcRjY,@6host_Casper,2026-04-06 02:22:57+00:00,cleaning jobs Melbourne,youtube_comment
UgxiJvJ-Y10IqMNiPtp4AaABAg,commercial_cleaners,2026,2026-03,"Because I come across many a book, magazine, or article I’ve saved and can’t decide to shelf it, throw it or give it away without first reading it. Multiply that by at least a dozen and that’s where a lot of the time goes.",44,False,False,0,0,clean like a housekeeper #youtubeshorts #clean #hacks #trending,Vanesa Amaro,dwWbDbbcRjY,@vhaddad5249,2026-03-31 06:13:56+00:00,cleaning jobs Melbourne,youtube_comment
Ugzi8HR6vfL_bqq2ItJ4AaABAg,commercial_cleaners,2026,2026-03,Do you do seminars for those who would like to start a cleaning business?,14,False,True,0,0,clean like a housekeeper #youtubeshorts #clean #hacks #trending,Vanesa Amaro,dwWbDbbcRjY,@llainecallanta1063,2026-03-29 06:43:48+00:00,cleaning jobs Melbourne,youtube_comment
UgwojzTBxPUDv_4P_jx4AaABAg,commercial_cleaners,2026,2026-03,Mexicans and African are the best and most disciplined,9,False,False,0,0,clean like a housekeeper #youtubeshorts #clean #hacks #trending,Vanesa Amaro,dwWbDbbcRjY,@alphat7615,2026-03-21 19:37:09+00:00,cleaning jobs Melbourne,youtube_comment
UgyM9rbx3cVqtZxGDLR4AaABAg,commercial_cleaners,2026,2026-03,"Hmm, I had a cleaning business and rule number one is no shoes in the house. 🤔",17,False,True,0,0,clean like a housekeeper #youtubeshorts #clean #hacks #trending,Vanesa Amaro,dwWbDbbcRjY,@Christina_320,2026-03-08 05:21:17+00:00,cleaning jobs Melbourne,youtube_comment
UgxDRXtNXr8fDiiUADR4AaABAg,commercial_cleaners,2026,2026-03,paano po mag aply po,5,False,False,0,0,clean like a housekeeper #youtubeshorts #clean #hacks #trending,Vanesa Amaro,dwWbDbbcRjY,@MarkUntalan-w5o,2026-03-07 13:31:19+00:00,cleaning jobs Melbourne,youtube_comment
Ugyfoek9rAE2hGzmKzF4AaABAg,commercial_cleaners,2026,2026-02,"Lol, this is all false .. I can give u transparency and the honest truth these ladies are cleaning a 5 bedroom house and 3 restrooms and kitchen, living room to deep clean ?? I can tell u as a cleaner that they haven't stepped in ky shoes..theres no way one person can deep ckean a house of that magnitude in 6hrs or less by themselves.. maybe 8 to 10 hrs if your fast. but realistically for one house two people can clean in 8 to 12hrs possibly.",88,False,True,0,0,clean like a housekeeper #youtubeshorts #clean #hacks #trending,Vanesa Amaro,dwWbDbbcRjY,@RobertoGuzman-f4r,2026-02-21 08:43:54+00:00,cleaning jobs Melbourne,youtube_comment
Ugx3NtsGOSdVD7ntS9d4AaABAg,commercial_cleaners,2026,2026-02,I used to clean rich ppl houses. It IS so different from cleaning your own domicile.,16,False,True,0,0,clean like a housekeeper #youtubeshorts #clean #hacks #trending,Vanesa Amaro,dwWbDbbcRjY,@DarleneHawk,2026-02-15 01:48:15+00:00,cleaning jobs Melbourne,youtube_comment
UgxygoKVNcAYIHNuoZt4AaABAg,commercial_cleaners,2026,2026-02,But you’re cleaning a house already clean,7,False,True,0,0,clean like a housekeeper #youtubeshorts #clean #hacks #trending,Vanesa Amaro,dwWbDbbcRjY,@NiteRythemzRadio,2026-02-10 03:48:13+00:00,cleaning jobs Melbourne,youtube_comment
UgyyWt7F2tS-B2X6zv94AaABAg,commercial_cleaners,2026,2026-02,"I have subscribed and please teach me. 
As one day, I'll be cleaning H.G 's house 😅",17,False,True,0,0,clean like a housekeeper #youtubeshorts #clean #hacks #trending,Vanesa Amaro,dwWbDbbcRjY,@richardhewitt-dutton9395,2026-02-06 18:40:29+00:00,cleaning jobs Melbourne,youtube_comment
UgzMgaEVftApYSy0cjp4AaABAg,commercial_cleaners,2026,2026-02,As a new housekeeper 😂 I’m trying to figure out how to clean my rooms in 30 minutes or less lol if anyone has tips for me 😂 please leave a comment,32,False,True,0,0,clean like a housekeeper #youtubeshorts #clean #hacks #trending,Vanesa Amaro,dwWbDbbcRjY,@1213kira,2026-02-05 15:12:07+00:00,cleaning jobs Melbourne,youtube_comment
UgyS-Tqm0kxNZ23h4Jp4AaABAg,commercial_cleaners,2026,2026-02,It takes me two weeks……,5,False,False,0,0,clean like a housekeeper #youtubeshorts #clean #hacks #trending,Vanesa Amaro,dwWbDbbcRjY,@Onlinewithadri,2026-02-05 02:21:00+00:00,cleaning jobs Melbourne,youtube_comment
Ugyx3c00okYeCpcFTn94AaABAg,commercial_cleaners,2026,2026-02,"I just figured everyone takes breaks and moves slower because its their own space, not like the mess is gonna get up and run off.🤣",25,False,False,0,0,clean like a housekeeper #youtubeshorts #clean #hacks #trending,Vanesa Amaro,dwWbDbbcRjY,@Dangerette,2026-02-03 12:48:39+00:00,cleaning jobs Melbourne,youtube_comment
Ugy_Vsz6Xm6k3V_D_nZ4AaABAg,commercial_cleaners,2026,2026-02,Housekeepers don't generally bring 6 kids with them.,8,False,False,0,0,clean like a housekeeper #youtubeshorts #clean #hacks #trending,Vanesa Amaro,dwWbDbbcRjY,@PurpleRose8725,2026-02-03 04:31:48+00:00,cleaning jobs Melbourne,youtube_comment
Ugx3GSgyoU-I_8t7oIN4AaABAg,commercial_cleaners,2026,2026-01,How to apply as a cleaners please response thank you,10,False,True,0,0,clean like a housekeeper #youtubeshorts #clean #hacks #trending,Vanesa Amaro,dwWbDbbcRjY,@PrecilaRamirez-j3t,2026-01-31 05:44:38+00:00,cleaning jobs Melbourne,youtube_comment
UgxAb2zLtqCNznJyQ0N4AaABAg,commercial_cleaners,2026,2026-01,Nope sweetie it takes me 2 hours! I probably got more cleaning supplies than you!,15,False,True,0,0,clean like a housekeeper #youtubeshorts #clean #hacks #trending,Vanesa Amaro,dwWbDbbcRjY,@ILIK3HATERZ,2026-01-27 22:31:30+00:00,cleaning jobs Melbourne,youtube_comment
UgzeiJLMYI_wHTkuYkB4AaABAg,commercial_cleaners,2026,2026-01,Kyaa ye service Haridwar mae bhi hae?,7,False,False,0,0,clean like a housekeeper #youtubeshorts #clean #hacks #trending,Vanesa Amaro,dwWbDbbcRjY,@MadhuJain-d3l5l,2026-01-16 05:17:13+00:00,cleaning jobs Melbourne,youtube_comment
UgyTrAuXto5VoSSC6h14AaABAg,commercial_cleaners,2025,2025-12,I am looking for a job house help,8,False,False,0,0,clean like a housekeeper #youtubeshorts #clean #hacks #trending,Vanesa Amaro,dwWbDbbcRjY,@MemoryKomonde,2025-12-28 18:07:24+00:00,cleaning jobs Melbourne,youtube_comment
Ugygp5pMPLCTTnYMPv14AaABAg,commercial_cleaners,2025,2025-12,If my house was empty it would be easy to clean too! 😁,13,False,True,0,0,clean like a housekeeper #youtubeshorts #clean #hacks #trending,Vanesa Amaro,dwWbDbbcRjY,@aftermidnight4867,2025-12-22 14:41:25+00:00,cleaning jobs Melbourne,youtube_comment
UgxO8uXxixLRWm-7kRh4AaABAg,commercial_cleaners,2025,2025-12,How much you charge by house,6,False,False,0,0,clean like a housekeeper #youtubeshorts #clean #hacks #trending,Vanesa Amaro,dwWbDbbcRjY,@el79tarasco5,2025-12-19 07:57:15+00:00,cleaning jobs Melbourne,youtube_comment
UgxDt_iKyszLKTGwSb14AaABAg,commercial_cleaners,2025,2025-11,Love that toilet paper fold! ❤,6,False,False,0,0,clean like a housekeeper #youtubeshorts #clean #hacks #trending,Vanesa Amaro,dwWbDbbcRjY,@LuxecareCleaning,2025-11-30 02:21:41+00:00,cleaning jobs Melbourne,youtube_comment
UgykXUgq5yb_DkrCXz54AaABAg,commercial_cleaners,2025,2025-11,Folding TP is always a waisted minute,7,False,False,0,0,clean like a housekeeper #youtubeshorts #clean #hacks #trending,Vanesa Amaro,dwWbDbbcRjY,@candykane4271,2025-11-19 22:03:31+00:00,cleaning jobs Melbourne,youtube_comment
UgxpwTg6Dfx0Ae1ew494AaABAg,commercial_cleaners,2025,2025-11,You can tell the ones that are just there for the money. They do a horrible job.,17,False,False,0,0,clean like a housekeeper #youtubeshorts #clean #hacks #trending,Vanesa Amaro,dwWbDbbcRjY,@creoleladylaveau7626,2025-11-09 08:01:11+00:00,cleaning jobs Melbourne,youtube_comment
Ugz7kDJAe1X0DfAfdaZ4AaABAg,commercial_cleaners,2025,2025-10,Amazing inspiration for a good ol' clean ❤,8,False,True,0,0,clean like a housekeeper #youtubeshorts #clean #hacks #trending,Vanesa Amaro,dwWbDbbcRjY,@asmrloooofiiiiiii,2025-10-28 11:23:37+00:00,cleaning jobs Melbourne,youtube_comment
UgzCZQ1TJTQ0QKCGBOp4AaABAg,commercial_cleaners,2025,2025-10,Step 1 clean a house that has 0 items in it. Nice. Solved it,14,False,True,0,0,clean like a housekeeper #youtubeshorts #clean #hacks #trending,Vanesa Amaro,dwWbDbbcRjY,@neyney028,2025-10-23 03:31:36+00:00,cleaning jobs Melbourne,youtube_comment
UgwNWfS0genRvfTkJR54AaABAg,commercial_cleaners,2025,2025-10,I'm going to be a housekeeper myself and clean up after myself,12,False,True,0,0,clean like a housekeeper #youtubeshorts #clean #hacks #trending,Vanesa Amaro,dwWbDbbcRjY,@worldunity2050,2025-10-20 14:21:53+00:00,cleaning jobs Melbourne,youtube_comment
UgwnuFfDWIiHNnrJ-Hl4AaABAg,commercial_cleaners,2025,2025-10,"N also they just clean, not organize!",7,False,True,0,0,clean like a housekeeper #youtubeshorts #clean #hacks #trending,Vanesa Amaro,dwWbDbbcRjY,@CrazyBeyfulSarah,2025-10-14 00:06:44+00:00,cleaning jobs Melbourne,youtube_comment
UgxfMjrOnLTsQKjQD0R4AaABAg,commercial_cleaners,2025,2025-10,"Very well presented! Janitorial cleaning ensures a safe and welcoming atmosphere. At Superior Service Plus, we take pride in delivering reliable, thorough services that keep businesses running smoothly in clean, professional spaces.",32,False,True,0,0,clean like a housekeeper #youtubeshorts #clean #hacks #trending,Vanesa Amaro,dwWbDbbcRjY,@Isabella-y5e1d,2025-10-02 07:49:02+00:00,cleaning jobs Melbourne,youtube_comment
UgyZIDjZDWNzN2OZu054AaABAg,commercial_cleaners,2025,2025-09,It’s because YOU’RE GETTING PAID to do it while we HAVE to do it for free. MONEY is the motivation here… come on now 😂😂😂,25,False,False,0,0,clean like a housekeeper #youtubeshorts #clean #hacks #trending,Vanesa Amaro,dwWbDbbcRjY,@NawtyAlienUSA,2025-09-23 18:49:57+00:00,cleaning jobs Melbourne,youtube_comment
UgzUagisjeuki-iyOfR4AaABAg,commercial_cleaners,2025,2025-09,LOVE IT when the maid folds the toilet paper like that!❤,11,False,False,0,0,clean like a housekeeper #youtubeshorts #clean #hacks #trending,Vanesa Amaro,dwWbDbbcRjY,@icu3869,2025-09-23 07:37:13+00:00,cleaning jobs Melbourne,youtube_comment
Ugzv97uSoviGIxkUgv54AaABAg,commercial_cleaners,2025,2025-09,"Because we do the before clean, the clutter clean 😩. I always clean before my cleaning lady comes",18,False,True,0,0,clean like a housekeeper #youtubeshorts #clean #hacks #trending,Vanesa Amaro,dwWbDbbcRjY,@amberbean453,2025-09-20 17:57:27+00:00,cleaning jobs Melbourne,youtube_comment
UgxzHStzAH9kBa9QCrh4AaABAg,commercial_cleaners,2025,2025-09,"They are not emotionally invested. So they don’t get stuck on the small stuff like organizing make up. They wipe and set. Remove and vacuum. It’s easier if it’s not yours. I can clean my parents home fast, mine I’m too invested in perfect.",44,False,True,0,0,clean like a housekeeper #youtubeshorts #clean #hacks #trending,Vanesa Amaro,dwWbDbbcRjY,@colettehanna50,2025-09-12 03:46:10+00:00,cleaning jobs Melbourne,youtube_comment
UgzxAbHMSBgZsMBN6_B4AaABAg,commercial_cleaners,2025,2025-09,I needed this inspiration I feel like I clean all day and the house throws more at me and wins because it is still not top tier I know I’m missing something so I’m hear to learn and lock in.,40,False,True,0,0,clean like a housekeeper #youtubeshorts #clean #hacks #trending,Vanesa Amaro,dwWbDbbcRjY,@jennifergarcia2237,2025-09-11 13:59:50+00:00,cleaning jobs Melbourne,youtube_comment
UgxRJoxmQnOVcbRecvp4AaABAg,commercial_cleaners,2025,2025-09,you carry too much things,5,False,False,0,0,clean like a housekeeper #youtubeshorts #clean #hacks #trending,Vanesa Amaro,dwWbDbbcRjY,@user-jg3my2lt9k,2025-09-09 03:31:10+00:00,cleaning jobs Melbourne,youtube_comment
UgxzMonUjgg8341vMAZ4AaABAg,commercial_cleaners,2025,2025-09,"I’m a housekeeper plus church cleaner. I’m always looking for new tricks and tips because at only 34 years old I am having really back neck and shoulder pain even though I workout everyday (low impact, but intense workouts) in order to stay in shape and not strain my neck, back, hips, knees etc. thank you for these tips!!",59,False,True,3,1,clean like a housekeeper #youtubeshorts #clean #hacks #trending,Vanesa Amaro,dwWbDbbcRjY,@morganmcghee4136,2025-09-02 05:20:48+00:00,cleaning jobs Melbourne,youtube_comment
Ugx6peQXwPZHGPZwu4t4AaABAg,commercial_cleaners,2025,2025-08,Can someone explain why she's folding toilet paper?,8,False,False,0,0,clean like a housekeeper #youtubeshorts #clean #hacks #trending,Vanesa Amaro,dwWbDbbcRjY,@ametrineambrosia4929,2025-08-27 09:33:28+00:00,cleaning jobs Melbourne,youtube_comment
Ugx78ccWoobx9FD6TY94AaABAg,commercial_cleaners,2025,2025-08,Yes I want to hire one,6,False,False,0,0,clean like a housekeeper #youtubeshorts #clean #hacks #trending,Vanesa Amaro,dwWbDbbcRjY,@katherinegordon8088,2025-08-23 17:39:35+00:00,cleaning jobs Melbourne,youtube_comment
UgydkbDSdcrqjj9u75R4AaABAg,commercial_cleaners,2025,2025-08,I want to join uk usa please help me i have 3 year experience in housekeeping,16,False,False,0,0,clean like a housekeeper #youtubeshorts #clean #hacks #trending,Vanesa Amaro,dwWbDbbcRjY,@Gurudattapattanaik,2025-08-16 08:21:31+00:00,cleaning jobs Melbourne,youtube_comment
UgwPeLv5yxj-0GKn0PZ4AaABAg,commercial_cleaners,2025,2025-08,I only do it for 1 minute then I say I'm done 👍👍👍👍👍👍👍😂😂😂😂😂😂 watch Facebook yes😂😂😂😂😂😂,16,False,False,0,0,clean like a housekeeper #youtubeshorts #clean #hacks #trending,Vanesa Amaro,dwWbDbbcRjY,@standavis3621,2025-08-12 21:52:10+00:00,cleaning jobs Melbourne,youtube_comment
UgxtEI4RVLuhWRkQrvt4AaABAg,commercial_cleaners,2025,2025-08,"I'm a housekeeper and it still takes me 6 hours to clean up 4000 sqft of dog fur and make everything clean and sparkle as well lol. Sometimes no matter what you do, work takes time.",36,False,True,0,0,clean like a housekeeper #youtubeshorts #clean #hacks #trending,Vanesa Amaro,dwWbDbbcRjY,@shawnaeasterwood7073,2025-08-09 01:16:04+00:00,cleaning jobs Melbourne,youtube_comment
UgyJco4uwHUSav0QRVV4AaABAg,commercial_cleaners,2025,2025-08,Thank you for working so hard 🙏🏼 please help save the worlds water and sewage systems 😢,17,False,False,0,0,clean like a housekeeper #youtubeshorts #clean #hacks #trending,Vanesa Amaro,dwWbDbbcRjY,@jennifercarpenter19,2025-08-03 04:54:02+00:00,cleaning jobs Melbourne,youtube_comment
UgxWJ1pQlfgI7TbUgix4AaABAg,commercial_cleaners,2025,2025-07,We would appreciate a new client's house that really needs help and how you even get it in shape for a general cleaning. The first cleaning round is the hardest. Until it's to a maintenence cleaning. Some homes you walk in and feel like it will take you the rest of your life to just clean the kitchen let alone any other room. -John's wife,65,False,True,1,0,clean like a housekeeper #youtubeshorts #clean #hacks #trending,Vanesa Amaro,dwWbDbbcRjY,@johnkelly9451,2025-07-21 14:52:54+00:00,cleaning jobs Melbourne,youtube_comment
UgxI9PE8eQRAXYWezp14AaABAg,commercial_cleaners,2025,2025-07,👀 that creepy folded triangle toilet paper thing that just reminds me someone’s hands have been all over the TP before I’m about to use it…,26,False,False,0,0,clean like a housekeeper #youtubeshorts #clean #hacks #trending,Vanesa Amaro,dwWbDbbcRjY,@ahill4642,2025-07-21 01:28:59+00:00,cleaning jobs Melbourne,youtube_comment
Ugw-qQ3PGsEQ4tEMVL94AaABAg,commercial_cleaners,2025,2025-07,My mom is a house cleaner and she cleans our 4 story house with 7 bedrooms and 5 bathrooms in 2 hours😮😮😅😊,22,False,True,0,0,clean like a housekeeper #youtubeshorts #clean #hacks #trending,Vanesa Amaro,dwWbDbbcRjY,@ITZTOCAJUNIOR,2025-07-15 01:25:48+00:00,cleaning jobs Melbourne,youtube_comment
Ugx6KSPtmSlXr7LFI-14AaABAg,commercial_cleaners,2025,2025-07,"I have a full time job, on fridays i clean half of my house THEN saturday i clean the other half of my house THEN sundays is laundry day and i deep clean my house once a month and clean everyday just normal cleaning",44,False,True,0,0,clean like a housekeeper #youtubeshorts #clean #hacks #trending,Vanesa Amaro,dwWbDbbcRjY,@CandaceChaney-o3c,2025-07-10 17:09:57+00:00,cleaning jobs Melbourne,youtube_comment
UgzGlKLJm3zvIjVj3SR4AaABAg,commercial_cleaners,2025,2025-07,"Also, you're not emotionally attached and distracted all day😂",9,False,False,0,0,clean like a housekeeper #youtubeshorts #clean #hacks #trending,Vanesa Amaro,dwWbDbbcRjY,@Nicci-x7t,2025-07-01 21:06:42+00:00,cleaning jobs Melbourne,youtube_comment
UgxM533pGIx-E4SI_x54AaABAg,commercial_cleaners,2025,2025-06,Your poor paws tho mama. You wear gloves?,8,False,False,0,0,clean like a housekeeper #youtubeshorts #clean #hacks #trending,Vanesa Amaro,dwWbDbbcRjY,@Advo-K826,2025-06-24 10:06:19+00:00,cleaning jobs Melbourne,youtube_comment
UgydcuH7y42MbzR-Czh4AaABAg,commercial_cleaners,2025,2025-06,You never gave the full on video,7,False,False,0,0,clean like a housekeeper #youtubeshorts #clean #hacks #trending,Vanesa Amaro,dwWbDbbcRjY,@ThxGod4Hkping,2025-06-21 08:12:13+00:00,cleaning jobs Melbourne,youtube_comment
Ugwpr72fZNa7jXsCSlV4AaABAg,commercial_cleaners,2025,2025-06,"The housekeeper who cleans my boss's house takes seven hours, sometimes more. It's a huge house.",16,False,True,0,0,clean like a housekeeper #youtubeshorts #clean #hacks #trending,Vanesa Amaro,dwWbDbbcRjY,@lemonhead162,2025-06-08 23:05:35+00:00,cleaning jobs Melbourne,youtube_comment
UgxQ7VnTdfo4Wt5zdHF4AaABAg,commercial_cleaners,2024,2024-04,I need you in my life I used to have spotless house after I got diagnosed with cancer stage four I became disabled now I see things that I used to do in five mints takes me hours and some things can’t even touch it get go. I am ocd and it hurts to see see that I can’t do the things I used to do easily and enjoy doing one of them is cleaning,75,False,True,0,0,clean like a housekeeper #youtubeshorts #clean #hacks #trending,Vanesa Amaro,dwWbDbbcRjY,@ibtissamsarouta1713,2024-04-18 14:58:49+00:00,cleaning jobs Melbourne,youtube_comment
Ugy-hs781ZkksIgRqcZ4AaABAg,commercial_cleaners,2024,2024-03,It's because it's not your house and things and you don't end up organizing the closet and playing with kids and trying on old costumes from highschool play 😂,29,False,False,1,0,clean like a housekeeper #youtubeshorts #clean #hacks #trending,Vanesa Amaro,dwWbDbbcRjY,@Bliss20226,2024-03-27 08:32:52+00:00,cleaning jobs Melbourne,youtube_comment
Ugxzja_J1AB-P852mmN4AaABAg,commercial_cleaners,2024,2024-03,"Because they don’t clean as good! 
I don’t mean you specifically but a lot of them",16,False,True,0,0,clean like a housekeeper #youtubeshorts #clean #hacks #trending,Vanesa Amaro,dwWbDbbcRjY,@yasmina-el,2024-03-20 00:17:46+00:00,cleaning jobs Melbourne,youtube_comment
UgxZIVY-rKx84H5lep14AaABAg,commercial_cleaners,2024,2024-03,"It's funny that you say this. I am wasting my Sunday here when I should be cleaning because I work 5 days a week. 45 hours 50 hours. I wish I could afford a housekeeper but I would only want one like you. Who does everything. I don't think anyone is like you. I can honestly say that I live in New York and I find everything you do. Amazing! Having said that, the TV and the phone are the worst things you have to pretend on the weekend that you are a housekeeper turn off the TV, turn off the phone and just work. That's the only times I'm successful cleaning my own house",115,False,True,0,0,clean like a housekeeper #youtubeshorts #clean #hacks #trending,Vanesa Amaro,dwWbDbbcRjY,@PK-gw2rz,2024-03-17 17:03:27+00:00,cleaning jobs Melbourne,youtube_comment
UgycCrakaJH4aJsnYOR4AaABAg,commercial_cleaners,2024,2024-01,You're an amazing professional ❤,5,False,False,0,0,clean like a housekeeper #youtubeshorts #clean #hacks #trending,Vanesa Amaro,dwWbDbbcRjY,@thedabbinunicorn5432,2024-01-27 06:00:38+00:00,cleaning jobs Melbourne,youtube_comment
UgzhFle9HkoWAloZF-F4AaABAg,commercial_cleaners,2024,2024-01,You make it look so easy 😢😮,7,False,False,0,0,clean like a housekeeper #youtubeshorts #clean #hacks #trending,Vanesa Amaro,dwWbDbbcRjY,@Yonchelle22,2024-01-22 15:55:32+00:00,cleaning jobs Melbourne,youtube_comment
UgwlcmQvxx-BgZKLcCF4AaABAg,commercial_cleaners,2024,2024-01,Chemicals get into your body through your skin; and the germ load! 😮 Wrap those manitos 🆙 🧤every time!,19,False,False,0,0,clean like a housekeeper #youtubeshorts #clean #hacks #trending,Vanesa Amaro,dwWbDbbcRjY,@MrsV777,2024-01-18 19:24:36+00:00,cleaning jobs Melbourne,youtube_comment
UgzTMaVoZEs0BSlVUwB4AaABAg,commercial_cleaners,2024,2024-01,I just get bored. Abd reward my self with breaks every 5 min,13,False,False,0,0,clean like a housekeeper #youtubeshorts #clean #hacks #trending,Vanesa Amaro,dwWbDbbcRjY,@OrnateFaun105,2024-01-13 03:55:35+00:00,cleaning jobs Melbourne,youtube_comment
UgzUawRgP4w3QtOHaP94AaABAg,commercial_cleaners,2024,2024-01,I do take a break like every thirty minutes though for real,12,False,False,0,0,clean like a housekeeper #youtubeshorts #clean #hacks #trending,Vanesa Amaro,dwWbDbbcRjY,@jalapenohino904,2024-01-12 15:17:13+00:00,cleaning jobs Melbourne,youtube_comment
UgwiLfBhTXcltLZWckR4AaABAg,commercial_cleaners,2024,2024-01,My back already hurts 😂,5,False,False,0,0,clean like a housekeeper #youtubeshorts #clean #hacks #trending,Vanesa Amaro,dwWbDbbcRjY,@gwenstone9685,2024-01-10 01:53:48+00:00,cleaning jobs Melbourne,youtube_comment
Ugzyf58obdy6Gpv1Wp14AaABAg,commercial_cleaners,2024,2024-01,Yes I’m cleaning my house I’m not gonna just fucking go ham because I’m not getting paid for it so I’m gonna dig around 10 brakes watching Netflix show I am up and podcasts while I vacuum lol,38,False,True,0,0,clean like a housekeeper #youtubeshorts #clean #hacks #trending,Vanesa Amaro,dwWbDbbcRjY,@MrZironman,2024-01-10 01:35:11+00:00,cleaning jobs Melbourne,youtube_comment
UgzT3KQBLcYNqOj0vA54AaABAg,commercial_cleaners,2024,2024-01,"Tips, tricks, and no kids 😂",6,False,False,0,0,clean like a housekeeper #youtubeshorts #clean #hacks #trending,Vanesa Amaro,dwWbDbbcRjY,@jerricasantel2547,2024-01-05 02:26:25+00:00,cleaning jobs Melbourne,youtube_comment
UgyCRK_CSBQbddw9yE54AaABAg,commercial_cleaners,2024,2024-01,"Yeah, do the bigger noticable stuff and people won't see the smaller stuff you didn't. Thays trick one",18,False,False,0,0,clean like a housekeeper #youtubeshorts #clean #hacks #trending,Vanesa Amaro,dwWbDbbcRjY,@divineknowledge4607,2024-01-04 02:29:36+00:00,cleaning jobs Melbourne,youtube_comment
UgzBhNexZobwZOH_P8Z4AaABAg,commercial_cleaners,2024,2024-01,"I do not clean like her, but I love using Clorox with bleach Clorox and magic sponges to attack molds. Toothbrushes is every corner if needed.",26,False,True,0,0,clean like a housekeeper #youtubeshorts #clean #hacks #trending,Vanesa Amaro,dwWbDbbcRjY,@lauraadams4390,2024-01-03 13:50:03+00:00,cleaning jobs Melbourne,youtube_comment
UgzYpnProSfpyPjKnI14AaABAg,commercial_cleaners,2024,2024-01,OMG! Took me all weekend and I’m still not done.,10,False,False,0,0,clean like a housekeeper #youtubeshorts #clean #hacks #trending,Vanesa Amaro,dwWbDbbcRjY,@tristris3421,2024-01-03 02:34:16+00:00,cleaning jobs Melbourne,youtube_comment
Ugya_ZCNewZNfMYW-Qd4AaABAg,commercial_cleaners,2023,2023-12,I'm not going to lie this is true it sounds kind of like an insult but it's not it's facts,20,False,False,0,0,clean like a housekeeper #youtubeshorts #clean #hacks #trending,Vanesa Amaro,dwWbDbbcRjY,@Meme_Merchant,2023-12-27 04:55:00+00:00,cleaning jobs Melbourne,youtube_comment
UgyNe94QjwXFCOmD9pl4AaABAg,commercial_cleaners,2023,2023-12,"Yall, the actual answer is because they're not actually CLEANING things. They're making it look clean. There's a difference",19,False,True,1,0,clean like a housekeeper #youtubeshorts #clean #hacks #trending,Vanesa Amaro,dwWbDbbcRjY,@rosie20098,2023-12-23 21:21:13+00:00,cleaning jobs Melbourne,youtube_comment
Ugxsi8jDBe6AibucqnB4AaABAg,commercial_cleaners,2023,2023-12,"I'm a housekeeper and it takes me a long ass time, I tell clients beforehand and they usually agree, I'm jealous as hell of my fellow housekeepers that do 3 houses in a day. I only do a house per day and even though I don't drink water, take breaks and hurry as much as I can I still can't do it fast enough 😢😢",65,False,False,2,1,clean like a housekeeper #youtubeshorts #clean #hacks #trending,Vanesa Amaro,dwWbDbbcRjY,@TheDamned79,2023-12-13 00:16:01+00:00,cleaning jobs Melbourne,youtube_comment
UgwghGscDXudt8YKUhp4AaABAg,commercial_cleaners,2023,2023-12,"It takes me a few days because even though I'm retired, I take many breaks, talk on the phone, neighbor comes over to borrow something, and the main reason is I have terrible back problems. I take meds when the pain is more than I can handle, then 😴😴💤 sleep, 😅😅😅 blessings upon all ❤️◼️💎✨😘",55,False,False,0,0,clean like a housekeeper #youtubeshorts #clean #hacks #trending,Vanesa Amaro,dwWbDbbcRjY,@blackdiamond181,2023-12-06 11:37:25+00:00,cleaning jobs Melbourne,youtube_comment
UgxSExQ8QjarrKEIb8d4AaABAg,commercial_cleaners,2023,2023-12,Love all you suggestions. 😮,5,False,False,0,0,clean like a housekeeper #youtubeshorts #clean #hacks #trending,Vanesa Amaro,dwWbDbbcRjY,@VerceyDyers-xz9fw,2023-12-05 23:02:28+00:00,cleaning jobs Melbourne,youtube_comment
Ugz5oVUk8_pK1Jf1Zvx4AaABAg,commercial_cleaners,2023,2023-12,I use to be able to clean my apartment in a couple hours but now i can't... drives me nuts,20,False,True,0,0,clean like a housekeeper #youtubeshorts #clean #hacks #trending,Vanesa Amaro,dwWbDbbcRjY,@strawberryhun,2023-12-02 04:59:54+00:00,cleaning jobs Melbourne,youtube_comment
Ugwvu8YVTjteoWOSESJ4AaABAg,commercial_cleaners,2023,2023-12,Maybe because there’s no kids around you asking you for a million things 😅,14,False,False,0,0,clean like a housekeeper #youtubeshorts #clean #hacks #trending,Vanesa Amaro,dwWbDbbcRjY,@Blandy7,2023-12-01 16:22:50+00:00,cleaning jobs Melbourne,youtube_comment
UgxZA-HolgQI9WwcRlp4AaABAg,commercial_cleaners,2023,2023-11,"I need hacks, as I have chronic pain and fatigue and cannot spend hours cleaning.",15,False,True,0,0,clean like a housekeeper #youtubeshorts #clean #hacks #trending,Vanesa Amaro,dwWbDbbcRjY,@sierrarmcclain,2023-11-25 00:22:04+00:00,cleaning jobs Melbourne,youtube_comment
UgxNRrev5HwCC6Vyr994AaABAg,commercial_cleaners,2023,2023-11,Ok. Show me! Please and thank you,7,False,False,0,0,clean like a housekeeper #youtubeshorts #clean #hacks #trending,Vanesa Amaro,dwWbDbbcRjY,@elizabethmedinavallejo7958,2023-11-22 18:08:32+00:00,cleaning jobs Melbourne,youtube_comment
Ugx4L1dhFt9KmZxKmtt4AaABAg,commercial_cleaners,2023,2023-11,I clean houses and people have issues with adding work but not pay more. The rich people esp. one I have to ask bi weekly for my pay and she gets pissed. Do it yourself ms thang,37,False,True,0,0,clean like a housekeeper #youtubeshorts #clean #hacks #trending,Vanesa Amaro,dwWbDbbcRjY,@sandradavidson3161,2023-11-19 12:41:15+00:00,cleaning jobs Melbourne,youtube_comment
Ugyk-05mvvSELANa-f54AaABAg,commercial_cleaners,2023,2023-11,I used to clean houses and it’s true! BUT as someone with ADHD AND OCD I can’t clean ANYTHING fast lol,21,False,True,0,0,clean like a housekeeper #youtubeshorts #clean #hacks #trending,Vanesa Amaro,dwWbDbbcRjY,@FurrypawsAngel,2023-11-17 20:54:27+00:00,cleaning jobs Melbourne,youtube_comment
UgxWbeCypUEmC_XJYNp4AaABAg,commercial_cleaners,2023,2023-11,This house is already clean...maybe not disinfected but tidy....,9,False,True,0,0,clean like a housekeeper #youtubeshorts #clean #hacks #trending,Vanesa Amaro,dwWbDbbcRjY,@maryzimmerman3072,2023-11-17 05:13:23+00:00,cleaning jobs Melbourne,youtube_comment
UgxPAwqdo02K-VTwHWp4AaABAg,commercial_cleaners,2023,2023-11,"I'm sure you have great tricks and hacks, but I never have a house without children running around and can never focus on the deep cleaning without 53 requests every 10 minutes....😂",32,False,True,0,0,clean like a housekeeper #youtubeshorts #clean #hacks #trending,Vanesa Amaro,dwWbDbbcRjY,@carrieann8388,2023-11-16 15:10:33+00:00,cleaning jobs Melbourne,youtube_comment
UgxgfH3lGiN8thTB7hZ4AaABAg,commercial_cleaners,2023,2023-11,It’s a skill and hard work,6,False,False,0,0,clean like a housekeeper #youtubeshorts #clean #hacks #trending,Vanesa Amaro,dwWbDbbcRjY,@mellaanne1,2023-11-16 10:33:41+00:00,cleaning jobs Melbourne,youtube_comment
Ugx1BotgDZkDuISiKBV4AaABAg,commercial_cleaners,2023,2023-11,your knees are going to pass you the bill in few years 🙁,13,False,False,0,0,clean like a housekeeper #youtubeshorts #clean #hacks #trending,Vanesa Amaro,dwWbDbbcRjY,@Lula22-h2q,2023-11-16 09:31:40+00:00,cleaning jobs Melbourne,youtube_comment
UgxOf8PrrXDN_XirMjt4AaABAg,commercial_cleaners,2023,2023-11,😂😂😂 hahaha yes is because i take like 100 breaks when i clean at home,15,False,True,0,0,clean like a housekeeper #youtubeshorts #clean #hacks #trending,Vanesa Amaro,dwWbDbbcRjY,@xg578,2023-11-06 10:03:47+00:00,cleaning jobs Melbourne,youtube_comment
UgwNxbau318IOF4VOJd4AaABAg,commercial_cleaners,2023,2023-11,I’m ready to learn. Please sharw,6,False,False,0,0,clean like a housekeeper #youtubeshorts #clean #hacks #trending,Vanesa Amaro,dwWbDbbcRjY,@laurablake8330,2023-11-06 01:48:35+00:00,cleaning jobs Melbourne,youtube_comment
Ugw3fukCoVzWjnurq5x4AaABAg,commercial_cleaners,2026,2026-03,I am Jeanette boodoo i want to know if you are hiring any one at the time,17,True,False,0,1,Cleaning Assistants at The Royal Melbourne Hospital,The Royal Melbourne Hospital,udqDZG2XZ1Q,@JeanetteBoodoo,2026-03-25 19:51:00+00:00,cleaning jobs Melbourne,youtube_comment
Ugz9QOjFqR_Kh2zaqDh4AaABAg,commercial_cleaners,2021,2021-03,Could you pls pls tell me Tony McGowan in cleaning staff still works he is their 30 plus yrs pls I am his friend,24,True,True,3,0,Cleaning Assistants at The Royal Melbourne Hospital,The Royal Melbourne Hospital,udqDZG2XZ1Q,@wonderbeauty4108,2021-03-07 12:55:16+00:00,cleaning jobs Melbourne,youtube_comment
UgzpJb7TTJM8WwXbQx54AaABAg,commercial_cleaners,2023,2023-02,Work with me 🚀 LINK IN BIO!,7,False,False,13,8,How to Start a Cleaning Business STEP 1 🧽💰,The Professional Cleaner,_uZ5iXaAuFc,@TheProfessionalCleaner,2023-02-21 17:12:59+00:00,cleaning jobs Melbourne,youtube_comment
UgwVmc19iAH_4NLIcWN4AaABAg,commercial_cleaners,2026,2026-05,I want start a business,5,False,False,0,1,How to Start a Cleaning Business STEP 1 🧽💰,The Professional Cleaner,_uZ5iXaAuFc,@MokshareddyMoki,2026-05-06 17:35:33+00:00,cleaning jobs Melbourne,youtube_comment
UgwmI0Dze22givklPC14AaABAg,commercial_cleaners,2026,2026-03,I want to start as a side hustle,8,False,False,0,1,How to Start a Cleaning Business STEP 1 🧽💰,The Professional Cleaner,_uZ5iXaAuFc,@alanamcmillian5810,2026-03-27 19:21:23+00:00,cleaning jobs Melbourne,youtube_comment
Ugyg4xGhjfKruolH_v54AaABAg,commercial_cleaners,2026,2026-03,I do all the cleaning 🧹🧼💵😁,6,False,True,0,1,How to Start a Cleaning Business STEP 1 🧽💰,The Professional Cleaner,_uZ5iXaAuFc,@SheenaWilliams-b8l,2026-03-18 18:21:47+00:00,cleaning jobs Melbourne,youtube_comment
Ugw-Yi4Zh6VLwg06i-h4AaABAg,commercial_cleaners,2026,2026-03,I have two beautiful children and i need to feed them so I need a job,16,False,False,1,1,How to Start a Cleaning Business STEP 1 🧽💰,The Professional Cleaner,_uZ5iXaAuFc,@JamesNkwane-w1z,2026-03-13 11:48:51+00:00,cleaning jobs Melbourne,youtube_comment
UgxqPjMEK2Fapx3uRJp4AaABAg,commercial_cleaners,2026,2026-03,Do you need a license if it’s a side hustle,10,False,False,0,1,How to Start a Cleaning Business STEP 1 🧽💰,The Professional Cleaner,_uZ5iXaAuFc,@AdrianGarcia-g2y9w,2026-03-04 06:12:24+00:00,cleaning jobs Melbourne,youtube_comment
UgzHIoVVut8HKak9y-x4AaABAg,commercial_cleaners,2026,2026-02,I need job please 😢😢😢😢😢,5,False,False,0,1,How to Start a Cleaning Business STEP 1 🧽💰,The Professional Cleaner,_uZ5iXaAuFc,@velog-pk2,2026-02-22 19:02:04+00:00,cleaning jobs Melbourne,youtube_comment
Ugz43G55tUaTUPkX3tp4AaABAg,commercial_cleaners,2026,2026-01,Do it myself side hustle then full-time,7,False,False,1,0,How to Start a Cleaning Business STEP 1 🧽💰,The Professional Cleaner,_uZ5iXaAuFc,@rozrss12,2026-01-24 00:07:44+00:00,cleaning jobs Melbourne,youtube_comment
UgwBsujJh4jy6wtlVzl4AaABAg,commercial_cleaners,2026,2026-01,I want this as full time,6,False,False,1,1,How to Start a Cleaning Business STEP 1 🧽💰,The Professional Cleaner,_uZ5iXaAuFc,@icared4338,2026-01-23 00:19:36+00:00,cleaning jobs Melbourne,youtube_comment
Ugw09b3i66hdBWV4RQN4AaABAg,commercial_cleaners,2026,2026-01,"Full time 
And staff doing the cleaning",7,False,True,0,1,How to Start a Cleaning Business STEP 1 🧽💰,The Professional Cleaner,_uZ5iXaAuFc,@AlfredComfortlare,2026-01-15 14:47:32+00:00,cleaning jobs Melbourne,youtube_comment
UgxFwPDj39wawnbGMyd4AaABAg,commercial_cleaners,2025,2025-11,For part time to full time business,7,False,False,0,0,How to Start a Cleaning Business STEP 1 🧽💰,The Professional Cleaner,_uZ5iXaAuFc,@AidaMendoza-c6b,2025-11-18 13:41:27+00:00,cleaning jobs Melbourne,youtube_comment
UgwzPOMhC05_eyWrWcF4AaABAg,commercial_cleaners,2025,2025-11,I m from pakistan I want to start,8,False,False,0,0,How to Start a Cleaning Business STEP 1 🧽💰,The Professional Cleaner,_uZ5iXaAuFc,@astershahzad4119,2025-11-18 07:41:00+00:00,cleaning jobs Melbourne,youtube_comment
UgxKDdRV0jH57FEWWjp4AaABAg,commercial_cleaners,2025,2025-11,I want to start my own cleaning business,8,False,True,0,1,How to Start a Cleaning Business STEP 1 🧽💰,The Professional Cleaner,_uZ5iXaAuFc,@tammywilliams9335,2025-11-13 01:38:57+00:00,cleaning jobs Melbourne,youtube_comment
UgxHqJy8mn502Oo_5dt4AaABAg,commercial_cleaners,2025,2025-11,is my experience cleaning my own home enough?,8,False,True,0,1,How to Start a Cleaning Business STEP 1 🧽💰,The Professional Cleaner,_uZ5iXaAuFc,@Andyb7171,2025-11-02 16:52:30+00:00,cleaning jobs Melbourne,youtube_comment
Ugw7UtQRDXfUC3w6SSZ4AaABAg,commercial_cleaners,2025,2025-10,Is this a side hustle job?,6,False,False,1,2,How to Start a Cleaning Business STEP 1 🧽💰,The Professional Cleaner,_uZ5iXaAuFc,@CheyenneNascha23,2025-10-24 19:12:54+00:00,cleaning jobs Melbourne,youtube_comment
Ugxdnq_3EReLYTzpoHp4AaABAg,commercial_cleaners,2025,2025-10,I want to start my own business please?,8,False,False,1,1,How to Start a Cleaning Business STEP 1 🧽💰,The Professional Cleaner,_uZ5iXaAuFc,@ShahidWaheed-r8k,2025-10-09 10:21:22+00:00,cleaning jobs Melbourne,youtube_comment
UgyTuvuxsUYbJPDP3u14AaABAg,commercial_cleaners,2025,2025-10,"I enjoyed this explanation of janitorial services. At Superior Service Plus, we understand every business is unique, which is why we tailor our cleaning programs to ensure consistent, reliable, and high-quality results for each client.",35,False,True,0,0,How to Start a Cleaning Business STEP 1 🧽💰,The Professional Cleaner,_uZ5iXaAuFc,@Isabella-y5e1d,2025-10-02 07:48:17+00:00,cleaning jobs Melbourne,youtube_comment
UgyGATFCldwssDfhaEJ4AaABAg,commercial_cleaners,2025,2025-09,I’d love to start a business and would be appreciative of any help you can provide,16,False,False,4,1,How to Start a Cleaning Business STEP 1 🧽💰,The Professional Cleaner,_uZ5iXaAuFc,@RehabK8Y,2025-09-21 12:22:44+00:00,cleaning jobs Melbourne,youtube_comment
UgyXFGNmggUOhCflta94AaABAg,commercial_cleaners,2025,2025-09,I need this type of job right here 😊,9,False,False,1,2,How to Start a Cleaning Business STEP 1 🧽💰,The Professional Cleaner,_uZ5iXaAuFc,@CheyenneNascha23,2025-09-20 15:15:45+00:00,cleaning jobs Melbourne,youtube_comment
UgxXgqdg_wTvLL_W4G54AaABAg,commercial_cleaners,2025,2025-09,Please I need help on how to start my cleaning business,11,False,True,1,1,How to Start a Cleaning Business STEP 1 🧽💰,The Professional Cleaner,_uZ5iXaAuFc,@ModupeBankole,2025-09-12 17:18:55+00:00,cleaning jobs Melbourne,youtube_comment
UgxUcqdTetBNEOGnDbx4AaABAg,commercial_cleaners,2025,2025-09,I want to start as a full time job❤,9,False,False,1,2,How to Start a Cleaning Business STEP 1 🧽💰,The Professional Cleaner,_uZ5iXaAuFc,@Getrudesaidi-r9w,2025-09-09 22:49:10+00:00,cleaning jobs Melbourne,youtube_comment
Ugz4gvnoDPcgz_QXVrd4AaABAg,commercial_cleaners,2025,2025-08,Can we do cash jobs as a business owner or is it risky ?,14,False,False,1,1,How to Start a Cleaning Business STEP 1 🧽💰,The Professional Cleaner,_uZ5iXaAuFc,@tirupathinaidu1990,2025-08-19 10:26:49+00:00,cleaning jobs Melbourne,youtube_comment
UgyvbOMpKERNd0nhKyJ4AaABAg,commercial_cleaners,2025,2025-08,I want a cleaning job in uk i have 2 year experience in housekeeping,14,False,True,1,2,How to Start a Cleaning Business STEP 1 🧽💰,The Professional Cleaner,_uZ5iXaAuFc,@Gurudattapattanaik,2025-08-16 08:17:24+00:00,cleaning jobs Melbourne,youtube_comment
Ugy5SBgawSydlRo3hjp4AaABAg,commercial_cleaners,2025,2025-08,You have any vacancy I have a 10 years experience in Australia now I am California,16,True,False,1,1,How to Start a Cleaning Business STEP 1 🧽💰,The Professional Cleaner,_uZ5iXaAuFc,@IsmeetPannu,2025-08-03 22:32:42+00:00,cleaning jobs Melbourne,youtube_comment
Ugz9ltrEBZgy1A84ix94AaABAg,commercial_cleaners,2025,2025-08,I want to start off as side hustle please. Any information would be greatly appreated. Thank you,17,False,False,4,3,How to Start a Cleaning Business STEP 1 🧽💰,The Professional Cleaner,_uZ5iXaAuFc,@Blessings11-11,2025-08-02 21:40:47+00:00,cleaning jobs Melbourne,youtube_comment
Ugwl-pgjsEVx29Ou8BZ4AaABAg,commercial_cleaners,2025,2025-06,what is the best vacuum cleaner for a cleaning business?,10,False,True,2,1,How to Start a Cleaning Business STEP 1 🧽💰,The Professional Cleaner,_uZ5iXaAuFc,@KelechiOlekanma,2025-06-06 07:55:39+00:00,cleaning jobs Melbourne,youtube_comment
UgyF6sGA-ZPom-7Ku8t4AaABAg,commercial_cleaners,2025,2025-05,Hiii i want this to be my full time income but i done know how to get my business out there help pls❤,23,False,False,2,1,How to Start a Cleaning Business STEP 1 🧽💰,The Professional Cleaner,_uZ5iXaAuFc,@tyeishaburkett135,2025-05-05 00:10:08+00:00,cleaning jobs Melbourne,youtube_comment
UgyDBY7f67JQUbvjLnZ4AaABAg,commercial_cleaners,2025,2025-04,Hello please suggest me where i can buy cleaning products in bulk wholesale i have searched they all look expensive,20,False,True,1,1,How to Start a Cleaning Business STEP 1 🧽💰,The Professional Cleaner,_uZ5iXaAuFc,@ktoor7414,2025-04-21 19:47:12+00:00,cleaning jobs Melbourne,youtube_comment
Ugwk9BvhqIS9I6_uz0V4AaABAg,commercial_cleaners,2025,2025-04,"Starting a cleaning business? Focus on finding your niche, offering great service, and setting up a simple booking system to keep things organized. Tools like Cleanly, a scheduling app, can really make your life easier, too!",36,False,True,1,1,How to Start a Cleaning Business STEP 1 🧽💰,The Professional Cleaner,_uZ5iXaAuFc,@mirmamun-f9k,2025-04-09 08:51:14+00:00,cleaning jobs Melbourne,youtube_comment
Ugxpvgklt6zyzZZzcMl4AaABAg,commercial_cleaners,2025,2025-04,Please is the airbnb clean the must lucrative among others,10,False,True,1,1,How to Start a Cleaning Business STEP 1 🧽💰,The Professional Cleaner,_uZ5iXaAuFc,@GhaliyaKashim,2025-04-05 22:25:15+00:00,cleaning jobs Melbourne,youtube_comment
Ugx1gSAXFGDmegUNGiJ4AaABAg,commercial_cleaners,2025,2025-03,I wanted to make it full-time,6,False,False,1,1,How to Start a Cleaning Business STEP 1 🧽💰,The Professional Cleaner,_uZ5iXaAuFc,@razaabbasmir2953,2025-03-14 20:05:05+00:00,cleaning jobs Melbourne,youtube_comment
Ugwmv8Kl9z2ebGk1ADF4AaABAg,commercial_cleaners,2025,2025-01,I'm seeking people that can help me start my cleaning business. Part-time into full time. In the Nashville Tennessee area.,20,False,True,1,1,How to Start a Cleaning Business STEP 1 🧽💰,The Professional Cleaner,_uZ5iXaAuFc,@benjaminmiller9432,2025-01-31 11:51:09+00:00,cleaning jobs Melbourne,youtube_comment
UgxumBlyBs_ERmtWo7V4AaABAg,commercial_cleaners,2024,2024-09,"I want to start up a cleaning business 
Can I have your WhatsApp number ma “am",16,False,True,0,0,How to Start a Cleaning Business STEP 1 🧽💰,The Professional Cleaner,_uZ5iXaAuFc,@TreasureOdion,2024-09-11 20:27:37+00:00,cleaning jobs Melbourne,youtube_comment
Ugz8jehj32-e6myO1MJ4AaABAg,commercial_cleaners,2024,2024-09,Ty ❤ For Your Info,5,False,False,2,1,How to Start a Cleaning Business STEP 1 🧽💰,The Professional Cleaner,_uZ5iXaAuFc,@TruPowerMedia,2024-09-02 22:02:20+00:00,cleaning jobs Melbourne,youtube_comment
UgxcF5ydJ8dWkVDb9H94AaABAg,commercial_cleaners,2024,2024-03,"Seriously, I want to start my own cleaning company in India",11,False,True,2,2,How to Start a Cleaning Business STEP 1 🧽💰,The Professional Cleaner,_uZ5iXaAuFc,@jitendrabhosale9212,2024-03-30 02:49:59+00:00,cleaning jobs Melbourne,youtube_comment
UgzyLVOJPZ1OKiGNWdp4AaABAg,commercial_cleaners,2024,2024-01,I have a question hope o can get a fast answer is 240$ ok price for monthly cleaning a 3 bedroom 3 bathroom house ? People travel,27,False,True,6,3,How to Start a Cleaning Business STEP 1 🧽💰,The Professional Cleaner,_uZ5iXaAuFc,@Californiaqueen209,2024-01-24 03:50:56+00:00,cleaning jobs Melbourne,youtube_comment
UgwqKKZ0ksJupMVuNoZ4AaABAg,commercial_cleaners,2024,2024-01,"I want to start as a side hussle first,can you help me how to start please.",16,False,False,7,2,How to Start a Cleaning Business STEP 1 🧽💰,The Professional Cleaner,_uZ5iXaAuFc,@vivianjehoma3638,2024-01-04 15:16:27+00:00,cleaning jobs Melbourne,youtube_comment
UgwoWa_OjqCQAlpqDbt4AaABAg,commercial_cleaners,2023,2023-12,"I'm divine. I'd like it full-time in brazil, sao-paulo.however, I would love it to transit into staff cleaning",18,False,True,1,1,How to Start a Cleaning Business STEP 1 🧽💰,The Professional Cleaner,_uZ5iXaAuFc,@THEYOUNGHEART,2023-12-22 14:27:24+00:00,cleaning jobs Melbourne,youtube_comment
Ugy64HXNZopebxOWclJ4AaABAg,commercial_cleaners,2023,2023-12,And do you also cover commercial cleani g start ups.,10,False,True,1,1,How to Start a Cleaning Business STEP 1 🧽💰,The Professional Cleaner,_uZ5iXaAuFc,@happinesswatts,2023-12-11 04:00:08+00:00,cleaning jobs Melbourne,youtube_comment
UgyjWJvuOyQjBWac4J14AaABAg,commercial_cleaners,2023,2023-12,I want to start as a side hustle first,9,False,False,17,1,How to Start a Cleaning Business STEP 1 🧽💰,The Professional Cleaner,_uZ5iXaAuFc,@happinesswatts,2023-12-11 03:58:48+00:00,cleaning jobs Melbourne,youtube_comment
UgzUqpT6c2HzyTPX_f14AaABAg,commercial_cleaners,2023,2023-12,I want to start my cleaning business i want to hire and work my self 40hrs like everyone else.,19,False,True,1,2,How to Start a Cleaning Business STEP 1 🧽💰,The Professional Cleaner,_uZ5iXaAuFc,@juliosandoval8244,2023-12-02 12:19:31+00:00,cleaning jobs Melbourne,youtube_comment
UgxDMS0KuC4xW8GHbvZ4AaABAg,commercial_cleaners,2023,2023-11,Hue can I send staffs to do the cleaning how do I pay them by hour,16,False,True,1,2,How to Start a Cleaning Business STEP 1 🧽💰,The Professional Cleaner,_uZ5iXaAuFc,@mermaidmebygigi7312,2023-11-07 17:53:24+00:00,cleaning jobs Melbourne,youtube_comment
UgxXXUWCU6jJ5RKIIZd4AaABAg,commercial_cleaners,2023,2023-10,I’m looking for a job right now if you can give me one would be nice,16,False,False,2,1,How to Start a Cleaning Business STEP 1 🧽💰,The Professional Cleaner,_uZ5iXaAuFc,@DeloresRosettaNelson-ff4gr,2023-10-23 10:27:22+00:00,cleaning jobs Melbourne,youtube_comment
UgwXJ__UN2ILC7uK5J94AaABAg,commercial_cleaners,2023,2023-10,A full time cleaning I need a guideline please,9,False,True,2,2,How to Start a Cleaning Business STEP 1 🧽💰,The Professional Cleaner,_uZ5iXaAuFc,@mercyekpadi,2023-10-09 00:03:30+00:00,cleaning jobs Melbourne,youtube_comment
UgyAGmId9tSjeejWTMJ4AaABAg,commercial_cleaners,2023,2023-09,I want a full time income.. and I like this business.. I'm from Philippines.. Thank you,16,False,False,2,1,How to Start a Cleaning Business STEP 1 🧽💰,The Professional Cleaner,_uZ5iXaAuFc,@RoselynJabien-z9n,2023-09-24 10:57:47+00:00,cleaning jobs Melbourne,youtube_comment
UgzfkwXVJnmn__TN2k94AaABAg,commercial_cleaners,2023,2023-09,Me and an immigrant want to start one how should we start,12,False,False,4,2,How to Start a Cleaning Business STEP 1 🧽💰,The Professional Cleaner,_uZ5iXaAuFc,@MR.X-t9i,2023-09-01 06:33:56+00:00,cleaning jobs Melbourne,youtube_comment
UgwK_vHl0ftyw3AZ4F94AaABAg,commercial_cleaners,2023,2023-06,Hi I need help from you I want to open the business,12,False,False,3,2,How to Start a Cleaning Business STEP 1 🧽💰,The Professional Cleaner,_uZ5iXaAuFc,@AwunuFreeman-he6gs,2023-06-09 04:31:10+00:00,cleaning jobs Melbourne,youtube_comment
UgwL5jjh-nHzdGkztOV4AaABAg,education_aides,2026,2026-02,"every tip is central, core, key. I though key is only one?",12,False,False,0,0,Tips for Teaching Assistants - 10 Ways You Can Thrive in the Classroom,My-Progression,XRAKmUoXFZY,@LyNguyen-cl5jo,2026-02-07 11:49:08+00:00,teacher aide Australia,youtube_comment
UgzeWQcKuohPMdYmRox4AaABAg,education_aides,2026,2026-01,"Tip 1: Developing Relationships 

Tip 3: Encouraging Independence 

Tip 6: Preparation is Key",13,False,False,3,0,Tips for Teaching Assistants - 10 Ways You Can Thrive in the Classroom,My-Progression,XRAKmUoXFZY,@joyciabell6125,2026-01-26 15:36:25+00:00,teacher aide Australia,youtube_comment
Ugzt_0ZJPkZe_xzb4QB4AaABAg,education_aides,2026,2026-01,"Thank you so much! My favourite too is to move around the classroom being pro active, ensuring the children understand, a simple too but easy to overlook the simple things when new to the job and so much to remember,thank you",41,False,True,8,4,Tips for Teaching Assistants - 10 Ways You Can Thrive in the Classroom,My-Progression,XRAKmUoXFZY,@scruffycavegirl,2026-01-01 16:53:54+00:00,teacher aide Australia,youtube_comment
UgySyhbNbLodkgWJBAh4AaABAg,education_aides,2025,2025-11,SPED (Autism Self Contained class) TA Tips 😊😂,8,False,False,1,0,Tips for Teaching Assistants - 10 Ways You Can Thrive in the Classroom,My-Progression,XRAKmUoXFZY,@theboyscoutboy,2025-11-19 01:36:31+00:00,teacher aide Australia,youtube_comment
UgxeB-A-AD-nafOrVM94AaABAg,education_aides,2025,2025-11,I might be getting one,5,False,False,0,0,Tips for Teaching Assistants - 10 Ways You Can Thrive in the Classroom,My-Progression,XRAKmUoXFZY,@Estoy_DemiGod,2025-11-17 05:26:53+00:00,teacher aide Australia,youtube_comment
UgxwxFi4eD0YvDYJMmV4AaABAg,education_aides,2025,2025-11,"Thank you..
Ill be asking for directions before class and feedback on my support at the end of lesson",19,False,False,2,0,Tips for Teaching Assistants - 10 Ways You Can Thrive in the Classroom,My-Progression,XRAKmUoXFZY,@GeraldGriffith-ys4bl,2025-11-11 05:48:48+00:00,teacher aide Australia,youtube_comment
Ugw8YInPBAwkoQvxCxl4AaABAg,education_aides,2025,2025-11,Need your support and advice,5,False,False,0,0,Tips for Teaching Assistants - 10 Ways You Can Thrive in the Classroom,My-Progression,XRAKmUoXFZY,@mybelovedAllah1995,2025-11-03 11:00:48+00:00,teacher aide Australia,youtube_comment
UgzbQAc5D8fbEWtksFh4AaABAg,education_aides,2025,2025-11,"I am a TA in secondary school for a year,unfortunately my worst experience was in a class how to keep the students calm and quiet to listen to the teacher during the lecture",33,False,True,1,1,Tips for Teaching Assistants - 10 Ways You Can Thrive in the Classroom,My-Progression,XRAKmUoXFZY,@mybelovedAllah1995,2025-11-03 10:59:58+00:00,teacher aide Australia,youtube_comment
UgznS6XlbDM0D-yX1614AaABAg,education_aides,2025,2025-10,"Im looking to try at being a teaching assistant but as ive been homeschooled for most of my life what are some things i probably dont know about, like behaviour of different age groups and is it a stressful environment and how many breaks do you usually get while on the job ect. Ill take a response about anything 😂",60,False,False,0,4,Tips for Teaching Assistants - 10 Ways You Can Thrive in the Classroom,My-Progression,XRAKmUoXFZY,@melody1011,2025-10-05 20:31:10+00:00,teacher aide Australia,youtube_comment
UgyxJISEHvgAxNANuoN4AaABAg,education_aides,2025,2025-09,can a teacher assistant work with 1 year group,9,False,True,0,1,Tips for Teaching Assistants - 10 Ways You Can Thrive in the Classroom,My-Progression,XRAKmUoXFZY,@styhhhgggghbvx,2025-09-05 13:55:30+00:00,teacher aide Australia,youtube_comment
UgwIHMG5hgll8fU5htx4AaABAg,education_aides,2025,2025-06,Thank you for the good tips. I have my EA interview next week,13,False,False,5,1,Tips for Teaching Assistants - 10 Ways You Can Thrive in the Classroom,My-Progression,XRAKmUoXFZY,@Fitat50-x8p,2025-06-14 23:20:29+00:00,teacher aide Australia,youtube_comment
Ugx7qSj1cppS344-lQp4AaABAg,education_aides,2025,2025-05,I really appreciate this detailed video for Teaching Assistants. It is practical.,12,False,False,5,1,Tips for Teaching Assistants - 10 Ways You Can Thrive in the Classroom,My-Progression,XRAKmUoXFZY,@carolinekelly3415,2025-05-27 18:32:09+00:00,teacher aide Australia,youtube_comment
Ugzc6OEgl7N2qRivoBd4AaABAg,education_aides,2025,2025-03,Want to more video about teaching assistant.How to be proactive more,11,False,False,0,1,Tips for Teaching Assistants - 10 Ways You Can Thrive in the Classroom,My-Progression,XRAKmUoXFZY,@yeaserarite6743,2025-03-27 16:26:55+00:00,teacher aide Australia,youtube_comment
Ugysp6oFLtNtuTrQN6p4AaABAg,education_aides,2025,2025-03,This is well presented and laid out. Well done,9,False,False,3,1,Tips for Teaching Assistants - 10 Ways You Can Thrive in the Classroom,My-Progression,XRAKmUoXFZY,@DiasporaDoodles,2025-03-26 15:01:50+00:00,teacher aide Australia,youtube_comment
Ugw5hRxsm8N6_5IHEi54AaABAg,education_aides,2022,2022-08,Hello. I am a licensed teacher in the Philippines and I have a working experience as an ESL teacher. Am I eligible to apply as a teacher's aide?,28,True,True,0,1,How to become a Teacher&#39;s Aide in Australia,Study Work Grow,y9SheAAWsrg,@kayelink5197,2022-08-17 17:55:14+00:00,teacher aide Australia,youtube_comment
UgyHvlpeTFAGFmpF8254AaABAg,education_aides,2021,2021-08,"Hello, I graduated as a math teacher from overseas. How can i apply teacher aide jobs in Queensland? Thanks",19,True,True,0,1,How to become a Teacher&#39;s Aide in Australia,Study Work Grow,y9SheAAWsrg,@85djhutchinson,2021-08-11 23:59:50+00:00,teacher aide Australia,youtube_comment
Ugzdds5FuR_ElB-M40V4AaABAg,education_aides,2021,2021-07,How do I teach in Australia... I am from Ghana,10,True,False,1,1,How to become a Teacher&#39;s Aide in Australia,Study Work Grow,y9SheAAWsrg,@naaodeytackie-yaoboi5090,2021-07-10 10:10:38+00:00,teacher aide Australia,youtube_comment
UgzQIb_d1N1GL9LQuxh4AaABAg,education_aides,2026,2026-05,Working with children is always fun :),7,False,False,0,0,How to Prepare for an Educational Assistant Interview,Sundance College,l_vfUWAx690,@Lockedin_withgrace,2026-05-07 18:53:18+00:00,education support officer Victoria,youtube_comment
UgxXGCsyt0wEMTr79B54AaABAg,education_aides,2026,2026-02,"“I have had the opportunity to work closely with children with various special needs, including autism, ADHD, and learning disabilities. I’ve found that visual aids, like flashcards and interactive activities, help children engage with the lesson. For example, I once worked with a child with autism who struggled with focusing during group activities, and I created a set of visual schedules to help him stay on task, which really improved his participation.",72,False,False,3,0,How to Prepare for an Educational Assistant Interview,Sundance College,l_vfUWAx690,@samueltrevino2550,2026-02-11 10:07:38+00:00,education support officer Victoria,youtube_comment
UgytM6o8kEbA4w65Vah4AaABAg,education_aides,2026,2026-02,"“I have always enjoyed working with children and helping them learn. I find that using flashcards and other visual aids is a great way to reinforce concepts and make learning more accessible. I incorporate group work and hands-on activities into my lessons to ensure that every child is included, engaged, and able to learn in a fun, collaborative environment. I believe that these interactive methods not only support learning but also create a positive and enjoyable classroom atmosphere.",78,False,True,1,0,How to Prepare for an Educational Assistant Interview,Sundance College,l_vfUWAx690,@samueltrevino2550,2026-02-11 10:05:31+00:00,education support officer Victoria,youtube_comment
UgxSfRgUdkXJHmfWXml4AaABAg,education_aides,2026,2026-02,"I have always enjoy working with children and helping them learn. I like using flash card visuals to help them learn I used group work,hands on activities and visuals to include everyone and help them have fun and learn together",40,False,False,0,0,How to Prepare for an Educational Assistant Interview,Sundance College,l_vfUWAx690,@samueltrevino2550,2026-02-11 10:05:26+00:00,education support officer Victoria,youtube_comment
Ugy_NPkPZcDQ-YoX4mV4AaABAg,education_aides,2025,2025-10,Helping kids grow is the best reward,7,False,False,2,0,How to Prepare for an Educational Assistant Interview,Sundance College,l_vfUWAx690,@samueltrevino2550,2025-10-09 16:08:44+00:00,education support officer Victoria,youtube_comment
Ugyqr6PNqeU7qkGkOPp4AaABAg,education_aides,2025,2025-10,I enjoy working with children and helping them learned.,9,False,False,0,0,How to Prepare for an Educational Assistant Interview,Sundance College,l_vfUWAx690,@samueltrevino2550,2025-10-09 16:08:05+00:00,education support officer Victoria,youtube_comment
UgxrUmnLHlcfgxHJGzN4AaABAg,education_aides,2025,2025-06,This is what happens when I AM prepared 😢,9,False,False,35,2,How to Prepare for an Educational Assistant Interview,Sundance College,l_vfUWAx690,@Westernhillupcycling,2025-06-09 02:23:05+00:00,education support officer Victoria,youtube_comment
Ugw1hPdiod4tQvJ_UdZ4AaABAg,education_aides,2026,2026-04,This willl help me a lot in writing my assignments. Ty,11,False,False,0,1,What Makes a Great Teaching Assistant? Top Tips and Advice,My-Progression,msQlx4rx6FA,@NabilaBoria,2026-04-27 19:09:12+00:00,teaching assistant Australia,youtube_comment
UgxylDNtfTyCJciKkGt4AaABAg,education_aides,2026,2026-04,"""Great insights! As a B.Sc Psychology student aiming to work as a TA/ LSA /SHADOW TEACHER I have a question: How much does a solid foundation in Psychology help a fresher to secure these roles, especially in international settings? Does having a science-backed understanding of child development compensate for a lack of years of experience?""",55,False,True,0,1,What Makes a Great Teaching Assistant? Top Tips and Advice,My-Progression,msQlx4rx6FA,@KalyanDutta-z2e,2026-04-19 11:50:23+00:00,teaching assistant Australia,youtube_comment
UgwC8iVQjrhbFbuNvS54AaABAg,education_aides,2026,2026-03,I want to work as teacher assistant I am school Croosing guard but I love children’s what degree I need pls,21,False,True,0,1,What Makes a Great Teaching Assistant? Top Tips and Advice,My-Progression,msQlx4rx6FA,@marilyntovar-reyes9381,2026-03-25 13:48:09+00:00,teaching assistant Australia,youtube_comment
UgyensSXnGNv43gC7iJ4AaABAg,education_aides,2026,2026-03,I want to be a TA but have a learning disability in mathematics and well the rest of my classes I’ve never been good in. This probably isn’t the job for me..I don’t think I’d be able to help anyone. I’m not good at understanding things at all,48,False,False,0,1,What Makes a Great Teaching Assistant? Top Tips and Advice,My-Progression,msQlx4rx6FA,@Rizzler-wd6bk,2026-03-10 22:53:58+00:00,teaching assistant Australia,youtube_comment
UgxXIrDZPvktIAvkgDh4AaABAg,education_aides,2025,2025-12,"Hi mum,am in Dubai am really interested in TA. Where can I take an online TA course?",17,False,False,0,0,What Makes a Great Teaching Assistant? Top Tips and Advice,My-Progression,msQlx4rx6FA,@NtengaTelma,2025-12-01 07:37:01+00:00,teaching assistant Australia,youtube_comment
Ugy_9zptGrsJ8xjsa7p4AaABAg,education_aides,2025,2025-12,"My first language is Arabic, and I speak English well. I'm about to start studying to become a teaching assistant because I have experience working with children, but I'm very afraid of the language. I'm very excited but also very scared. This video has encouraged me a lot. Thank you.",50,False,False,0,1,What Makes a Great Teaching Assistant? Top Tips and Advice,My-Progression,msQlx4rx6FA,@mahamoustafa1583,2025-12-01 05:03:35+00:00,teaching assistant Australia,youtube_comment
UgxHtLnaURIlXdEWfp14AaABAg,education_aides,2025,2025-10,Just start as instructional aid through an agency. But I haven’t start college yet and I am trying to remember everything I learned in high school. It is scary and frustrating. I am just gaining experience from the rap teacher. What are some tips or advise?,46,False,True,0,1,What Makes a Great Teaching Assistant? Top Tips and Advice,My-Progression,msQlx4rx6FA,@GloriaMedina-h9l,2025-10-14 03:14:31+00:00,teaching assistant Australia,youtube_comment
UgzGpPBJMZkMQM1OgjR4AaABAg,education_aides,2025,2025-09,I really hope I can be one soon <3,9,False,False,1,0,What Makes a Great Teaching Assistant? Top Tips and Advice,My-Progression,msQlx4rx6FA,@biscoffology,2025-09-26 19:29:06+00:00,teaching assistant Australia,youtube_comment
UgyM0Yl3vN4Gl1eoNIR4AaABAg,education_aides,2025,2025-09,"Great video, helps a lot! However, I don't understand how someone can expect a TA to have excellent subject knowledge across the curriculum. In high school, a teacher teaches only one subject; how can a TA know everything? Impossible!",39,False,True,0,1,What Makes a Great Teaching Assistant? Top Tips and Advice,My-Progression,msQlx4rx6FA,@marcyk5267,2025-09-17 15:17:32+00:00,teaching assistant Australia,youtube_comment
UgzEtGfO5iyEOsReXtN4AaABAg,education_aides,2025,2025-09,"I’m starting as a TA at a school near me soon and I’m terrified, I’m 19 and all I can think is how am I the best candidate they could’ve picked",31,False,False,0,1,What Makes a Great Teaching Assistant? Top Tips and Advice,My-Progression,msQlx4rx6FA,@Joelasaurus_rex,2025-09-17 11:07:00+00:00,teaching assistant Australia,youtube_comment
UgzmMIRyvqftOc_vKxh4AaABAg,education_aides,2025,2025-07,What's the difference between Teaching assistant and cover Supervisor ?,10,False,False,2,1,What Makes a Great Teaching Assistant? Top Tips and Advice,My-Progression,msQlx4rx6FA,@oranyeluanthony6279,2025-07-06 15:24:35+00:00,teaching assistant Australia,youtube_comment
Ugw_xzZZZ_yFuhZo5t54AaABAg,education_aides,2025,2025-06,I find i enjoy helping students as a ta but i find in the school ive been working in the last while has been challenging. I do my best to students but i find im just standing around. Some of my students won't do work. I do my best to encourage and help them if their stuck. I'm working in a high-school with allot of ADHD students and its quite challenging. Classes are quite challenging every day with constant disruptions from students.,82,False,False,0,1,What Makes a Great Teaching Assistant? Top Tips and Advice,My-Progression,msQlx4rx6FA,@emperorsean1,2025-06-21 01:46:20+00:00,teaching assistant Australia,youtube_comment
Ugy2sQeJW_hoZ3ypdpZ4AaABAg,education_aides,2025,2025-06,"This is jy first time being a TA, and its so overwhelming... i dont know what to do. I think i have done as good as i can, but im still thinking that i made a mistakes. Im not confident enough to speak especially in english, so i get this hard for me. I want to build a good relationship with the teacher, but i dont know how...",68,False,True,0,1,What Makes a Great Teaching Assistant? Top Tips and Advice,My-Progression,msQlx4rx6FA,@Thatxxme,2025-06-11 23:52:36+00:00,teaching assistant Australia,youtube_comment
UgxlGneWMNxasWHoWiJ4AaABAg,education_aides,2025,2025-05,I just got a job as a teaching assistant at a preschool! I’m very excited and can’t wait to get started in the fall! I’m in school get my bachelors in music to become an elementary music teacher. I am very excited to get some experience in the classroom! I am so glad I found this video so I can better understand my role a lot better!!!,67,False,True,11,1,What Makes a Great Teaching Assistant? Top Tips and Advice,My-Progression,msQlx4rx6FA,@amandaholmes8378,2025-05-15 04:36:11+00:00,teaching assistant Australia,youtube_comment
UgzniV-KOq_Hv0lYfaZ4AaABAg,education_aides,2025,2025-04,I'm starting being a T.A and I'm really frustrating I like working with kids but is hard for me to get to them.,23,False,False,0,1,What Makes a Great Teaching Assistant? Top Tips and Advice,My-Progression,msQlx4rx6FA,@mariaromero4313,2025-04-25 01:04:12+00:00,teaching assistant Australia,youtube_comment
UgxFT9o7EbXtIAEiwAF4AaABAg,education_aides,2025,2025-04,"Im on my practicum right now in High school with Grade 8, 9, and 10s. It can be hard to have the confidence to get up and tell studetns to get off their phones while the teacher is talking, but I know getting out of my comfort zone and doing it helps me grow. I think the hardest part of my job as a TA is telling students to stop talking or to pay attention.",75,False,True,3,4,What Makes a Great Teaching Assistant? Top Tips and Advice,My-Progression,msQlx4rx6FA,@RonanReidStar,2025-04-10 02:14:29+00:00,teaching assistant Australia,youtube_comment
UgwTJDw1UjEbxI1WO7p4AaABAg,education_aides,2025,2025-03,Some days I feel like I’m super efficient and effective and then other days I’m clumsy and forgetful. I hope I’ll get more confident with time. I hope I’m helpful.,30,False,False,35,2,What Makes a Great Teaching Assistant? Top Tips and Advice,My-Progression,msQlx4rx6FA,@WalterWhitesGoatee123,2025-03-11 19:47:51+00:00,teaching assistant Australia,youtube_comment
UgwKorW9CI_GncRYOtl4AaABAg,education_aides,2025,2025-01,"Please let me know what does job educated assistant during practical the work as a teacher or just a helper, and they are follow teacher instruction. Please let me know your answer.",32,False,True,0,0,What Makes a Great Teaching Assistant? Top Tips and Advice,My-Progression,msQlx4rx6FA,@diyamahi2877,2025-01-25 05:58:32+00:00,teaching assistant Australia,youtube_comment
UgwA0TnlYqCrFQXBZ6N4AaABAg,education_aides,2025,2025-01,Plzz share where you took this first level course,9,False,False,0,1,What Makes a Great Teaching Assistant? Top Tips and Advice,My-Progression,msQlx4rx6FA,@NehaTaneja-o6f,2025-01-12 16:13:59+00:00,teaching assistant Australia,youtube_comment
Ugw9atRBzgnodCQ0MYd4AaABAg,education_aides,2024,2024-12,"Your video is 12 minutes, no values in your words, just show up in pronouncing words, no information, 👎👎👎👎👎👎👎👎 very weak video",22,False,False,0,2,What Makes a Great Teaching Assistant? Top Tips and Advice,My-Progression,msQlx4rx6FA,@maryamzamani7781,2024-12-28 16:27:08+00:00,teaching assistant Australia,youtube_comment
UgxRCaYou00_Lt_oYE14AaABAg,education_aides,2024,2024-11,I have an interview for teacher assistant on Tuesday what should I expect,13,False,True,1,2,What Makes a Great Teaching Assistant? Top Tips and Advice,My-Progression,msQlx4rx6FA,@ramneekscreations,2024-11-06 13:28:40+00:00,teaching assistant Australia,youtube_comment
UgzJOlERlwbqNXwI13N4AaABAg,education_aides,2024,2024-11,"I first watched this video when I completed a level 1 TA Assistant course at the end of August, and have watched it at least four times since as I prepare to start my journey as a TA. After being taken on by an agency I should be placed shortly. But I wanted to thank you for this video and your other videos that I have already watched. They have really helped to prepare me for what comes next, and again I can't thank you enough.",86,False,False,14,8,What Makes a Great Teaching Assistant? Top Tips and Advice,My-Progression,msQlx4rx6FA,@Thepeacepoet45,2024-11-05 13:42:46+00:00,teaching assistant Australia,youtube_comment
Ugzx_DnlRHTNLCLVyzp4AaABAg,education_aides,2024,2024-10,Though it seems alot😅it was helpful thank you for this information as i move into my career.,17,False,False,1,1,What Makes a Great Teaching Assistant? Top Tips and Advice,My-Progression,msQlx4rx6FA,@rosaleescott7777,2024-10-29 20:55:51+00:00,teaching assistant Australia,youtube_comment
UgyjPLjrVFbNl4eOX_54AaABAg,education_aides,2024,2024-09,Thank you for such an insightful video!,7,False,False,0,1,What Makes a Great Teaching Assistant? Top Tips and Advice,My-Progression,msQlx4rx6FA,@zahraaa.j2733,2024-09-02 20:54:54+00:00,teaching assistant Australia,youtube_comment
UgxcCjFbduGMi0qrucd4AaABAg,education_aides,2024,2024-08,"As a teacher, how do I create positive relationships with my assistant?",12,False,True,3,1,What Makes a Great Teaching Assistant? Top Tips and Advice,My-Progression,msQlx4rx6FA,@chinonsodeborah8432,2024-08-12 13:27:00+00:00,teaching assistant Australia,youtube_comment
Ugy_f9oWTrfoIYY4Xyd4AaABAg,education_aides,2024,2024-07,Thanks for sharing these details for a Teaching Assistant.,9,False,False,1,1,What Makes a Great Teaching Assistant? Top Tips and Advice,My-Progression,msQlx4rx6FA,@carolinekelly3415,2024-07-01 02:00:37+00:00,teaching assistant Australia,youtube_comment
UgzSNExpz_qLCQSmXAx4AaABAg,education_aides,2024,2024-06,I’m preparing for an interview and this video was very helpful. Thank you.,13,False,False,34,3,What Makes a Great Teaching Assistant? Top Tips and Advice,My-Progression,msQlx4rx6FA,@angelahjchin,2024-06-22 08:16:16+00:00,teaching assistant Australia,youtube_comment
UgwWD1xfC0yPCyiDMTN4AaABAg,education_aides,2024,2024-06,Great video. This was awesome and very informative.,8,False,False,0,0,What Makes a Great Teaching Assistant? Top Tips and Advice,My-Progression,msQlx4rx6FA,@chitownfan06,2024-06-06 19:41:43+00:00,teaching assistant Australia,youtube_comment
UgxVEet3uYGozgDrwR94AaABAg,education_aides,2024,2024-05,"British TAs need to learn how to speak their own language properly before starting in a classroom. The problems are mainly with native English speakers, as the non-natives are usually ok! I'm constantly hearing double negatives and tenses (eg. did-done, were-was, seen-saw, went-go, come-came etc.) the wrong way round and even during lessons on grammar! How is this helping children to learn English?",63,False,True,7,0,What Makes a Great Teaching Assistant? Top Tips and Advice,My-Progression,msQlx4rx6FA,@ZigSputnik,2024-05-25 11:10:26+00:00,teaching assistant Australia,youtube_comment
UgxrW25QxpAFclTcYKV4AaABAg,education_aides,2024,2024-04,Just finished the application process for TA at a DOE preschool and I'm highly anxious and nervous the closer I get to my start date. Been working with a company that works with children that may have development issues. They haven't done great by training and I haven't done so well at other preschools. If anyone has extra advice for me. Please and thank you!,65,False,False,0,2,What Makes a Great Teaching Assistant? Top Tips and Advice,My-Progression,msQlx4rx6FA,@cest_la_vie26,2024-04-19 05:22:56+00:00,teaching assistant Australia,youtube_comment
UgzGbFsrj4FoWtjxrLx4AaABAg,education_aides,2024,2024-04,I want to be a general TA,7,False,False,0,1,What Makes a Great Teaching Assistant? Top Tips and Advice,My-Progression,msQlx4rx6FA,@smrutimishra2194,2024-04-03 08:26:46+00:00,teaching assistant Australia,youtube_comment
UgzCSC_0uHS2xUEeKwV4AaABAg,education_aides,2024,2024-03,keep up the good work!,5,False,False,0,1,What Makes a Great Teaching Assistant? Top Tips and Advice,My-Progression,msQlx4rx6FA,@ilkanpasa7547,2024-03-03 11:05:31+00:00,teaching assistant Australia,youtube_comment
Ugyr3ra_HO05AJ1HPiJ4AaABAg,education_aides,2024,2024-01,Most of the classroom misbehaviours are a result of poor home upbringing. Parents need to do more to make the teachers' days more enjoyable.,24,False,True,20,1,What Makes a Great Teaching Assistant? Top Tips and Advice,My-Progression,msQlx4rx6FA,@mr.differenzchannel7270,2024-01-25 14:55:45+00:00,teaching assistant Australia,youtube_comment
UgyhHMkm3XjQ53xwuE14AaABAg,education_aides,2024,2024-01,"This part is really necessary because many do not know a TA has a lot of teaching helping hands to render in the classroom.
Thanks for this enlightenment.",28,False,True,9,1,What Makes a Great Teaching Assistant? Top Tips and Advice,My-Progression,msQlx4rx6FA,@adaezinwanyiokenna4501,2024-01-23 18:55:57+00:00,teaching assistant Australia,youtube_comment
UgxWigKvfaje060ezzR4AaABAg,education_aides,2023,2023-12,Please i want to do this! Help me!,8,False,False,0,1,What Makes a Great Teaching Assistant? Top Tips and Advice,My-Progression,msQlx4rx6FA,@cindyriehm7411,2023-12-15 02:46:31+00:00,teaching assistant Australia,youtube_comment
Ugwq8WaIaDdfTyrLDcV4AaABAg,education_aides,2023,2023-12,I am only a sub! Its frustrating!,7,False,False,0,2,What Makes a Great Teaching Assistant? Top Tips and Advice,My-Progression,msQlx4rx6FA,@cindyriehm7411,2023-12-15 02:40:51+00:00,teaching assistant Australia,youtube_comment
UgztxODS_xoN2SbiulB4AaABAg,education_aides,2023,2023-11,I had been teaching in primary school in HK for 27 years. Now I'm living in the UK.....i can't say i'm able to manage the TA works in the UK.,30,False,False,2,1,What Makes a Great Teaching Assistant? Top Tips and Advice,My-Progression,msQlx4rx6FA,@r24044,2023-11-21 21:12:30+00:00,teaching assistant Australia,youtube_comment
UgwYL-3L1_W40fyqSUt4AaABAg,education_aides,2023,2023-11,"Youve made this video quite well presented and easy to follow, thanks!",12,False,False,4,1,What Makes a Great Teaching Assistant? Top Tips and Advice,My-Progression,msQlx4rx6FA,@mekquake5879,2023-11-08 18:16:03+00:00,teaching assistant Australia,youtube_comment
UgyIN6snBqCjxh_AYz94AaABAg,education_aides,2023,2023-10,Excellent video!! Thank you a lot for sharing!!!,8,False,False,1,1,What Makes a Great Teaching Assistant? Top Tips and Advice,My-Progression,msQlx4rx6FA,@Lore2345-c2x,2023-10-04 00:42:02+00:00,teaching assistant Australia,youtube_comment
UgxoRjTRTaoOvtWQaZd4AaABAg,education_aides,2023,2023-08,I tried to be a TA in high school.. They assigned me to the janitor to clean lunch tables. I was angry and stopped showing up. I wanted to help teachers not the Janitor!,34,False,True,0,3,What Makes a Great Teaching Assistant? Top Tips and Advice,My-Progression,msQlx4rx6FA,@northyland1157,2023-08-27 08:58:50+00:00,teaching assistant Australia,youtube_comment
UgydI6hrbcS5U9L7qoJ4AaABAg,education_aides,2023,2023-07,I liked the contents showcased on your channel. Thank you.,10,False,False,3,1,What Makes a Great Teaching Assistant? Top Tips and Advice,My-Progression,msQlx4rx6FA,@Maximus-g1c,2023-07-29 03:07:12+00:00,teaching assistant Australia,youtube_comment
UgwvjOtzzXXK_6RqBWd4AaABAg,education_aides,2023,2023-07,I have been aTA for 3yrs now and I needed these encouraging words again to boost my confidence. Thanks for sharing.,21,False,False,57,3,What Makes a Great Teaching Assistant? Top Tips and Advice,My-Progression,msQlx4rx6FA,@ivygasu9108,2023-07-24 07:24:45+00:00,teaching assistant Australia,youtube_comment
UgzIfDQfo4S7laQKX0t4AaABAg,education_aides,2023,2023-07,May I please be adviced on the best institute that can give me a worldwide recognized Cache level 2 certificate and doing it online? Your response will highly be appreciated. Thanks,31,False,False,2,2,What Makes a Great Teaching Assistant? Top Tips and Advice,My-Progression,msQlx4rx6FA,@nassozirehemah3725,2023-07-18 03:50:31+00:00,teaching assistant Australia,youtube_comment
Ugzod_cKAoGC2SGaFs54AaABAg,education_aides,2023,2023-07,Thanks. This is really helpful.,5,False,False,1,1,What Makes a Great Teaching Assistant? Top Tips and Advice,My-Progression,msQlx4rx6FA,@Xante188,2023-07-10 04:16:23+00:00,teaching assistant Australia,youtube_comment
UgwF1R8kHTfNVC16-P14AaABAg,education_aides,2023,2023-05,Thanks for adding more knowledge on how to be a good TA.,12,False,False,5,1,What Makes a Great Teaching Assistant? Top Tips and Advice,My-Progression,msQlx4rx6FA,@damilolaawotundun9875,2023-05-24 11:33:19+00:00,teaching assistant Australia,youtube_comment
UgwqxdGKXLL_ZYZuQI94AaABAg,education_aides,2023,2023-04,This is very insightful. Thank you,6,False,False,1,1,What Makes a Great Teaching Assistant? Top Tips and Advice,My-Progression,msQlx4rx6FA,@OmotomilolaAdedoyin,2023-04-29 12:42:20+00:00,teaching assistant Australia,youtube_comment
UgxQ6Lya7OeNrKwGokd4AaABAg,education_aides,2023,2023-03,"In America, we actually have three different types of what one might call a TA. We have General Education Paraprofessional (GenEd Para), Special Education Paraprofessional (SpEd Para), and Behavioral Technician (BT)(which technically qualifies as a Paraprofessional) GenEds typically help on more of a group level or work in a lunch room, library, or office position, SpEds typically work one on one with those who have Autism, Asperger's, and ADHD who need additional support, guidance, or correction. BTs work more with those who have more challenging medical and Behavioral needs.",89,False,False,11,3,What Makes a Great Teaching Assistant? Top Tips and Advice,My-Progression,msQlx4rx6FA,@kg7yts187,2023-03-12 04:12:29+00:00,teaching assistant Australia,youtube_comment
UgyQUl6zscSwS3B78Qh4AaABAg,education_aides,2022,2022-11,Thanks for all the advice,5,False,False,1,0,What Makes a Great Teaching Assistant? Top Tips and Advice,My-Progression,msQlx4rx6FA,@roomanaaktar4291,2022-11-09 17:14:07+00:00,teaching assistant Australia,youtube_comment
UgwhO6Sn4doaD-UXVF94AaABAg,education_aides,2026,2026-05,How to apply teaching assistant please?,6,False,False,0,0,A DAY IN MY LIFE AS A TEACHER ASSISTANT 📚✏️✨ #workdayinmylife #minivlog #teachersassistant #ditl,Esme ,v0kyeGVlFh8,@israelitomontaus9188,2026-05-19 12:40:41+00:00,integration aide school Victoria,youtube_comment
UgzV47urv6SexZglkKN4AaABAg,education_aides,2026,2026-01,"When I leave school, I’d like to work as a teaching assistant in an elementary school, I love seeing little kids because it reminds of me when I was little 😊",31,False,False,8,4,A DAY IN MY LIFE AS A TEACHER ASSISTANT 📚✏️✨ #workdayinmylife #minivlog #teachersassistant #ditl,Esme ,v0kyeGVlFh8,@MagicalLeia,2026-01-18 13:32:11+00:00,integration aide school Victoria,youtube_comment
Ugy04e7-lAkHMYXHGMJ4AaABAg,education_aides,2025,2025-11,I will be one of the staff members at Cramerton Middle School,12,False,False,4,3,A DAY IN MY LIFE AS A TEACHER ASSISTANT 📚✏️✨ #workdayinmylife #minivlog #teachersassistant #ditl,Esme ,v0kyeGVlFh8,@James-hb2jz,2025-11-25 23:09:35+00:00,integration aide school Victoria,youtube_comment
UgxVE1zbgKPkLracTzh4AaABAg,education_aides,2025,2025-10,Aka a paraprofessional in my state. Do you like it?,10,False,False,1,1,A DAY IN MY LIFE AS A TEACHER ASSISTANT 📚✏️✨ #workdayinmylife #minivlog #teachersassistant #ditl,Esme ,v0kyeGVlFh8,@shavezequeenbellamy1996,2025-10-31 13:18:07+00:00,integration aide school Victoria,youtube_comment
UgxMyqHV3_hMlr2nyYJ4AaABAg,education_aides,2025,2025-10,Giving a try to this,5,False,False,1,0,A DAY IN MY LIFE AS A TEACHER ASSISTANT 📚✏️✨ #workdayinmylife #minivlog #teachersassistant #ditl,Esme ,v0kyeGVlFh8,@samueltrevino2550,2025-10-09 16:05:10+00:00,integration aide school Victoria,youtube_comment
UgxGTd469RDn9N_43Cx4AaABAg,education_aides,2025,2025-06,Aww this is so adorable,5,False,False,2,0,A DAY IN MY LIFE AS A TEACHER ASSISTANT 📚✏️✨ #workdayinmylife #minivlog #teachersassistant #ditl,Esme ,v0kyeGVlFh8,@melallstar7264,2025-06-30 08:44:40+00:00,integration aide school Victoria,youtube_comment
Ugz3eOuRkaLaB5ojX5R4AaABAg,education_aides,2026,2026-05,Sist. Is teacher aide same as volunteer teacher?,8,False,True,0,1,Teacher Aid | the Job and the Pay,Grow Yourself in New Zealand,DYoJrRkcipA,@Iyoko76,2026-05-11 02:54:16+00:00,teacher aide pay Australia,youtube_comment
UgxNz09n6sZ0uU6R05l4AaABAg,education_aides,2025,2025-11,Hi ...i hv been teaching since 18 years in India ..what all skills required to crack the interview ??,19,False,False,0,0,Teacher Aid | the Job and the Pay,Grow Yourself in New Zealand,DYoJrRkcipA,@lifez_beautiful,2025-11-30 10:56:29+00:00,teacher aide pay Australia,youtube_comment
UgzYYYmQXKwcCI8Lwch4AaABAg,education_aides,2025,2025-02,Sis I love the way you opened talk,8,False,False,0,1,Teacher Aid | the Job and the Pay,Grow Yourself in New Zealand,DYoJrRkcipA,@sujatha9876,2025-02-06 02:32:28+00:00,teacher aide pay Australia,youtube_comment
Ugwh_nCsL4WMCzmEemp4AaABAg,education_aides,2024,2024-06,Why weren’t you able to find a job while being a qualified teacher ?,14,False,True,0,1,Teacher Aid | the Job and the Pay,Grow Yourself in New Zealand,DYoJrRkcipA,@TMF_-hn9lv,2024-06-19 10:22:07+00:00,teacher aide pay Australia,youtube_comment
UgwTIV9goUiVE-oPo6V4AaABAg,education_aides,2024,2024-05,Hello. Can i migrate to new zealand as a assistant teacher or aid teacher ?,15,False,True,0,1,Teacher Aid | the Job and the Pay,Grow Yourself in New Zealand,DYoJrRkcipA,@OdunolaOlowa,2024-05-04 22:56:36+00:00,teacher aide pay Australia,youtube_comment
UgyciXKWcCTjkm4X3hd4AaABAg,education_aides,2024,2024-03,"Hi thank you for useful info....
Are teacher aides paid weekly or fortnightly?",13,False,True,0,1,Teacher Aid | the Job and the Pay,Grow Yourself in New Zealand,DYoJrRkcipA,@lenahwatson2718,2024-03-21 02:41:21+00:00,teacher aide pay Australia,youtube_comment
UgwsfiMrn0VQ0HLE0BR4AaABAg,education_aides,2024,2024-01,Hi ❤ new lng poh kmi sa nz auckland my son he need Special education program San poh kyang school pwde siya? Salamat,23,False,False,0,1,Teacher Aid | the Job and the Pay,Grow Yourself in New Zealand,DYoJrRkcipA,@edwingalias7913,2024-01-16 21:37:44+00:00,teacher aide pay Australia,youtube_comment
UgxyLnprDS9A4renp7R4AaABAg,education_aides,2024,2024-01,Hi ❤ new lng poh kmi sa nz auckland my son he need Special education program San poh kyang school pwde siya? Salamat,23,False,False,1,1,Teacher Aid | the Job and the Pay,Grow Yourself in New Zealand,DYoJrRkcipA,@edwingalias7913,2024-01-16 21:37:44+00:00,teacher aide pay Australia,youtube_comment
UgwnKStLbW8Tg_etQg94AaABAg,education_aides,2024,2024-01,Hi ❤ new lng poh kmi sa nz auckland my son he need Special education program San poh kyang school pwde siya? Salamat,23,False,False,1,0,Teacher Aid | the Job and the Pay,Grow Yourself in New Zealand,DYoJrRkcipA,@edwingalias7913,2024-01-16 21:37:41+00:00,teacher aide pay Australia,youtube_comment
Ugyog6lsEkWEWpxxIL54AaABAg,motor_mechanics,2026,2026-01,"Heavy diesel and light vehicle mechanics can offer very different migration and career outcomes, depending on your situation.
If you’d like to explore:
• Which trade course suits your background
• Student visa options and eligibility
• Realistic PR pathways based on demand and location
👉 Speak with the Pathway to Aus team for a FREE personalised education pathway 
🔗 Book a consultation via the link in the description: https://pathwaytoaus.com/contact-us/

⚠ General information only. Migration outcomes depend on individual circumstances and government policy at the time of application.",88,True,True,0,0,Heavy Diesel Mechanic vs Light Vehicle Mechanic | Smart PR Pathway in Australia 2026,Pathway To Aus,NZCC0b-R6fE,@Pathwaytoaus,2026-01-29 04:22:34+00:00,motor mechanic Australia,youtube_comment
UgzcL-xnL7k-g5JoPvd4AaABAg,motor_mechanics,2026,2026-02,I'm looking for an opportunity to get an apprenticeship with any company like this it would be great,18,False,False,0,1,Day in the Life of a Mechanic Apprentice | Sam’s Light Vehicle Apprenticeship Story,Golden West Apprenticeships,ZJjCSxhSyz4,@BenjaminKoivogui,2026-02-20 08:06:26+00:00,motor mechanic Australia,youtube_comment
UgxYAUQF86SJ-EWm9xB4AaABAg,motor_mechanics,2025,2025-04,"i’m 21 years old i went to an automotive trade school str8 out of high school for 1.5. Got a job at a dodge dealership as a lube tech did that for like 9 months along with learning things. Then they put me with the senior tech, the guy was unpleasant to say the least. I believe he was like late 50s i think italian. But Me and him bumped heads previously due to how he approached me and another tech when he was showing me something he believed to be wrong(which wasn’t). So it’s like they just threw me to the wolves so to speak atp cuz why not put me with the guy who i worked by everyday and already teaching me. Got to a point where i was so miserable i would just call off or go and just do my online cert work. I got let go not too long after which was the best thing that happened to me, got a fleet job that pays more, less stressful, and nice management. I would just tell me peers if u wanna in automotive look into fleet company’s not dealerships.",193,False,True,24,2,Why Apprentices in the Automotive Industry Are Getting Screwed Over | Lance Mechanics,Lance Mechanics,3vU5cqvs_bU,@4.3Devv,2025-04-09 17:28:00+00:00,auto mechanic apprenticeship Australia,youtube_comment
UgyhYs5DI2umWZMn_jN4AaABAg,motor_mechanics,2026,2026-05,"Real and useful information, but how do you get a job with a heavy equipment company or as an electrician if you have absolutely no experience or knowledge? Like apprentice program.",31,False,False,0,0,Why Apprentices in the Automotive Industry Are Getting Screwed Over | Lance Mechanics,Lance Mechanics,3vU5cqvs_bU,@FilipBohatiuk,2026-05-08 15:03:55+00:00,auto mechanic apprenticeship Australia,youtube_comment
UgzklqLwptgpauJygaF4AaABAg,motor_mechanics,2026,2026-04,Auto body tech here. Didn't do trade school joined a buddy at 20 who was in it his whole life basically and became a helper. Was about 8 years before I hit A tech after that but dude didnt want me buying tools for the first 4 years and weird things to hold me down come to find out he was just trying to keep me down and want me to build his cars... long story short I came kn after 6 years of working for him and he had hired his new drift buddy and fired me but didnt bother to tell me... I believe helpers should be put through aome stuff but not like this or that😊,119,False,False,1,0,Why Apprentices in the Automotive Industry Are Getting Screwed Over | Lance Mechanics,Lance Mechanics,3vU5cqvs_bU,@Whizker.Bizcuts,2026-04-16 15:10:26+00:00,auto mechanic apprenticeship Australia,youtube_comment
UgzldxjSawChR1OwlHp4AaABAg,motor_mechanics,2026,2026-04,"Am a pacific islander and and we are the worst . Most guys we are paired with are hotshots like, know it all and they'll tell you every time like am suppose to know what they know and we get alot of shit for that .",46,False,False,0,0,Why Apprentices in the Automotive Industry Are Getting Screwed Over | Lance Mechanics,Lance Mechanics,3vU5cqvs_bU,@ValeLeia-g8k,2026-04-13 11:18:05+00:00,auto mechanic apprenticeship Australia,youtube_comment
UgwAQn2tvjfExgoVuOF4AaABAg,motor_mechanics,2026,2026-03,I’m in Alberta been screwed out of a welder apprenticeship. Did other things for a while I like automotive and being over 40 and going back into the trades is different now. Planning on self study and challenging exams. I hope I don’t get screwed like the story in this video.,51,False,True,2,0,Why Apprentices in the Automotive Industry Are Getting Screwed Over | Lance Mechanics,Lance Mechanics,3vU5cqvs_bU,@digitalbilly,2026-03-07 10:27:21+00:00,auto mechanic apprenticeship Australia,youtube_comment
UgwIzg0np6R4nA1y_ot4AaABAg,motor_mechanics,2026,2026-02,"I’m currently 22 going through automotive service school. This has been my route and plan since grade 10 I’ve been in a special program had to be relinquished from it due to injuries then went back to school to get the required credits that I needed once doing that I applied for college for two years in a row got in on my second year now on 3/4 of my way through my automotive service technician year one I’m coming up to my pre-apprenticeship and block exam here in the next couple months hearing stuff like this worries me as I found school in itself a little bit discouraging as I know that everybody has to learn at their own pace and they have to reassure that everybody knows exactly what they’re talking about but for someone like me, I have lived eat, breathed everything automotive cars not saying that I know everything every day I’m learning piles upon piles of information. All I’m asking from the school is to give us more proper information and teaching about how the industry works and some of these things that we might run across within the industry we’ve barely had any diagnosis time and a lot of our testing has been online which I’ve found a lot of kids open up a second window and Google the questions very blatantly open in the class. This also discourage me because I try hired every day to get really good grades showing the school. I know my knowledge and challenging myself with bigger projects than what they can give me I found lots of times that they give us small projects and I like to take it to the next level. I feel like if we’re about to be taking cars apart we really need to learn how to lube and properly grease a brake system ensure that the car is functioning properly inspect suspension components and other stuff like that we have not went through very much of that where we’ve went through a lot of component ID tools, ID and theory along with the online learning, which doesn’t really help people like me let alone people that are trying to learn I find it’s a struggle day-to-day to challenge myself as we are put a very minimal task, but it takes very long amounts of time for most students to complete once again not being rude or disrespectful.",406,False,True,0,0,Why Apprentices in the Automotive Industry Are Getting Screwed Over | Lance Mechanics,Lance Mechanics,3vU5cqvs_bU,@EvanArseneault,2026-02-19 21:54:03+00:00,auto mechanic apprenticeship Australia,youtube_comment
UgxIF0XnpGb3_B-vOCJ4AaABAg,motor_mechanics,2026,2026-02,"1st year mechanic here in Ireland. Pay is crap earning €6 an hour. Apprentices here do more laborious jobs than actually certified techs. We get hazed, shouted and mocked. But expects us to man up to build character. Which is quite opposite because it just built’s hate towards the certified techs and towards the industry. We have a foreman that is a bully towards apprentices and everyone is sick of him but he doesnt know that. He thinks it’s all funny and all. I dont want to leave my apprenticeship and look for a better employer. Any tips on how to handle these situations?",104,False,True,2,1,Why Apprentices in the Automotive Industry Are Getting Screwed Over | Lance Mechanics,Lance Mechanics,3vU5cqvs_bU,@Alar26-c7g,2026-02-17 02:27:30+00:00,auto mechanic apprenticeship Australia,youtube_comment
UgxS-wzkkwuedXLi5754AaABAg,motor_mechanics,2026,2026-02,"After working for 1 month I asked the employer about apprenticeship, suddenly for few days he started saying you are slow as hell.

And pointing out my mistakes very aggressively.

And he said I will test you for 1 month more.😂 Wtf.

Everything was normal until I asked again.
Again same behavior started. 

So now I just stopped asking",59,False,False,0,0,Why Apprentices in the Automotive Industry Are Getting Screwed Over | Lance Mechanics,Lance Mechanics,3vU5cqvs_bU,@ravvi.slarpuria,2026-02-12 02:37:01+00:00,auto mechanic apprenticeship Australia,youtube_comment
UgyoJ7MZ5kZ9h46TDq94AaABAg,motor_mechanics,2026,2026-01,"When you realize you can make more money not destroying your back and having older people micromanage your every move, you tend to take the wiser path. Why try to fix something you know is designed to fail? Why WANT to fix something that is designed to fail? Money is not enough of a motivation when the industry is only a fraction of a reflection of our failing society. Get what you can get out of it if you like cars and then bounce. Let all the older guys who wanna act like they're hot shit, get stuck with more than their crippling bodies and their egos can handle. Walking away from automotive felt so damn good.",117,False,True,1,1,Why Apprentices in the Automotive Industry Are Getting Screwed Over | Lance Mechanics,Lance Mechanics,3vU5cqvs_bU,@hybridyd1305,2026-01-31 03:50:21+00:00,auto mechanic apprenticeship Australia,youtube_comment
UgzE_t6Yd2_pk0CHQ8x4AaABAg,motor_mechanics,2026,2026-01,5:59 was exactly my situation. Left the automotive industry after 5 years. Worked in automotive from 14-19. I'm 19 now in mechanical construction and couldn't be more happier,28,False,True,0,0,Why Apprentices in the Automotive Industry Are Getting Screwed Over | Lance Mechanics,Lance Mechanics,3vU5cqvs_bU,@Slightlyshadymechanic,2026-01-29 15:20:51+00:00,auto mechanic apprenticeship Australia,youtube_comment
Ugy9d6XRZOeR59yOV2d4AaABAg,motor_mechanics,2026,2026-01,I had to fight for the last 10 months to get a 2 dollar raise. I’m making 20 dollars an hour to do everything. yeah I’m learning but legit ain’t making a livable wage for mass and have to buy tools on top of my life. it’s expensive and dogshit lol already put at least 2k into my shitty tools and they want us to go flat rate at 25 bucks an hour doing oil changes and brake jobs yeah I know a bit but I ain’t the greatest I’m def not flat rate yet. they want all the new techs who aren’t even a year in to go flat rate. ill get more jobs but at the moment not even selling 16 hours industry is def some bs but it is what it is,135,False,False,0,0,Why Apprentices in the Automotive Industry Are Getting Screwed Over | Lance Mechanics,Lance Mechanics,3vU5cqvs_bU,@TheMFJoe420,2026-01-29 12:08:04+00:00,auto mechanic apprenticeship Australia,youtube_comment
UgyyU-jtRaUMu0mwgmR4AaABAg,motor_mechanics,2026,2026-01,This is crazy to see it’s the same situation for all the country. I’m come from France and the story is the same… Pray that a small group of people who have survived this system of intimidation can change this and impose a more lenient vision.,46,False,False,0,0,Why Apprentices in the Automotive Industry Are Getting Screwed Over | Lance Mechanics,Lance Mechanics,3vU5cqvs_bU,@wisdom4452,2026-01-23 12:17:05+00:00,auto mechanic apprenticeship Australia,youtube_comment
UgyZUAum39WkQY5HQON4AaABAg,motor_mechanics,2026,2026-01,"I am an ASE certified master Automotive technician with Advanced drivability and emissions certification. I also have medium and heavy duty truck Master certification the best thing I ever did was leave the automotive industry and become an electrical propulsion specialist for rail vehicles. I would absolutely not recommend the automotive industry to any young people today. I tell them that if they like working on cars then they should keep it as a hobby and use their Hands-On skills in a trade that will actually pay them and give them good benefits. Electrician, plumber, ironworker, mason, carpenter ( depending on the job market). Be the guy making serious six-figure money in a decent trade who has a project car in the driveway.",123,False,True,1,0,Why Apprentices in the Automotive Industry Are Getting Screwed Over | Lance Mechanics,Lance Mechanics,3vU5cqvs_bU,@thatcarguy1UZ,2026-01-09 09:15:27+00:00,auto mechanic apprenticeship Australia,youtube_comment
UgzzRgIZelHKO4FeVoN4AaABAg,motor_mechanics,2026,2026-01,"In the UK I started automotive apprenticeship but soon thinkin of leaving. I found out that self employed car valeters/detailers earn way more money within 1 hour compared to a mechanics wage. Like here in UK starting mechanics are only paid about £18k- 22k per year thats really shit, aprrentices are on £7 per hour even tho the minimum wage is £12.41 per hour. The detailers dont have a wage ceiling that stops, they can charge whatever they like, they can also upsell products and they can start very cheap instantly with only a few items and get customers unlike mechanics were they need to invest in really expensive tools. Customers pay big money for cosmetic asthetics.",117,False,True,0,0,Why Apprentices in the Automotive Industry Are Getting Screwed Over | Lance Mechanics,Lance Mechanics,3vU5cqvs_bU,@Steve00alt,2026-01-05 11:54:21+00:00,auto mechanic apprenticeship Australia,youtube_comment
UgxWGCQk-rO-qSrsfDJ4AaABAg,motor_mechanics,2026,2026-01,I'm a diesel mechanic and I'm old and dumb 😂😅,10,False,True,0,0,Why Apprentices in the Automotive Industry Are Getting Screwed Over | Lance Mechanics,Lance Mechanics,3vU5cqvs_bU,@adhemartucker8171,2026-01-04 23:29:03+00:00,auto mechanic apprenticeship Australia,youtube_comment
UgzSsbzi6hFcZL_6GO94AaABAg,motor_mechanics,2026,2026-01,"I’m built different and actually pretty much skipped the whole apprenticeship at my dealership. I started off in express doing oil change, tires, and alignments for only 2 months and went straight to being a line tech in the main shop. I ain’t gonna lie, it was hard and it was sink or swim but I grinded day in and day out to get up to speed. Every night I studied the manufacturer TSB’s and reviewed the shop manual like a high school student getting ready to take the SAT’s.",90,False,False,3,0,Why Apprentices in the Automotive Industry Are Getting Screwed Over | Lance Mechanics,Lance Mechanics,3vU5cqvs_bU,@beastfromtheeast9318,2026-01-04 00:05:43+00:00,auto mechanic apprenticeship Australia,youtube_comment
UgwrMwYPyiQ7rWabcdB4AaABAg,motor_mechanics,2026,2026-01,You forgot to include the amount of tools to buy as mechanic will be non stop and the price inflated every time.,22,False,True,0,0,Why Apprentices in the Automotive Industry Are Getting Screwed Over | Lance Mechanics,Lance Mechanics,3vU5cqvs_bU,@timoasmara6267,2026-01-03 02:39:08+00:00,auto mechanic apprenticeship Australia,youtube_comment
UgyKZQco4KlbO1ZqH454AaABAg,motor_mechanics,2026,2026-01,"I’m in the states. And it’s very much the same. I went to school for 1.5 yrs. Started working while in school. So full time school and work. I’m in an independent shop the past 3 years, I got a good hourly raise for sure. We are not flat rate in our shop, but I’m still basically stuck as a GS/Libe tech. I’ve brought in my personal vehicle, done an engine replacement and timing kit while there. 1 Saturday it took me. From 7am-2pm. Seems long I know but I was ALONE! I asked for larger jobs after the boss saw what I was capable of. 6 months later…. Still a lube tech…. Boutta bounce for sure I’m tired of this shit. I spent so much money on school, tools, I graduated top of my class with a 4.0 GPA and PERCECT ATTENDANCE! Still a lube tech….",147,False,False,0,0,Why Apprentices in the Automotive Industry Are Getting Screwed Over | Lance Mechanics,Lance Mechanics,3vU5cqvs_bU,@Maxdangelo854,2026-01-02 19:30:54+00:00,auto mechanic apprenticeship Australia,youtube_comment
UgwXUvBAEqLicO1Eu1l4AaABAg,motor_mechanics,2026,2026-01,currently going through this in real life..will be transitioning to another trade soon.,13,False,False,1,1,Why Apprentices in the Automotive Industry Are Getting Screwed Over | Lance Mechanics,Lance Mechanics,3vU5cqvs_bU,@Fruitsoftheroots,2026-01-02 03:36:34+00:00,auto mechanic apprenticeship Australia,youtube_comment
Ugzayatb8gN-NiEMRsZ4AaABAg,motor_mechanics,2026,2026-01,not just the auto industry buddy,6,False,False,0,0,Why Apprentices in the Automotive Industry Are Getting Screwed Over | Lance Mechanics,Lance Mechanics,3vU5cqvs_bU,@JohnBrown-vn2qw,2026-01-02 01:56:46+00:00,auto mechanic apprenticeship Australia,youtube_comment
UgwHI3kc0sT6kLOGYYp4AaABAg,motor_mechanics,2025,2025-12,My buddy works for ford as a red seal 10 years.... i work for an oil change co 10 years ... i make more per year lol no school no tool truck or box.,34,False,False,1,1,Why Apprentices in the Automotive Industry Are Getting Screwed Over | Lance Mechanics,Lance Mechanics,3vU5cqvs_bU,@GluebagTV,2025-12-26 03:02:27+00:00,auto mechanic apprenticeship Australia,youtube_comment
Ugxu9zg8BeSDPsee_Dt4AaABAg,motor_mechanics,2025,2025-12,"I experienced this sort of thing in my unsuccessful time during a 310T Truck & Coach Apprenticeship too. Worked in 2 Independent Shops (one of which is a Navistar subcontractor), and 2 Fleet shops. In the independent shops, the management was absolute scum. Promising the world at the beginning, but treating the apprentices like slaves. Despite showing the initiative and being eager to learn, the shop foreman and service manager kept me on either oil changes, brake jobs, or steering kingpins. When I asked the shop foreman about when I would start learning complex work like diagnostics, engines, transmissions, ect... I was told to just keep doing what I was told, or I am free to leave. That was for a duration of 2 years in the Independent shop setting. In the fleet shops, the management only wants the basic running repairs done , and if any complex work on an engine needs to be done, they outsource it to a dealer under ""warranty"", just to save money. Once the warranty runs out, they will sell the vehicle, and replace it with a brand new one that will be covered by warranty. Absolutely no way to learn to better my mechanic skills when this is how the industry functions.",209,False,True,0,0,Why Apprentices in the Automotive Industry Are Getting Screwed Over | Lance Mechanics,Lance Mechanics,3vU5cqvs_bU,@denistverdokhlebov4451,2025-12-04 20:31:26+00:00,auto mechanic apprenticeship Australia,youtube_comment
UgzIydPSDMEGplh4SYB4AaABAg,motor_mechanics,2025,2025-11,"Pretty sad how poorly mechanics are treated. I never understood why employers treat their employees like shit. By treating people poorly, you won't retain good employees and you'll always be hiring and training new people. It doesn't make sense. If you treat people well, they will be loyal and stay and grow with the company. This is one of the reasons why I push people to do their own work and not trust shops, especially dealerships, because it's pretty obvious most of the good mechanics are probably either working for themselves or have left the industry entirely. Shop mechanics screw up jobs with a pretty high frequency. I hear about it all the time on forums and Facebook groups. There are good mechanics and shops out there, but unfortunately, there's a lot of bad and dishonest ones too that take advantage of their customers ignorance. Women are always being taken advantage of.",152,False,True,0,0,Why Apprentices in the Automotive Industry Are Getting Screwed Over | Lance Mechanics,Lance Mechanics,3vU5cqvs_bU,@TimmyTheToolman,2025-11-24 02:32:56+00:00,auto mechanic apprenticeship Australia,youtube_comment
Ugxq8oXEh6ltU9pFHrF4AaABAg,motor_mechanics,2025,2025-11,"We had to racks of work orders where I did my apprenticeship at Ford, 1 for QL and 1 for the ""back shop"". My calls as an apprentice would get taken away unless the job really sucked to do then id get it back. It got to the point where I'd nick my work orders with a pen, and if i saw them go back on the ""back shop"" rack Id take it and do the job. My service manager hated it, my GM loved it. Service managers will always be the problem.",93,False,False,0,0,Why Apprentices in the Automotive Industry Are Getting Screwed Over | Lance Mechanics,Lance Mechanics,3vU5cqvs_bU,@dondasilva5527,2025-11-22 21:42:02+00:00,auto mechanic apprenticeship Australia,youtube_comment
UgzVvrJxu6krZbvta0Z4AaABAg,motor_mechanics,2025,2025-11,"They have to show up for work consistently before all else.

No work ethics and expecting top pay.",18,False,False,0,0,Why Apprentices in the Automotive Industry Are Getting Screwed Over | Lance Mechanics,Lance Mechanics,3vU5cqvs_bU,@PaulysAuto,2025-11-21 12:59:02+00:00,auto mechanic apprenticeship Australia,youtube_comment
Ugy12iV84124sIRcnLl4AaABAg,motor_mechanics,2025,2025-11,Just another reason I thank God for living in a free country. Sounds like canadia has some real issues with communism…,21,False,False,0,1,Why Apprentices in the Automotive Industry Are Getting Screwed Over | Lance Mechanics,Lance Mechanics,3vU5cqvs_bU,@chrisk3195,2025-11-20 11:57:45+00:00,auto mechanic apprenticeship Australia,youtube_comment
Ugw8cmsI5H3YGPvPbGx4AaABAg,motor_mechanics,2025,2025-11,"lot of shops here in ontario have one licensed tech in the shop , and the rest are unlicensed techs, no goodwill or comraderie, then upper management complains, use to work at Canadian Tire on 401 and Keele in the mid 80's, was there 12 hous a day, could not make 30 hours flat a week.Had 19 bays and all flat rate techs. We Need respect in this industry and better compensation or this industry is doomed. I changed careers and got into aerospace, best career decision I ever made. Money was fantastic, retired, and now I fly to my cottage in my own plane .",106,False,False,0,0,Why Apprentices in the Automotive Industry Are Getting Screwed Over | Lance Mechanics,Lance Mechanics,3vU5cqvs_bU,@markjones-z8v,2025-11-20 03:36:46+00:00,auto mechanic apprenticeship Australia,youtube_comment
UgwgxE_-Cbd7kawa0Tp4AaABAg,motor_mechanics,2025,2025-11,completed the freightliner apprenticeship at the truck dealership now i signed a 4 year contract that i have to stay with the company since owners paid 40k for my oem courses,31,False,False,0,0,Why Apprentices in the Automotive Industry Are Getting Screwed Over | Lance Mechanics,Lance Mechanics,3vU5cqvs_bU,@michaelvillanueva240,2025-11-09 12:44:21+00:00,auto mechanic apprenticeship Australia,youtube_comment
UgxWgxYZhan1W4dyJqt4AaABAg,motor_mechanics,2025,2025-11,"Have a automotive diploma, cannot even get into lube shops especially. Might as well try doing Millwright",17,False,True,2,2,Why Apprentices in the Automotive Industry Are Getting Screwed Over | Lance Mechanics,Lance Mechanics,3vU5cqvs_bU,@thisistiktokhellooo,2025-11-03 01:47:30+00:00,auto mechanic apprenticeship Australia,youtube_comment
UgxVkBFRRZokPksf6Np4AaABAg,motor_mechanics,2025,2025-10,"They don’t wanna train. Just belittle and complain about why we’re not making them money. Help, don’t put us down. I’ve never learned anything by not making mistakes.",28,False,False,1,0,Why Apprentices in the Automotive Industry Are Getting Screwed Over | Lance Mechanics,Lance Mechanics,3vU5cqvs_bU,@garretteidson8372,2025-10-18 19:42:39+00:00,auto mechanic apprenticeship Australia,youtube_comment
Ugxf3kiTJ8OkbiTj2vh4AaABAg,motor_mechanics,2025,2025-10,Im currently an apprentice at a dealer here in ontario as well and got screwed over coming back from level 2 cause they hired philipino people who were licensed where they came from to work here for hourly so they could get their license here. When I got back from level 2 they put me in the lube lane with a lube tech whos also here from another country for an apprenticeship and they told me I would be working in the lube lane for 2 weeks at first which then turned into 6 weeks then got told lube lane was no longer busy and was thrown into detailing. Clearly hated that and made sure they understood that but then they decided to throw me in the parts department where i was until i left for level 3 and before leaving i was promised to be back in the shop when i got back again but a visit to them the other day proved they really dont care at all and now im almost done level 3 I really dont want to go back. They did try to give me a chance after level 1 but I was still not able to make any hours cause all the tower would give me is the new cars that came in for multi points that the licensed guys didnt want to deal with cause of their milage and would be a waste of time for them. i did say something about it but only resulted in me getting a car with some milage on it but every time i tried to sell something customers would always decline and the only time i did sell something a tech steals the work. I think after all that happening they lost confidence in me even after i kept repeating to them what keeps on happening they just dont care any more even though i busted my ass when i finallly figured out my grove just to get the jobs done quick and proper. All i know is I might be packing my box up and leaving soon. where im gonna go from here no idea. But 310T is definitely in my head now.,368,False,False,0,0,Why Apprentices in the Automotive Industry Are Getting Screwed Over | Lance Mechanics,Lance Mechanics,3vU5cqvs_bU,@chriscooper3503,2025-10-16 18:16:49+00:00,auto mechanic apprenticeship Australia,youtube_comment
Ugwl9-DhDdr3UogrwoR4AaABAg,motor_mechanics,2025,2025-10,"i just got my first apprenticeship, coming from the 'corporate' world. It's exciting but after interviewing a bunch, i noticed that there are still some really good mechanics out there, who understand the difference between hands-on vs school and are willing to take you on. I've also had one that said we'd start you off hourly, but after a few months of training, you'll be paid flat-rate. I couldn't bring myself to do that, because i'm still so new to this, and what if an hour job takes me 8 hours because of my experience level. But the one i'm starting out at, is a family run business, so it seems way more honest. They're assigning two techs to me that i get to shadow at different times. One specializes in diesel and electric and the other is a 'regular' master mechanic. So i'm still completely oblivious to what it'll truly be like to work in this industry, but i think finding a place that gets your foot into many different doors is important, as you can more easily leap into higher paying jobs like fleet or heavy.",188,False,True,4,0,Why Apprentices in the Automotive Industry Are Getting Screwed Over | Lance Mechanics,Lance Mechanics,3vU5cqvs_bU,@Kevin-od5xz,2025-10-01 11:29:25+00:00,auto mechanic apprenticeship Australia,youtube_comment
UgyfS0GuC7WGBlWaNd14AaABAg,motor_mechanics,2025,2025-08,I was registered and still hired a 16 year old with zero experience and practiced auto body work,18,False,False,0,0,Why Apprentices in the Automotive Industry Are Getting Screwed Over | Lance Mechanics,Lance Mechanics,3vU5cqvs_bU,@Joe-ey5sh,2025-08-03 17:02:13+00:00,auto mechanic apprenticeship Australia,youtube_comment
UgzGppwlVJEdN8Etx0B4AaABAg,motor_mechanics,2025,2025-08,You're right was there for 6 years for my apprenticeship in refinishing just to get terminated without cause and being prevented from learning,23,False,False,1,0,Why Apprentices in the Automotive Industry Are Getting Screwed Over | Lance Mechanics,Lance Mechanics,3vU5cqvs_bU,@Joe-ey5sh,2025-08-03 16:55:22+00:00,auto mechanic apprenticeship Australia,youtube_comment
UgyYqkdzotSV-G8ZVoB4AaABAg,motor_mechanics,2025,2025-05,"Located in Ontario.
I agree with your statement about shop owners/ dealership management.

Simultaneously however, I feel that these young guns show signs of incorrect mentality too

Yes, they do the shit stuff, but when we were younger, we cleaned the toilets, ,take out the trash, swept the floor, dealt with the flooding floor in summer and shovelled the snow in winter too.

The only difference, aside from bad employers, is these young guns don’t hustle to get their job done so they can earn the chance to grab the flash light for the technicians, which is valuable observational learning 

AND, we were on minimum wage too.",107,False,False,1,1,Why Apprentices in the Automotive Industry Are Getting Screwed Over | Lance Mechanics,Lance Mechanics,3vU5cqvs_bU,@cjng1831,2025-05-17 15:58:57+00:00,auto mechanic apprenticeship Australia,youtube_comment
UgxpyvLGWsY-VMaswZ14AaABAg,motor_mechanics,2025,2025-05,"Central bank and inflation 
Maybe the biggest factor on money buying power. 
Living wages keep going down over time. 
Even though wages increase the living standards decrease over time. If you go back to 70s a standard wage now be over $300k -$400 a year 
Only a few career choices kept up with that inflation. I think its deliberately done. 
Family used to be able to live on one income 
What you talked about has been going on before our generations. 
Far as apprentice and wages. It could be moral or ethical question. 
It pays more with other jobs like you said. Its not appeciated but i think system is set up deliberately like it is. 
Taxes is sorta a slave system. It shapes character and morals.
It partly take from you and others and giving to others. 
Think it can cause greed and other responses from others. Its training morals.",151,False,False,2,0,Why Apprentices in the Automotive Industry Are Getting Screwed Over | Lance Mechanics,Lance Mechanics,3vU5cqvs_bU,@NicolasBoddiford-c8x,2025-05-11 19:12:01+00:00,auto mechanic apprenticeship Australia,youtube_comment
UgxdRWSeMN1YIa0QrcF4AaABAg,motor_mechanics,2025,2025-04,"lol you can tell the industry is screwed for a while now, these lube techs, they cross thread and overtighten drain plugs among other things they neglected on my used car that i now do all the things i can on it. the industry has no good workers left. i bet they're all migrant workers now too and no one to teach them anything like how to not destroy a drain bolt.",72,False,False,1,1,Why Apprentices in the Automotive Industry Are Getting Screwed Over | Lance Mechanics,Lance Mechanics,3vU5cqvs_bU,@gods_chosen_chuds,2025-04-29 23:07:46+00:00,auto mechanic apprenticeship Australia,youtube_comment
UgxfRZaW0TVlRjgDx6J4AaABAg,motor_mechanics,2025,2025-04,"Lube tech here from Washington State. First comment on your video Lance Mechanic, I love your content, you're funny to watch, plus my wife is Canadian from Ontario which makes me appreciate you even more. 

So I guess I'm very lucky because as a Lube tech I get 22$ which is minimum wage here, plus 100$ weekly bonus of the recommendations I push and a 350$ production bonus if I hit 25 flag hours. I work as a horse at a dealership, do around 15 oil and rotations, plus other BS that advisors ask me to do. I do it wth the smile, I've been working there for only 6 months now. I get around 33$/h with all the bonuses which I'm gratetulf for but I feel like I'm at a dead end. Our dealership promises to pay for our schooling after a year of lubing. Problem is that as soon as I go to school I will be back to 22$/h and then the flat rate is just awful. 

I'm currently applying at multiple fleet companies to work for hourly and just do my best everyday with being pressured to push sales in order to survive each month. 

You're talking about heavy mechanic or heavy fleet mechanic? What is the major difference? I believe working on bigger trucks and handling much bigger parts that for cars?

I'm in my 30 and seriously searching for the best trade career.

Electrical apprenticeships are just too competitive, It's just absurd. I interviewed at 2 unions and 2 big government companies that just put me on a list, it's been a year already.",270,False,True,1,1,Why Apprentices in the Automotive Industry Are Getting Screwed Over | Lance Mechanics,Lance Mechanics,3vU5cqvs_bU,@Dan9395-i7r,2025-04-28 04:44:09+00:00,auto mechanic apprenticeship Australia,youtube_comment
Ugya80tDq_8Y-ffjSCF4AaABAg,motor_mechanics,2025,2025-04,"My last 10 years in the industry I fought like hell for apprentices, especially the younger ones because I could tell they were doing away with it entirely. Might sound crazy to a lot of guys but no one ever taught me a single thing when I was 18 in my first shop, not a single tech even offered. I had to read books on how to use a tire machine, lifts, or pneumatic tools.

So I took an almost parental role with any young tech that was willing to show up and listen, would allow them to use my tools as long as they put them back.. one young man in particular who was 16 years old, extremely polite, coming in after school, got degraded/ridiculed by the service manager in front of everyone because he didn't know how to drive a manual. At the end of the day I went in to the manager's office and drilled into him the way he did that young tech earlier, it nearly cost me my job and the kid never showed up to work again.",183,False,False,5,0,Why Apprentices in the Automotive Industry Are Getting Screwed Over | Lance Mechanics,Lance Mechanics,3vU5cqvs_bU,@COBRO98,2025-04-28 00:03:25+00:00,auto mechanic apprenticeship Australia,youtube_comment
Ugxlitmwdjl0vyU6loJ4AaABAg,motor_mechanics,2025,2025-04,"In N.E. Ohio, I've had my cars worked on at one specific auto repair chain that is common to this area. I've had problems with the quality of their work, but I also understand the challenges they face with obtaining and keeping skilled technicians. A couple of years ago I had an oil change and tire rotation and then drove 500 miles to Richmond, VA. Half way through the trip the car began vibrating violently. I pulled over to the side of the interstate, it was very dark and I could not find any problem. I limped the car to the next exit and luckily there was a 24 Hr truck repair facility that agreed to look over my car. The next morning they called me to look at the car and it turned out that the lug nuts were were loose on one of the front wheels. Being an mechanic is hard work and contrary to popular opinion, it takes a lot of brains to be a good mechanic. Add to this that the pay is not very competitive IMO, so what's the incentive for these guys to stay in this profession? I also understand repair costs are a critical factor for the customer, (who also may not be making much money). The franchise in my area also seems to use very cheap parts that do not hold up for more than 3 months. I've stopped using this Auto Repair Chain for brake work because I get feed- back (vibrations) a few months after the brake job is done. I now spend the extra money getting brakes done at the Dealership because they use OEM parts, which the local auto repair chain refuses to use. This problem is a hard nut to crack, I identify with the customers who can barely afford to maintain a car that they are still making high payments on, and I also identify with the mechanics working at these shops who in many cases are doing very difficult work for minimal pay.",338,False,True,1,0,Why Apprentices in the Automotive Industry Are Getting Screwed Over | Lance Mechanics,Lance Mechanics,3vU5cqvs_bU,@kendemers8821,2025-04-18 22:37:54+00:00,auto mechanic apprenticeship Australia,youtube_comment
UgwvI-SKLUtuiEptUrp4AaABAg,motor_mechanics,2025,2025-04,"It's sad, the IT industry is just like this too and literally burns people out. Those who wasted 4 years in college for entry level IT certs really got screwed the hardest.",32,False,False,3,0,Why Apprentices in the Automotive Industry Are Getting Screwed Over | Lance Mechanics,Lance Mechanics,3vU5cqvs_bU,@ftffighter,2025-04-18 15:46:58+00:00,auto mechanic apprenticeship Australia,youtube_comment
UgwtfnMGMlgpwsPstjh4AaABAg,motor_mechanics,2025,2025-04,Learn to daytrade Dow or S&P futures I make more in 2 hrs a day now then 8 as a mechanic,21,False,True,1,1,Why Apprentices in the Automotive Industry Are Getting Screwed Over | Lance Mechanics,Lance Mechanics,3vU5cqvs_bU,@Quickerticker,2025-04-18 14:06:19+00:00,auto mechanic apprenticeship Australia,youtube_comment
Ugwd2GIdN0d_iplDyY14AaABAg,motor_mechanics,2025,2025-04,"Years ago our pay as a union mechanic was half of hourly wage,that got less every contract.",17,False,True,1,0,Why Apprentices in the Automotive Industry Are Getting Screwed Over | Lance Mechanics,Lance Mechanics,3vU5cqvs_bU,@Quickerticker,2025-04-18 14:01:14+00:00,auto mechanic apprenticeship Australia,youtube_comment
UgzPieYJka7tVMFGoxZ4AaABAg,motor_mechanics,2025,2025-04,They want cheap labor that work fast get it in out as fast as you can,16,False,False,3,0,Why Apprentices in the Automotive Industry Are Getting Screwed Over | Lance Mechanics,Lance Mechanics,3vU5cqvs_bU,@wendwllhickey6426,2025-04-13 15:49:49+00:00,auto mechanic apprenticeship Australia,youtube_comment
UgxQldyPc5fKJJFf43h4AaABAg,motor_mechanics,2025,2025-04,All bosses screw over there people just because they can,10,False,False,1,0,Why Apprentices in the Automotive Industry Are Getting Screwed Over | Lance Mechanics,Lance Mechanics,3vU5cqvs_bU,@wendwllhickey6426,2025-04-13 15:41:31+00:00,auto mechanic apprenticeship Australia,youtube_comment
UgxeCahXlRWxsQAug8J4AaABAg,motor_mechanics,2025,2025-04,Keep your own records the whole time .,8,False,False,1,0,Why Apprentices in the Automotive Industry Are Getting Screwed Over | Lance Mechanics,Lance Mechanics,3vU5cqvs_bU,@wendwllhickey6426,2025-04-13 15:40:18+00:00,auto mechanic apprenticeship Australia,youtube_comment
UgySqdQVrqvJm8Fj52h4AaABAg,motor_mechanics,2025,2025-04,give stitty jobs and never give a raise 😂,9,False,False,0,0,Why Apprentices in the Automotive Industry Are Getting Screwed Over | Lance Mechanics,Lance Mechanics,3vU5cqvs_bU,@wendwllhickey6426,2025-04-13 15:38:52+00:00,auto mechanic apprenticeship Australia,youtube_comment
Ugx_q0Y6M-Eug0vZVnx4AaABAg,motor_mechanics,2025,2025-04,"I am an automotive apprentice technician, I have tried to explain to many employers is that without a present, there isn't a future. If they don't pay me enough to live, I won't be able to continue working there. I just got a 3.5% raise, I still make less than 40k a year, I need 55k to live on my own. I have told them this. I am looking for ""plan B"" currently.",73,False,True,7,0,Why Apprentices in the Automotive Industry Are Getting Screwed Over | Lance Mechanics,Lance Mechanics,3vU5cqvs_bU,@michaelnurrenbrock7845,2025-04-12 00:44:38+00:00,auto mechanic apprenticeship Australia,youtube_comment
Ugwob0m49R5OsHo9sxV4AaABAg,motor_mechanics,2025,2025-04,"I put my 2 weeks in working at a Honda Dealership as an apprentice. I got a job at a small HVAC company as an HVAC Install Helper . Everyone at my shop is patting me on the back telling me “ Your making the right decision mike, i would do the same thing as you” “Flat rate your way out of here while you can” “ you know whats the difference between an HVAC Tech and a Flat rate guy , A HVAC Tech actually gets payed when they show up to work” . definitely telling my future kids , friends, family to stay the fuck away from Auto Mechanics and most definitely stay the fuck away from dealerships for jobs .",123,False,True,4,2,Why Apprentices in the Automotive Industry Are Getting Screwed Over | Lance Mechanics,Lance Mechanics,3vU5cqvs_bU,@mikesuarez5231,2025-04-10 15:31:42+00:00,auto mechanic apprenticeship Australia,youtube_comment
UgwfeCe0w-HkEHL7w7B4AaABAg,motor_mechanics,2025,2025-04,"Apprentice Pipefitter here from the States. I think Apprenticeships in general are pretty shitty. Apprentices get thrown to the wolves, treated as labor slaves, hazed wayyyy too much, and theres no oversight. Every trade industry has a lack of apprenticeship retaining because of how they are treated. Most aporentices wont get taught what they need to know because theyre simply used for skave labor and pushed off to the side. Hardly anyone of experience is actually taking these apprentices under their wing and teaching them any meaningful skills within their trade. The journeymen are scared the apprentices will take their jobs.",101,False,False,1,0,Why Apprentices in the Automotive Industry Are Getting Screwed Over | Lance Mechanics,Lance Mechanics,3vU5cqvs_bU,@youcanthandlethetruth6976,2025-04-09 19:16:38+00:00,auto mechanic apprenticeship Australia,youtube_comment
Ugy5C8PTOU3EMmkY4wl4AaABAg,motor_mechanics,2025,2025-04,"Man, I feel this. Went school for automotive and had a body shop come by to recruit employees. I started with them part time and was mostly the all-around tool. Whenever someone didn’t want to do something, it seemed it was my task. Did a lot of bumpers lol. All the while, they kept trying to get me to quit school to sign on full time with them. Eventually, I finished school and started full-time. They replaced me with someone with more experience shortly after (right after Christmas) with absolutely no warning. Made 12.00 an hour there. My gf makes more at an auto part store sales position. My second experience in automotive as a career was much shorter. Applied at a small in-and-out tech shop as a mechanic. They stuck me behind the front desk and eventually made it clear that’s where I was staying. I told them this is not what I applied for and I’m not interested. They refused to pay me for my time. Absolute joke. I have way more fun working on my own stuff and don’t have to deal with disgusting, trashed cars or customers who like to wonder into the shop and ask what you’re doing to their car every two seconds.",209,False,True,2,0,Why Apprentices in the Automotive Industry Are Getting Screwed Over | Lance Mechanics,Lance Mechanics,3vU5cqvs_bU,@everydaycrafting4882,2025-04-09 08:24:59+00:00,auto mechanic apprenticeship Australia,youtube_comment
UgyFlMFUAQwvH_Bm4SJ4AaABAg,motor_mechanics,2025,2025-04,The problem apprentices is that flat rate technicians are expected to train them with zero experience and no compensation,19,False,False,1,2,Why Apprentices in the Automotive Industry Are Getting Screwed Over | Lance Mechanics,Lance Mechanics,3vU5cqvs_bU,@Nate__________I,2025-04-09 03:25:02+00:00,auto mechanic apprenticeship Australia,youtube_comment
UgyKycJkyDmBVVPMvKN4AaABAg,motor_mechanics,2025,2025-04,"Former 310S Automotive Service Technician apprentice here, was in the industry for almost 2 years working in an independent shop. Started right out of high school as I graduated right as Covid hit. I really enjoy fixing cars, but come to find out i didn't as a career. I was told by several journeyman and even my boss about how crap the industry is. Ended up getting laid off and my boss screwed me over for months of pay (im still recovering bit by bit). Was on E.I. for months until i decided to switch trades and went to college for Electrical Techniques; a 1 year program. Shortly after that program, I worked as a non-union apprentice for a year but now I'm a 2nd term electrician apprentice with IBEW Local 773. I really couldn't be happier with the way everything panned out in the last 5 years. I'm doing what I love with a lot of great, intelligent journeymen; at the same time I'm on an industrial jobsite learning so much and making a good living. I'm very thankful and have gratitude for my prior automotive knowledge as It's helped me with critical thinking and problem solving with basically everything.",201,False,True,1,0,Why Apprentices in the Automotive Industry Are Getting Screwed Over | Lance Mechanics,Lance Mechanics,3vU5cqvs_bU,@ryanyoung9953,2025-04-09 02:44:28+00:00,auto mechanic apprenticeship Australia,youtube_comment
UgzAfwjsmT_qRXO52_x4AaABAg,motor_mechanics,2025,2025-04,Buddy that worked at a GM dealership in Ontario. The techs got something like 33% of a job and are grandfathered for that percentage. The new tech appentices coming in get like 24% of the jobs now. Unbelievable. Please dont quote on exact percentage for job rate.,47,False,False,1,1,Why Apprentices in the Automotive Industry Are Getting Screwed Over | Lance Mechanics,Lance Mechanics,3vU5cqvs_bU,@seanhaddad178,2025-04-08 21:33:00+00:00,auto mechanic apprenticeship Australia,youtube_comment
Ugw-NFvnU26AyMh1kgB4AaABAg,motor_mechanics,2025,2025-04,It’s happening here in California with corporate auto body shops. Managers won’t sign off on graduating “students” cause it’s labor the shop doesn’t have to pay.,26,False,False,3,1,Why Apprentices in the Automotive Industry Are Getting Screwed Over | Lance Mechanics,Lance Mechanics,3vU5cqvs_bU,@skillfuldan,2025-04-08 04:28:00+00:00,auto mechanic apprenticeship Australia,youtube_comment
Ugx25ze9oSmoWGwQuJ14AaABAg,motor_mechanics,2025,2025-04,"I'm not even in the automotive industry, but every time I hear how the automotive techs are treated it infuriates me; you are right hope those who quit never come back, they can made a better use of their time learning another trade to support themselves and their families.",49,False,True,11,0,Why Apprentices in the Automotive Industry Are Getting Screwed Over | Lance Mechanics,Lance Mechanics,3vU5cqvs_bU,@mototraining265,2025-04-08 04:22:34+00:00,auto mechanic apprenticeship Australia,youtube_comment
Ugye1hdmBK8lBvkn1k94AaABAg,motor_mechanics,2025,2025-04,"In Alberta our trades system is completely different from Ontario. I've also left the auto industry because a lot of employers haven't signed me up for my apprenticeship, so I keep leaving jobs and makin better money running heavy equipment. I've been told by multiple employers that they will sign me up and yet they don't after my probation period is over. It's ridiculous man, makes me nervous for my brother who's tryna get his apprenticeship too and for other people trying to become techs",85,False,False,3,2,Why Apprentices in the Automotive Industry Are Getting Screwed Over | Lance Mechanics,Lance Mechanics,3vU5cqvs_bU,@PentastarGarage,2025-04-08 04:01:39+00:00,auto mechanic apprenticeship Australia,youtube_comment
UgxWAg4bkEVgTtjpQth4AaABAg,motor_mechanics,2025,2025-04,I am 22 year old auto body apprentice in Toronto. I have been in the auto industry for now 2 years full time. I just personally just left my job last Monday. I might go back to auto body. I love cars that's why I am here but shit I am not sad I left auto body right now.,59,False,False,0,0,Why Apprentices in the Automotive Industry Are Getting Screwed Over | Lance Mechanics,Lance Mechanics,3vU5cqvs_bU,@jordandemarchi1926,2025-04-08 00:17:51+00:00,auto mechanic apprenticeship Australia,youtube_comment
UgyqjRz8IRUtLL_SceJ4AaABAg,motor_mechanics,2025,2025-04,Do you recommend should we learn diesel mechanic or auto mechanic For money pay,14,False,True,0,0,Why Apprentices in the Automotive Industry Are Getting Screwed Over | Lance Mechanics,Lance Mechanics,3vU5cqvs_bU,@Jhardy.DeadMother,2025-04-07 19:56:50+00:00,auto mechanic apprenticeship Australia,youtube_comment
UgzT7zOPq4oojADQ0ZB4AaABAg,motor_mechanics,2025,2025-04,"THE TRUTH exposed. A very powerful warning to all kids age 18 - much better career choices are out there! BELIEVE THE WARNINGS instead of the seductive lies and other bovine excrement absurdity such as ""techs can earn up to a million dollars a year"" you'll have wasted so much time and inherit a wasted life in the dysfunctional auto bizz. Very few earn good money, very many end up with an unfair unimpressive underwhelming paycheck. Flat rate is used and abused so the one wealthy guy at the top banks all the gold while you're too exhausted from shoveling all the sh*t in exchange for a few coins.",109,False,False,2,0,Why Apprentices in the Automotive Industry Are Getting Screwed Over | Lance Mechanics,Lance Mechanics,3vU5cqvs_bU,@northsideirish312,2025-04-07 03:37:32+00:00,auto mechanic apprenticeship Australia,youtube_comment
Ugw9gQ2hfxO6uTanyNd4AaABAg,motor_mechanics,2025,2025-04,Bizarre because in a dealership the Service Department literally floats the whole dealership financially,14,False,False,5,1,Why Apprentices in the Automotive Industry Are Getting Screwed Over | Lance Mechanics,Lance Mechanics,3vU5cqvs_bU,@didafm,2025-04-06 21:43:36+00:00,auto mechanic apprenticeship Australia,youtube_comment
UgxUa-V24mdnUVr4TaV4AaABAg,motor_mechanics,2025,2025-04,"I started out in auto at 16(high school) and went into the GM ASAP program. I got paid $5 an hour. I could not afford to stay in college and jumped in the military. Because I had mechanical experience, I was offered high tech jobs to me. I went for computers admin in the military and when I got out was making over 100k yr. (Yr 2000). I’ve still loved wrenching. Took many auto classes while active duty. In between computer jobs I worked as an auto tech. But now I will never work in an auto shop again. What a joke. What a pain. Ctrl-alt-delete",106,False,True,3,1,Why Apprentices in the Automotive Industry Are Getting Screwed Over | Lance Mechanics,Lance Mechanics,3vU5cqvs_bU,@ChristopherPuff,2025-04-06 19:36:30+00:00,auto mechanic apprenticeship Australia,youtube_comment
UgyJTtDF9ujnRub2_OJ4AaABAg,motor_mechanics,2025,2025-04,"The dealership im stuck at had one service advisor fired for fraud. The regional manager fired the service manager, both parts guys, and the master technician. Multiple people have told HR about it and they did nothing. Ive been on lube rack for over 2 years and Im more consistent than the guy whos been there for almost 5. I dont leave shit loose and Im singlehandedly responsible for torquing lug nuts being a priority again. The new staff are getting used to things and or improving things which is welcome but I doubt ill be moved up any time soon.",101,False,False,1,1,Why Apprentices in the Automotive Industry Are Getting Screwed Over | Lance Mechanics,Lance Mechanics,3vU5cqvs_bU,@Unseensmoke5745,2025-04-06 19:09:24+00:00,auto mechanic apprenticeship Australia,youtube_comment
UgzrzqfasX8A2HesdJB4AaABAg,motor_mechanics,2025,2025-04,"Flipping burgers for minimum wage doesn't require tens of thousands of dollars of your own tools, being an apprentice in automotive is actually worse money than working in retail. Glad I got out, never missed it once.",37,False,True,13,1,Why Apprentices in the Automotive Industry Are Getting Screwed Over | Lance Mechanics,Lance Mechanics,3vU5cqvs_bU,@aidenstefanson2175,2025-04-06 07:58:04+00:00,auto mechanic apprenticeship Australia,youtube_comment
Ugxhfr3ZTijf8fBSGvd4AaABAg,motor_mechanics,2025,2025-04,At 36 I am thinking about a career change into auto tech. The plan is to attend school to learn stuff that I don't know and then work for myself as a mobile tech. I don't know how well it will go but it sounds like I'll be guaranteed some work with the mechanic shortage.,55,False,True,2,1,Why Apprentices in the Automotive Industry Are Getting Screwed Over | Lance Mechanics,Lance Mechanics,3vU5cqvs_bU,@nicmainville9954,2025-04-06 03:11:11+00:00,auto mechanic apprenticeship Australia,youtube_comment
UgynvwG99oK3hhn1ggN4AaABAg,motor_mechanics,2025,2025-04,"Dude your so negative. Just so you couldn't hack, it doesn't mean others can't 😂",15,False,False,0,1,Why Apprentices in the Automotive Industry Are Getting Screwed Over | Lance Mechanics,Lance Mechanics,3vU5cqvs_bU,@realdeal5883,2025-04-06 02:41:43+00:00,auto mechanic apprenticeship Australia,youtube_comment
UgwevXcGjBkwRB1rlQB4AaABAg,motor_mechanics,2025,2025-04,"I think the point is to promote a team environment. When you start making it seem as though certain jobs are below people and only meant for the new guys you make 2 statements. 1. New guys are only worth having there to do the garbage no one else wants 2. The veterans are superior to the new guys. Neither of these messages promote a team oriented shop, nor do they make it seem to any new person like it’s a job they’d want for the long haul. It also just keeps the trend going of “make the new guys suffer cause I had to”. I was a tech for 3 years until 2 months ago. I got sick of being treated like a second class citizen to the service managers and veterans who were all miserable and wanted to make me miserable too because that’s just how the business works. I suffered so you should too. Not “hey let’s all work together as a team, tackle goals together, work hard, and have some fun while doing it”. Who tf wants to expose themselves to that until retirement?",188,False,False,4,1,Why Apprentices in the Automotive Industry Are Getting Screwed Over | Lance Mechanics,Lance Mechanics,3vU5cqvs_bU,@Dean0000,2025-04-05 22:11:53+00:00,auto mechanic apprenticeship Australia,youtube_comment
UgyM1z8njMucdeZFb9p4AaABAg,motor_mechanics,2025,2025-04,"I worked in the food industry, and it salvery and hell for the pay!!! All jobs probably have their own stresses and difficulties and people take advantage of other people management,unionized workers corporate, everybody is init for themselves, real Canadian are not doing these jobs anymore its immigrants now that they take advantage of for the short labor.",58,False,False,2,0,Why Apprentices in the Automotive Industry Are Getting Screwed Over | Lance Mechanics,Lance Mechanics,3vU5cqvs_bU,@30kendel,2025-04-05 22:03:09+00:00,auto mechanic apprenticeship Australia,youtube_comment
Ugwq4fhWHcRSNCeACNZ4AaABAg,motor_mechanics,2025,2025-04,Yes for incoming mechanics in Detroit Dealer.,7,False,True,1,0,Why Apprentices in the Automotive Industry Are Getting Screwed Over | Lance Mechanics,Lance Mechanics,3vU5cqvs_bU,@jamesthornton9399,2025-04-05 21:27:39+00:00,auto mechanic apprenticeship Australia,youtube_comment
UgxMMdqMDS39jdMq_o94AaABAg,motor_mechanics,2025,2025-04,"Mechanic from the US. In short, unless you know somebody, or your willing to live at work. Your not moving up, and your not making even 50k a year. Cars are all i really know, so one day i may just open my own shop. Unless theres a huge change that benefits the mechanics starting out and apprentices, i can see this industry dying soon.",65,False,True,4,1,Why Apprentices in the Automotive Industry Are Getting Screwed Over | Lance Mechanics,Lance Mechanics,3vU5cqvs_bU,@Sero12245,2025-04-05 21:12:31+00:00,auto mechanic apprenticeship Australia,youtube_comment
UgxyPhc9j5mU1xoRrdt4AaABAg,motor_mechanics,2025,2025-04,Been working as a detailer at a dealership for 2 years now as a college student. What a depressing environment…I feel bad for the apprentices.,25,False,False,1,1,Why Apprentices in the Automotive Industry Are Getting Screwed Over | Lance Mechanics,Lance Mechanics,3vU5cqvs_bU,@maddux1234,2025-04-05 19:49:51+00:00,auto mechanic apprenticeship Australia,youtube_comment
UgweVke5Xlo3riS9n8F4AaABAg,motor_mechanics,2025,2025-04,Seems to have been a race to the bottom for some time. Minimum wage as an apprentice? Building up a pro sized set of tools on that kinda money?,29,False,False,3,1,Why Apprentices in the Automotive Industry Are Getting Screwed Over | Lance Mechanics,Lance Mechanics,3vU5cqvs_bU,@rotaxtwin,2025-04-05 19:04:39+00:00,auto mechanic apprenticeship Australia,youtube_comment
UgysXsk2SpVD-jc-eH94AaABAg,motor_mechanics,2025,2025-04,"Every apprentice in every industry is getting screwed. The boomer generation has a well deserved reputation and one of the main reasons theyre hated is how much gatekeeping they did. It was under their leadership that corporations started requiring college degrees and years of experience to get an entry level job. Unpaid internships were their idea too. And just like in the white collar world, the blue collar world has been gatekept too. 

It used to be, that if you knew how to do a job and could demonstrate that knowledge, you could get licenced and start working and earning decent money RIGHT AWAY. The concept of an apprentice wasnt as wide spread and common. But the boomers, who were eager to eliminate as much competition as possible, started throwing barriers in the way and made working more and more difficult for young people. To the point where now, if you wanna get licensed in a trade, you have to go to school and spend YEARS working under someone who is likely gonna treat you like how a corporation treats an intern. Theyre gonna push all the back breaking grunt work onto you and probably not teach you much because they dont look at it as passing on knowledge to the next generation, they see it as training their future competition",221,False,False,6,2,Why Apprentices in the Automotive Industry Are Getting Screwed Over | Lance Mechanics,Lance Mechanics,3vU5cqvs_bU,@Wet_Willys_Wetter_Water,2025-04-05 18:49:02+00:00,auto mechanic apprenticeship Australia,youtube_comment
Ugw2kO72iiLdHCdeE3N4AaABAg,motor_mechanics,2025,2025-04,"about 2 years in starting to realise the money isnt there and my passion outside of work is dying, time to get out go back to school :)",28,False,False,2,1,Why Apprentices in the Automotive Industry Are Getting Screwed Over | Lance Mechanics,Lance Mechanics,3vU5cqvs_bU,@fishladder5685,2025-04-05 18:30:38+00:00,auto mechanic apprenticeship Australia,youtube_comment
UgwNdbvsxzTftuqysxx4AaABAg,motor_mechanics,2025,2025-04,"Maybe if you make a video listing specific, incremental changes garage owners can make to fix the broken automotive industry. Seems like big changes are needed but small changes to policy and practice are an easier sell and can add up over time.",43,False,True,1,2,Why Apprentices in the Automotive Industry Are Getting Screwed Over | Lance Mechanics,Lance Mechanics,3vU5cqvs_bU,@MazerRackhamX,2025-04-05 18:29:01+00:00,auto mechanic apprenticeship Australia,youtube_comment
UgzPkgZ1Kz9r25JS7Yt4AaABAg,motor_mechanics,2025,2025-04,"Just curious why you think an apprentice shouldn't get a steady diet of tires and oil changes. You think a 20 year vet should be slugging tires all day? They are still learning their way around a shop, and if they can't take it, than go flip burgers. I can have 3 short conversations to determine if I am going to waste a moment of my time training one of these kids. If the lights are not on and looking for a pay cheque, don't even talk to me. If they show interest, I will bend over backwards and lose time to teach you.",104,False,False,2,20,Why Apprentices in the Automotive Industry Are Getting Screwed Over | Lance Mechanics,Lance Mechanics,3vU5cqvs_bU,@stevestadnik9206,2025-04-05 18:26:26+00:00,auto mechanic apprenticeship Australia,youtube_comment
UgxSlo45N7lhwz_1Q-R4AaABAg,motor_mechanics,2025,2025-04,"This is what should be on the news. When they do interviews on the mechanic shortage it’s ALWAYS the service manager or dealership owner being interviewed. You’re speaking about the real problems. In my smallish town in BC, it seems there is a shortage of apprenticeships in general. I’m 10 years into the automotive industry. I’m good at it, I make a good amount of flat hours, but I’m burnt out. I’ve applied to multiple refrigeration apprenticeships with no response. Automotive is crashing and burning, I really need to find somewhere to go before it’s too late.",97,False,True,36,4,Why Apprentices in the Automotive Industry Are Getting Screwed Over | Lance Mechanics,Lance Mechanics,3vU5cqvs_bU,@QuantifyPLAYS,2025-04-05 17:02:49+00:00,auto mechanic apprenticeship Australia,youtube_comment
UgyEyzqxmWzblidX_mJ4AaABAg,motor_mechanics,2025,2025-04,"Mechanics are a necessary evil. I heard a woman say ""I just want to get married, even if it's to a mechanic""",22,False,True,0,0,Why Apprentices in the Automotive Industry Are Getting Screwed Over | Lance Mechanics,Lance Mechanics,3vU5cqvs_bU,@alanhall3297,2025-04-05 16:43:03+00:00,auto mechanic apprenticeship Australia,youtube_comment
UgzCGZXOY4cD91qhihF4AaABAg,motor_mechanics,2025,2025-04,"part of me is glad i got out of the industry, but the other part of me misses wrenching on cars. It was a good feeling knowing that something came in broken, and left fixed. I then remind myself of how stressed, rushed, and even more irritable I was. Not to mention having to work on junk, take on jobs you didn't really want to do, working for free on stupid tasks like looking for the car, getting an estimate at some places, parking the car, looking for the damn wheel key, etc.

I'm a lot happier working on cars as a hobby or for friends and familiy.",108,False,False,5,0,Why Apprentices in the Automotive Industry Are Getting Screwed Over | Lance Mechanics,Lance Mechanics,3vU5cqvs_bU,@MACEVES,2025-04-05 16:24:07+00:00,auto mechanic apprenticeship Australia,youtube_comment
Ugwx64pjQh9iUsfFi754AaABAg,motor_mechanics,2025,2025-04,"If someone came to me and wanted to do cars? I'd say ""hit the sreet"" get a pos, fix it up flip it. Fix your friends n neibors cars. Do it for free at 1st. When you get better? They will pay you. Be an actual asset to your community. Instead of helping sell people expensive junk they don't need to make people who don't help society at all. Rich.. I/E THE government.",73,False,False,6,1,Why Apprentices in the Automotive Industry Are Getting Screwed Over | Lance Mechanics,Lance Mechanics,3vU5cqvs_bU,@egodeathplease,2025-04-05 16:11:04+00:00,auto mechanic apprenticeship Australia,youtube_comment
UgwOD4GHuFIwwMncDwN4AaABAg,motor_mechanics,2025,2025-04,"Here in Alberta the shop owners have a group that sits on a board and helps guide apprenticeship criteria and how the 4 years of learning is broken up. They took over the board and most checks and balances. 1st and 2nd year learning is most fundamental heavy. It also coincides with the apprentice lowest paid time of his career. So these people have dictated the trade to accommodate the shop owners. Wring the apprentice in the first years with the most work with least pay. Sure as you progress in the trade you get bigger jobs but the margins are smaller, and your pay is higher. Lose lose in shops eyes. So you have a 1st/2nd year kid full of zip and zap doing front ends oil changes all day printing money. The journeyman who trained me was a red seal journeyman, gm tech and factory transmission trained. The kid next to him did ball joints all day flat rate and doubled the jmans wage and jman was doing almost 3 transmissions a day (remove test/tear into ect.. both ends are being hosed as always. Just look at the parking lots of the shops and it will tell a story. The counter staff, boss and his wife will have new stuff and toys.. the boys in the back will have sh*tboxes and bags under their eyes..",227,False,False,0,0,Why Apprentices in the Automotive Industry Are Getting Screwed Over | Lance Mechanics,Lance Mechanics,3vU5cqvs_bU,@popeyerobinson823,2025-04-05 16:07:01+00:00,auto mechanic apprenticeship Australia,youtube_comment
UgzFDkduTlinIdYBwb14AaABAg,motor_mechanics,2025,2025-04,"Young pups, listen to this man and the old heads. If your shop is sketchy or being disingenuous about your apprenticeship, move on.",23,False,False,12,0,Why Apprentices in the Automotive Industry Are Getting Screwed Over | Lance Mechanics,Lance Mechanics,3vU5cqvs_bU,@LongBallMaguffin,2025-04-05 15:47:58+00:00,auto mechanic apprenticeship Australia,youtube_comment
UgwdVX3TNkZdvwj1ssp4AaABAg,motor_mechanics,2025,2025-04,I literally make more money cooking food and get to eat for free and don't have to buy tools I actually got paid more to change the battery in the work van then I did work for the dealer kind of crazy,42,False,False,5,0,Why Apprentices in the Automotive Industry Are Getting Screwed Over | Lance Mechanics,Lance Mechanics,3vU5cqvs_bU,@Nipdog,2025-04-05 15:28:18+00:00,auto mechanic apprenticeship Australia,youtube_comment
UgxdjFBMVbOXc0WRYId4AaABAg,motor_mechanics,2025,2025-04,Be a welder about a thousand for equipment,8,False,False,1,0,Why Apprentices in the Automotive Industry Are Getting Screwed Over | Lance Mechanics,Lance Mechanics,3vU5cqvs_bU,@donhopkins1595,2025-04-05 15:24:23+00:00,auto mechanic apprenticeship Australia,youtube_comment
Ugyrw42fdfO-urrOcm94AaABAg,motor_mechanics,2025,2025-04,Find a trade where you don't need thousands of dollars worth of tools to make others money,17,False,False,3,1,Why Apprentices in the Automotive Industry Are Getting Screwed Over | Lance Mechanics,Lance Mechanics,3vU5cqvs_bU,@donhopkins1595,2025-04-05 15:23:24+00:00,auto mechanic apprenticeship Australia,youtube_comment
Ugw1pYvieJqpR6vOhXp4AaABAg,motor_mechanics,2025,2025-04,"And they all nickle and dime, worried about that 1/10 of an hour longer than it should be, find a better trade, or find a fleet outfit",27,False,False,3,0,Why Apprentices in the Automotive Industry Are Getting Screwed Over | Lance Mechanics,Lance Mechanics,3vU5cqvs_bU,@donhopkins1595,2025-04-05 15:20:43+00:00,auto mechanic apprenticeship Australia,youtube_comment
Ugw0ehK-BLoMwFpo5_J4AaABAg,motor_mechanics,2025,2025-04,i just got screwed over for the last 2 years. i joined my dealership as a part of the gm asep program. instead of giving me a mentor like i was promised i was put on the lube rack for 1 and a half years then abruptly i was thrown into main line with no help and no mentor then after 6 months of struggling with main line i just got moved back down to lube i’m quitting the industry and moving to hvac hopefully that goes well i’m so depressed and angry now. thank you autonation,97,False,False,7,4,Why Apprentices in the Automotive Industry Are Getting Screwed Over | Lance Mechanics,Lance Mechanics,3vU5cqvs_bU,@haydensawesomegoogleacc9853,2025-04-05 15:09:04+00:00,auto mechanic apprenticeship Australia,youtube_comment
Ugy-VD7jnICl609MPeB4AaABAg,motor_mechanics,2025,2025-04,We need to all get together an in unison and give America and Canada “A day without a mechanic” let’s make it a week they might see we’re justified in asking for more money,34,False,True,5,1,Why Apprentices in the Automotive Industry Are Getting Screwed Over | Lance Mechanics,Lance Mechanics,3vU5cqvs_bU,@CortezAutoServiceMobile,2025-04-05 14:31:02+00:00,auto mechanic apprenticeship Australia,youtube_comment
Ugxr8MJrGjZiqPypVeB4AaABAg,motor_mechanics,2025,2025-04,"I used to work as an auto technician at Ford, and while I appreciated the skills I gained and the hands-on experience, it just wasn’t fulfilling in the long run—especially after COVID hit. The job became more stressful, the pay didn’t seem to match the workload, and I started feeling burnt out. So, I made the decision to leave that path behind and ended up working for Intel, and honestly, it was one of the best choices I’ve ever made. The work environment is so much more positive, the hours are better, and I finally feel like I’m moving forward in life. I’m not constantly drained anymore, and I’ve got a better work-life balance, which has made a huge difference in both my mindset and overall happiness.",127,False,False,9,1,Why Apprentices in the Automotive Industry Are Getting Screwed Over | Lance Mechanics,Lance Mechanics,3vU5cqvs_bU,@The_Code_Awakens,2025-04-05 14:15:49+00:00,auto mechanic apprenticeship Australia,youtube_comment
Ugw-PLJcCq-Yl12mShh4AaABAg,motor_mechanics,2025,2025-04,"Hey, Lance !
I am an automotive apprentice here in Canada (PEI) and I really hope that no one repeats my mistake of joining the automotive trade.
You have to buy 2000-3000 CAD worth of tools just to start your job and be paid the minimum wage that people get paid without any skills and tools working in better conditions and not risking their lifes using old unsafe shop equipment... Sometimes apprentices are thrown in the opposite direction, when they are just given electrical diagnosis on a vehicle with 17 ECUs on their first week of work. So basically you are doing an overly complicated electrical diagnosis while a red seal next to you is changing tires and doing oil changes for two times your wage ! 
I really hope this trade dies soon !",135,False,True,4,1,Why Apprentices in the Automotive Industry Are Getting Screwed Over | Lance Mechanics,Lance Mechanics,3vU5cqvs_bU,@unclestan5090,2025-04-05 14:05:06+00:00,auto mechanic apprenticeship Australia,youtube_comment
UgwCkGIkIANiXRPYgn14AaABAg,motor_mechanics,2025,2025-04,"Looking at my peer group, I don't know anyone who got put in the quick lane that stayed in the industry. When I started out, I made sure that I was at a shop where I would be allowed to do any work I was comfortable taking on. It was a terrible job that barely paid more than minimum wage, but I learned a lot and got my ASE master cert after one year. My third year in the field I was making 70K, I was putting in about 45-50hrs per week to make that happen, but the average wage for auto mechanics back then was about $20/hr or 40K/yr.",110,False,True,4,0,Why Apprentices in the Automotive Industry Are Getting Screwed Over | Lance Mechanics,Lance Mechanics,3vU5cqvs_bU,@SALEEN961,2025-04-05 13:50:00+00:00,auto mechanic apprenticeship Australia,youtube_comment
UgwERl8l73cmAXn8SNl4AaABAg,motor_mechanics,2025,2025-04,In college I signed up to be a mopar student here in the states. The program itself wasn’t bad. I did have to get graded by my employer. That was the only pain in the butt. After my the training and the experiences at these dealerships I experienced immense burnout. I was making mistakes on jobs that should’ve been a walk in the park even to the point were I lost my confidence as a technician; it look me a long time to get that back. I was always angry. Dreading going into work. Leaving the dealerships was the best thing I ever did. I’ve learned more working and fixing my own cars then I ever have. I’ll always consider myself to be a technician at heart but I can never but myself through that again.,136,False,False,14,0,Why Apprentices in the Automotive Industry Are Getting Screwed Over | Lance Mechanics,Lance Mechanics,3vU5cqvs_bU,@xavierperez6845,2025-04-05 13:48:37+00:00,auto mechanic apprenticeship Australia,youtube_comment
UgwFQ4Z3GwtzeqBogKl4AaABAg,motor_mechanics,2025,2025-04,"At 0:39 mechanic shortage is a myth, there is no shortage of auto mechanics, there is a shortage of good employers. 
Low wages are the proof there is no shortage. Simple supply and demand principle at work.",37,False,True,4,1,Why Apprentices in the Automotive Industry Are Getting Screwed Over | Lance Mechanics,Lance Mechanics,3vU5cqvs_bU,@rodvan-zeller6360,2025-04-05 13:42:42+00:00,auto mechanic apprenticeship Australia,youtube_comment
UgxPLxBa7XDDIcxGAkt4AaABAg,motor_mechanics,2025,2025-04,I started my career in automotive but switched to heavy duty to make more money. Recently baught tge small autoshop icfirst started it because it has sat empty for a few years. I am very passionate about this trade and it kills me to see what the greedy corps are doing to it. So started my own shop to be an example that their is another way to do this and it has been blowing up! Been very blessed,79,False,True,20,0,Why Apprentices in the Automotive Industry Are Getting Screwed Over | Lance Mechanics,Lance Mechanics,3vU5cqvs_bU,@RyldUpLtd,2025-04-05 13:33:52+00:00,auto mechanic apprenticeship Australia,youtube_comment
UgwFuy9W-7WiV6e0v-J4AaABAg,motor_mechanics,2025,2025-04,"""Ford Philanthropy and Ford Dealers announced a $4 million investment in an auto tech scholarship program to combat the shortage of automotive technicians.
The program will provide 800 students with $5,000 scholarships and is available in various markets across the U.S., including West Tennessee.
Ford projects a need for an estimated 471,000 automotive technicians by 2028, highlighting the significant gap in the industry.""",63,False,True,2,2,Why Apprentices in the Automotive Industry Are Getting Screwed Over | Lance Mechanics,Lance Mechanics,3vU5cqvs_bU,@nannyberries,2025-04-05 13:28:05+00:00,auto mechanic apprenticeship Australia,youtube_comment
UgyMFR1dqlQ1CkU0Xvd4AaABAg,motor_mechanics,2025,2025-04,"Its been like this since the 80s, maybe longer. Took me 15 years bouncing around until I found a half decent workplace for my last 20. Old guy here.",29,False,False,13,1,Why Apprentices in the Automotive Industry Are Getting Screwed Over | Lance Mechanics,Lance Mechanics,3vU5cqvs_bU,@MD-zh4ym,2025-04-05 13:01:08+00:00,auto mechanic apprenticeship Australia,youtube_comment
UgyrYX4sZw3RMYMjym14AaABAg,motor_mechanics,2025,2025-04,I know 3 guys making less than $20 NOT flat rate. Theyve all been at the same shop 5+ years. It baffles me they wont go somewhere else.,28,False,False,24,10,Why Apprentices in the Automotive Industry Are Getting Screwed Over | Lance Mechanics,Lance Mechanics,3vU5cqvs_bU,@aaadamt964,2025-04-05 12:14:18+00:00,auto mechanic apprenticeship Australia,youtube_comment
Ugyutsc8GcabDkS2rqF4AaABAg,motor_mechanics,2025,2025-04,"I had 2 shops withhold hours. My 3rd shop was mom and pop and tgey said show me the t4 and ill sign. They did :) 

Fast forward today and im a red seal",34,False,False,5,2,Why Apprentices in the Automotive Industry Are Getting Screwed Over | Lance Mechanics,Lance Mechanics,3vU5cqvs_bU,@JackArcher-cn2hz,2025-04-05 12:12:25+00:00,auto mechanic apprenticeship Australia,youtube_comment
Ugw7Fo2ERoO1A3b-uM14AaABAg,motor_mechanics,2025,2025-04,"I was at a dealer for a year as a lube tech. I was consistently turning the most hours (not a lot though, not much you can do when oil changes count for .3 LOL) and I got so burned that service advisors started avoiding me for the last hour of the day because I would be in such a sour mood. I started at 16/hr.

After over a year as a lube tech they finally put me in used cars where I did tires and alignments for four months for a dollar more an hour. Had a mentor for a week, after that I was on my own. Whenever I asked about apprenticeship or testing for ASEs my boss laughed me off.

I’ve been in an independent shop for a few months now. I’m doing timing chains for 16/hr. My new boss complained about me stealing his tools all the time, and then got mad when I told him he doesn’t pay me enough to go on the tool truck and buy specialty stuff. I’m barely able to keep my car in working order, can’t afford to move out of my parent’s place, and never have the energy to do anything on the weekends. I’ve let my boss know about these struggles and he pulled the classic small business owner move, “we don’t have it easy either.” While he drove to work in one of his four vehicles from his newly built 300k home.

By all means, my sob story is nowhere near the worst. I recognized the dealer trap pretty early, and my new shop is generally a low stress environment besides the low pay. I just finally got a $1 bump. But I don’t foresee myself in this industry much longer. All my friends from highschool and the dealer have moved into other industries and not only are they making more, but they have more free time and more energy to enjoy that free time. I don’t understand how an industry can sustain itself when it chews and spits people out like automotive does. It’s honestly a miracle it hasn’t completely collapsed already.",356,False,True,0,0,Why Apprentices in the Automotive Industry Are Getting Screwed Over | Lance Mechanics,Lance Mechanics,3vU5cqvs_bU,@VwR28,2025-04-05 11:45:44+00:00,auto mechanic apprenticeship Australia,youtube_comment
UgxHhi0tBb8Xi0jB4JF4AaABAg,motor_mechanics,2025,2025-04,"I am skill driver, truck , bus l need job Australia",11,True,False,0,0,Top 10 Driver Jobs Based In Victoria Australia - Are You Interested?,Transport In Australia,RmMFoG-_KMY,@ekosupriyanto5810,2025-04-17 20:09:43+00:00,mechanic job Victoria,youtube_comment
UgwFCeHXmCXYzh5H8-94AaABAg,motor_mechanics,2024,2024-04,"I'm from Indonesia, how to apply?",6,True,False,0,0,Top 10 Driver Jobs Based In Victoria Australia - Are You Interested?,Transport In Australia,RmMFoG-_KMY,@iwanohunt9646,2024-04-28 02:26:45+00:00,mechanic job Victoria,youtube_comment
UgwvqfusMqhiY58TSp54AaABAg,motor_mechanics,2022,2022-11,I'm very interested. Do you have an email or phone number to inquire about the positions available?,17,True,False,0,0,Top 10 Driver Jobs Based In Victoria Australia - Are You Interested?,Transport In Australia,RmMFoG-_KMY,@OmarRodriguez-vq9po,2022-11-13 20:32:26+00:00,mechanic job Victoria,youtube_comment
Ugxkyy41xDqOA3eSe-t4AaABAg,motor_mechanics,2022,2022-11,now that's what I call a pro truck driver,9,True,False,0,0,Top 10 Driver Jobs Based In Victoria Australia - Are You Interested?,Transport In Australia,RmMFoG-_KMY,@SATISFYPLANET,2022-11-13 01:20:53+00:00,mechanic job Victoria,youtube_comment
Ugw8foEjfb2lJbvR5RF4AaABAg,motor_mechanics,2026,2026-05,"I see that MB Drive jacket, assuming you took that program, nicely done man!",14,False,False,0,0,LIFE AFTER TRADE SCHOOL #college #automotive #mechanic #technician #shorts #cars #cargirl #carguy,SlimKidNick Vlogz,MTfuZQC5Rpo,@JDlucky1,2026-05-05 20:37:14+00:00,mechanic job Victoria,youtube_comment
Ugzzap3xojN7v32orzF4AaABAg,motor_mechanics,2026,2026-03,"Stay a b tech, easy work with good pay. You’ll hate it when they push you to A tech lol",20,False,False,0,0,LIFE AFTER TRADE SCHOOL #college #automotive #mechanic #technician #shorts #cars #cargirl #carguy,SlimKidNick Vlogz,MTfuZQC5Rpo,@wellsevv564,2026-03-26 05:35:31+00:00,mechanic job Victoria,youtube_comment
Ugz3V7as5FSCbz6-gsh4AaABAg,motor_mechanics,2026,2026-03,auto systems tech loading im nervous but lets do it.,10,False,False,0,0,LIFE AFTER TRADE SCHOOL #college #automotive #mechanic #technician #shorts #cars #cargirl #carguy,SlimKidNick Vlogz,MTfuZQC5Rpo,@takeoffzay9837,2026-03-23 01:16:23+00:00,mechanic job Victoria,youtube_comment
UgymTCgkKnRmm0W-tU54AaABAg,motor_mechanics,2026,2026-03,Are you rebuilding engines though?,5,False,False,0,0,LIFE AFTER TRADE SCHOOL #college #automotive #mechanic #technician #shorts #cars #cargirl #carguy,SlimKidNick Vlogz,MTfuZQC5Rpo,@Coolguysupreme,2026-03-09 04:56:06+00:00,mechanic job Victoria,youtube_comment
UgwXbsueIn7DAc-Wz-54AaABAg,motor_mechanics,2026,2026-03,"How much money did u make as a new worker, when you started to work in a repair shop?",19,False,False,0,0,LIFE AFTER TRADE SCHOOL #college #automotive #mechanic #technician #shorts #cars #cargirl #carguy,SlimKidNick Vlogz,MTfuZQC5Rpo,@Khushnud_Khurshid,2026-03-05 05:29:11+00:00,mechanic job Victoria,youtube_comment
UgyapiHDBQqtxfOlqQR4AaABAg,motor_mechanics,2026,2026-02,What school u went to?,5,False,False,0,0,LIFE AFTER TRADE SCHOOL #college #automotive #mechanic #technician #shorts #cars #cargirl #carguy,SlimKidNick Vlogz,MTfuZQC5Rpo,@Ruffin308,2026-02-05 21:20:03+00:00,mechanic job Victoria,youtube_comment
UgwwVA8tagH77kNNQQ14AaABAg,motor_mechanics,2026,2026-02,"I’ve been techin since 2010 and I love it! It’s a hobby you get payed to do, sure there are days u wish you never came to work but in the big picture I couldn’t see myself doing anything else",40,False,False,1,0,LIFE AFTER TRADE SCHOOL #college #automotive #mechanic #technician #shorts #cars #cargirl #carguy,SlimKidNick Vlogz,MTfuZQC5Rpo,@CornPop27,2026-02-01 15:08:44+00:00,mechanic job Victoria,youtube_comment
Ugxt_GZ371u8ZSCprb94AaABAg,motor_mechanics,2025,2025-11,I became a technician by being a porter glad I didn’t need to waste money on Lincoln tech🙏,18,False,False,2,2,LIFE AFTER TRADE SCHOOL #college #automotive #mechanic #technician #shorts #cars #cargirl #carguy,SlimKidNick Vlogz,MTfuZQC5Rpo,@mill2raww7.62,2025-11-21 21:08:00+00:00,mechanic job Victoria,youtube_comment
Ugydx_7o_iuXZEhWUFl4AaABAg,motor_mechanics,2025,2025-10,"If you thought about being a mechanic, this is now the time to do it before bigger salaries roll out 🎉🎉",21,False,True,5,0,LIFE AFTER TRADE SCHOOL #college #automotive #mechanic #technician #shorts #cars #cargirl #carguy,SlimKidNick Vlogz,MTfuZQC5Rpo,@userxRQx93x,2025-10-08 06:10:04+00:00,mechanic job Victoria,youtube_comment
Ugz-tgH7aURmsf4EMXl4AaABAg,motor_mechanics,2025,2025-09,Does anyone have any tips on how to start because every place I’ve applied to just telling me no and I really want to learn how to do this,29,False,False,0,1,LIFE AFTER TRADE SCHOOL #college #automotive #mechanic #technician #shorts #cars #cargirl #carguy,SlimKidNick Vlogz,MTfuZQC5Rpo,@jackblakson5616,2025-09-29 23:46:43+00:00,mechanic job Victoria,youtube_comment
UgyA2eQzbjAFfPG9mlR4AaABAg,motor_mechanics,2025,2025-09,Unlimited money and 😺 from this skill,7,False,False,1,1,LIFE AFTER TRADE SCHOOL #college #automotive #mechanic #technician #shorts #cars #cargirl #carguy,SlimKidNick Vlogz,MTfuZQC5Rpo,@darriusfitzgerald2425,2025-09-23 13:19:16+00:00,mechanic job Victoria,youtube_comment
UgxOpV9J65P0V-5WQ8t4AaABAg,motor_mechanics,2025,2025-09,I’m starting tomorrow 💪🏾 decent pay rn but I was offered an $26 hr position in another city I plan on moving to next,24,False,False,1,0,LIFE AFTER TRADE SCHOOL #college #automotive #mechanic #technician #shorts #cars #cargirl #carguy,SlimKidNick Vlogz,MTfuZQC5Rpo,@kingdwight9143,2025-09-18 17:28:46+00:00,mechanic job Victoria,youtube_comment
UgwSKAP1CxKlj_C58Sp4AaABAg,motor_mechanics,2025,2025-09,"This is nice but we gotta take it to the next level family, and make it amazing, Job will always mean just over broke i hope your using it as a steppin stone to starting your business",37,False,False,14,0,LIFE AFTER TRADE SCHOOL #college #automotive #mechanic #technician #shorts #cars #cargirl #carguy,SlimKidNick Vlogz,MTfuZQC5Rpo,@ActualIntelligentReality,2025-09-02 02:41:34+00:00,mechanic job Victoria,youtube_comment
Ugz1zNSV1-2JdjoJ8uF4AaABAg,motor_mechanics,2025,2025-08,I gotta wait til December to enroll bra,8,False,False,0,0,LIFE AFTER TRADE SCHOOL #college #automotive #mechanic #technician #shorts #cars #cargirl #carguy,SlimKidNick Vlogz,MTfuZQC5Rpo,@FUYaMammyHo,2025-08-27 19:37:17+00:00,mechanic job Victoria,youtube_comment
UgwK_qqxbatDWMmD1Y94AaABAg,motor_mechanics,2025,2025-08,My average day is about 12.5 hours. I have had really good days where I produce 20-30 hours but those are more rare.,23,False,False,9,0,LIFE AFTER TRADE SCHOOL #college #automotive #mechanic #technician #shorts #cars #cargirl #carguy,SlimKidNick Vlogz,MTfuZQC5Rpo,@DavidCompton,2025-08-24 02:56:41+00:00,mechanic job Victoria,youtube_comment
UgyHdQHqj-apRNIxry94AaABAg,motor_mechanics,2025,2025-08,On a good day at lexus I used to make about 15-30 hours. Lmao 10 is what I make daily,20,False,False,2,1,LIFE AFTER TRADE SCHOOL #college #automotive #mechanic #technician #shorts #cars #cargirl #carguy,SlimKidNick Vlogz,MTfuZQC5Rpo,@MrJD240sx,2025-08-23 08:50:54+00:00,mechanic job Victoria,youtube_comment
Ugw6sWSdF-ioMuFw3H14AaABAg,motor_mechanics,2025,2025-07,Lube tech? If so move up when you can,9,False,False,0,0,LIFE AFTER TRADE SCHOOL #college #automotive #mechanic #technician #shorts #cars #cargirl #carguy,SlimKidNick Vlogz,MTfuZQC5Rpo,@SylvesterFrierson,2025-07-12 23:47:21+00:00,mechanic job Victoria,youtube_comment
UgyWVKqZsNUzgttKDj14AaABAg,motor_mechanics,2025,2025-07,Got all the gravy work I see,7,False,False,6,1,LIFE AFTER TRADE SCHOOL #college #automotive #mechanic #technician #shorts #cars #cargirl #carguy,SlimKidNick Vlogz,MTfuZQC5Rpo,@dennisglodoski6365,2025-07-10 17:28:14+00:00,mechanic job Victoria,youtube_comment
UgyTiwTWChGnmRnFrCV4AaABAg,motor_mechanics,2025,2025-07,"I’m going back to trade school and I’m thinking of doing automotive, any tips on learning the craft?",18,False,True,3,2,LIFE AFTER TRADE SCHOOL #college #automotive #mechanic #technician #shorts #cars #cargirl #carguy,SlimKidNick Vlogz,MTfuZQC5Rpo,@antoniogrant8,2025-07-02 05:44:06+00:00,mechanic job Victoria,youtube_comment
Ugzwnlrl8hygpGkJkVt4AaABAg,motor_mechanics,2025,2025-05,I've got an interview on Tuesday to get my start in the industry as an Install tech. Wish me luck!,20,False,False,92,5,LIFE AFTER TRADE SCHOOL #college #automotive #mechanic #technician #shorts #cars #cargirl #carguy,SlimKidNick Vlogz,MTfuZQC5Rpo,@caleb_güero,2025-05-23 16:52:48+00:00,mechanic job Victoria,youtube_comment
UgxsO6LHv20Xz3WVTEB4AaABAg,motor_mechanics,2025,2025-03,"in trade school for automotive with high performance right now, roughly 8 months in enjoying it a ton! getting my 2nd project car rn to occupy my free time its been a blast. can’t wait to get out into the field, fs shooting for a all service shop and then most likely switching to flat rate once im confident in my speed and efficiency. working on a exit plan for the future aswell bc being a mechanic is not a old mans job",83,False,True,230,10,LIFE AFTER TRADE SCHOOL #college #automotive #mechanic #technician #shorts #cars #cargirl #carguy,SlimKidNick Vlogz,MTfuZQC5Rpo,@xade974,2025-03-20 22:27:58+00:00,mechanic job Victoria,youtube_comment
UgweW9DNbAZZUTkE-8x4AaABAg,motor_mechanics,2025,2025-03,I had to leave trade school and no shop will hire me since I came back home really want to get back into it,24,False,False,7,0,LIFE AFTER TRADE SCHOOL #college #automotive #mechanic #technician #shorts #cars #cargirl #carguy,SlimKidNick Vlogz,MTfuZQC5Rpo,@omegabobbitt7880,2025-03-14 19:10:40+00:00,mechanic job Victoria,youtube_comment
UgzKU2huYsrHmYJLYnl4AaABAg,motor_mechanics,2025,2025-03,Being in the trades sucks so bad the schooling should be free. Crazy people pay to learn such a poor way to make a living.,25,False,False,2,6,LIFE AFTER TRADE SCHOOL #college #automotive #mechanic #technician #shorts #cars #cargirl #carguy,SlimKidNick Vlogz,MTfuZQC5Rpo,@Rick-to2rr,2025-03-06 03:47:52+00:00,mechanic job Victoria,youtube_comment
UgxDUWYeiRq_1s7_RXl4AaABAg,motor_mechanics,2025,2025-02,The big and small jobs are fun in the trade and some suck but I wouldn’t trade it for anything else. It’s nice getting stuff figured out,27,False,False,42,0,LIFE AFTER TRADE SCHOOL #college #automotive #mechanic #technician #shorts #cars #cargirl #carguy,SlimKidNick Vlogz,MTfuZQC5Rpo,@omw2somethin,2025-02-21 23:58:05+00:00,mechanic job Victoria,youtube_comment
UgwUvvqxPlsHIS94a5d4AaABAg,motor_mechanics,2025,2025-01,Im rey get into the trade school this Wednesday! Cant wait for a successful life!,15,False,False,45,3,LIFE AFTER TRADE SCHOOL #college #automotive #mechanic #technician #shorts #cars #cargirl #carguy,SlimKidNick Vlogz,MTfuZQC5Rpo,@TheRealAntmo2x,2025-01-30 20:45:33+00:00,mechanic job Victoria,youtube_comment
UgyTpO7RlHPUrW2sGUV4AaABAg,motor_mechanics,2024,2024-12,How much do you make a year?,7,False,False,11,0,LIFE AFTER TRADE SCHOOL #college #automotive #mechanic #technician #shorts #cars #cargirl #carguy,SlimKidNick Vlogz,MTfuZQC5Rpo,@tonytorres4984,2024-12-21 04:11:07+00:00,mechanic job Victoria,youtube_comment
Ugw1eyXa9ZfEr-yfedF4AaABAg,motor_mechanics,2024,2024-06,Which hack is your favourite? 😎,6,False,False,7,5,Mechanics In The Aussie Bush! Insane Hacks And Car Fixes,Outback Boys,83HWrCKFS5M,@OutbackBoysTV,2024-06-13 03:00:31+00:00,car mechanic Australia,youtube_comment
UgwgG7s9zybqE16KUfl4AaABAg,motor_mechanics,2026,2026-02,Can someone PLEASE tell me the name of this song at 2:17,12,False,False,0,0,Mechanics In The Aussie Bush! Insane Hacks And Car Fixes,Outback Boys,83HWrCKFS5M,@Nombreapellido-l3c,2026-02-11 22:45:51+00:00,car mechanic Australia,youtube_comment
Ugw_ageOC2onDBu4dbl4AaABAg,motor_mechanics,2026,2026-02,"The kids and I love watching your shows and I honestly wish I had you guys right now. My cars shit itself. 
Keep making shows guys. ❤",27,False,False,1,0,Mechanics In The Aussie Bush! Insane Hacks And Car Fixes,Outback Boys,83HWrCKFS5M,@patriciamorrison5867,2026-02-01 01:59:23+00:00,car mechanic Australia,youtube_comment
UgxLTzmjoeCDJz2Eral4AaABAg,motor_mechanics,2026,2026-01,"Collectively these guys could be millionaires. Repair abandoned cars and re-sell. 

Plus they could be humananitarily awarded for saving the recycling efforts.",22,False,False,0,0,Mechanics In The Aussie Bush! Insane Hacks And Car Fixes,Outback Boys,83HWrCKFS5M,@CurieFong,2026-01-17 01:15:13+00:00,car mechanic Australia,youtube_comment
UgwvJB-MX2BoSbaq3Yt4AaABAg,motor_mechanics,2025,2025-12,Who lit that fire! I did to hurry you up 🤣🤣🤣,11,False,False,1,0,Mechanics In The Aussie Bush! Insane Hacks And Car Fixes,Outback Boys,83HWrCKFS5M,@InspectorAltificial,2025-12-07 15:44:50+00:00,car mechanic Australia,youtube_comment
Ugw0L4bSdvYsssU3kZR4AaABAg,motor_mechanics,2025,2025-09,"he said take the filter off,
he breaks the damn filter off the tractor,
are you for real? animals with hand tools",22,False,False,1,0,Mechanics In The Aussie Bush! Insane Hacks And Car Fixes,Outback Boys,83HWrCKFS5M,@BeamerTheFox,2025-09-09 04:50:16+00:00,car mechanic Australia,youtube_comment
Ugwox_LHqa99o9iDWAh4AaABAg,motor_mechanics,2025,2025-05,This is some wild Jawa energy,6,False,False,0,0,Mechanics In The Aussie Bush! Insane Hacks And Car Fixes,Outback Boys,83HWrCKFS5M,@FrejthKing,2025-05-23 09:43:08+00:00,car mechanic Australia,youtube_comment
Ugy6qj8Mca0iHnupFnN4AaABAg,motor_mechanics,2025,2025-04,"What are these guys doing, going around collecting every abandon car in the outback?😂😂 they’re gonna have a car dealership going here before you know it!😂😂",26,False,False,3,0,Mechanics In The Aussie Bush! Insane Hacks And Car Fixes,Outback Boys,83HWrCKFS5M,@tuckerjolley7739,2025-04-20 15:25:20+00:00,car mechanic Australia,youtube_comment
UgxDDCgkidWVR8esJnl4AaABAg,motor_mechanics,2025,2025-04,Song name at 24:50 ? please mate,7,False,False,0,0,Mechanics In The Aussie Bush! Insane Hacks And Car Fixes,Outback Boys,83HWrCKFS5M,@lordbogan21,2025-04-18 21:47:53+00:00,car mechanic Australia,youtube_comment
UgxYME9dbma-RBKjUMx4AaABAg,motor_mechanics,2025,2025-03,Love you guys good times ❤,6,False,False,1,0,Mechanics In The Aussie Bush! Insane Hacks And Car Fixes,Outback Boys,83HWrCKFS5M,@tumanako7312,2025-03-30 01:32:18+00:00,car mechanic Australia,youtube_comment
UgwvYtwVnjTuucZgCHd4AaABAg,motor_mechanics,2025,2025-03,Young fella just picked up that boulder like it was nothing!,11,False,False,2,3,Mechanics In The Aussie Bush! Insane Hacks And Car Fixes,Outback Boys,83HWrCKFS5M,@swayzlazer616,2025-03-22 12:11:10+00:00,car mechanic Australia,youtube_comment
UgxsK3EFh-omArRVhBN4AaABAg,motor_mechanics,2025,2025-01,love from sydney i grew up with the yaegl mob <3,11,True,False,0,0,Mechanics In The Aussie Bush! Insane Hacks And Car Fixes,Outback Boys,83HWrCKFS5M,@taylorjv777,2025-01-09 11:23:07+00:00,car mechanic Australia,youtube_comment
UgzoBJ2T1DSUykfUblZ4AaABAg,motor_mechanics,2024,2024-10,Oi! I was always hesitant to start mechanicing but after watching you guys i got started and now im a pretty good small engine repair man. Yall are an inspiration! Big ups!!,32,False,True,8,0,Mechanics In The Aussie Bush! Insane Hacks And Car Fixes,Outback Boys,83HWrCKFS5M,@MrDarkoKos,2024-10-31 01:31:47+00:00,car mechanic Australia,youtube_comment
UgwOeryZi0rbb7MJouR4AaABAg,motor_mechanics,2024,2024-10,I love your videos so so much,7,False,False,1,0,Mechanics In The Aussie Bush! Insane Hacks And Car Fixes,Outback Boys,83HWrCKFS5M,@Adoptmelover72,2024-10-27 10:52:35+00:00,car mechanic Australia,youtube_comment
UgywJMwOgWBZhrXhzYx4AaABAg,motor_mechanics,2024,2024-09,Best hack? Using what you have or can harmlessly 'borrow' to get what you want. Works for me on many levels!,21,False,False,0,0,Mechanics In The Aussie Bush! Insane Hacks And Car Fixes,Outback Boys,83HWrCKFS5M,@richardpark3054,2024-09-23 04:23:52+00:00,car mechanic Australia,youtube_comment
UgytXzGCRh8I9JRDHC94AaABAg,motor_mechanics,2024,2024-08,you didnt return back that old man battery 😅,9,False,False,0,0,Mechanics In The Aussie Bush! Insane Hacks And Car Fixes,Outback Boys,83HWrCKFS5M,@hangovers247,2024-08-26 02:30:44+00:00,car mechanic Australia,youtube_comment
Ugwovvft9mukjvd3mNp4AaABAg,motor_mechanics,2024,2024-08,"It's great how the outback is littered with burnt out wrecks surrounding every community, all the broken glass at sunset giving a rainbow brilliance to the overwhelming litter and rubbish. Has an etherial effect at sunset. Why do people not care for the once great nation of Australia and treat it like a rubbish dump?",55,True,False,0,0,Mechanics In The Aussie Bush! Insane Hacks And Car Fixes,Outback Boys,83HWrCKFS5M,@OldFart-mb4ko,2024-08-25 09:26:47+00:00,car mechanic Australia,youtube_comment
UgyB0odrw_SooEzM-lN4AaABAg,motor_mechanics,2024,2024-08,Axe creates trailer hitch😂 balance as required,7,False,False,2,0,Mechanics In The Aussie Bush! Insane Hacks And Car Fixes,Outback Boys,83HWrCKFS5M,@chrisprobert6,2024-08-03 00:49:46+00:00,car mechanic Australia,youtube_comment
UgzJfY6JnR0v9o3g3dV4AaABAg,motor_mechanics,2024,2024-07,Love all ur vids lads 😎🇦🇺,6,False,False,1,1,Mechanics In The Aussie Bush! Insane Hacks And Car Fixes,Outback Boys,83HWrCKFS5M,@TimeToPurge,2024-07-30 06:55:20+00:00,car mechanic Australia,youtube_comment
UgzaOHGVFgyC5c1DaKp4AaABAg,motor_mechanics,2024,2024-07,That rock he picked up like it was nothing probably weighed a hundred pounds.,14,False,False,0,1,Mechanics In The Aussie Bush! Insane Hacks And Car Fixes,Outback Boys,83HWrCKFS5M,@2862Gunny,2024-07-29 16:43:05+00:00,car mechanic Australia,youtube_comment
UgxDQ71IOvcXaXzMAwx4AaABAg,motor_mechanics,2024,2024-07,"Yeah. They were taught to speak Aboriginal language. Just Like we were taught to speak English,??",16,False,False,0,0,Mechanics In The Aussie Bush! Insane Hacks And Car Fixes,Outback Boys,83HWrCKFS5M,@rainbowunicorn_6833,2024-07-29 11:17:34+00:00,car mechanic Australia,youtube_comment
UgxP28iA856jv-cOLb54AaABAg,motor_mechanics,2024,2024-07,Damn this is not mechanic😂 this more than god's Must be crazy movie 🤣🤣🤣😂😂😂😂,14,False,True,8,0,Mechanics In The Aussie Bush! Insane Hacks And Car Fixes,Outback Boys,83HWrCKFS5M,@Graphic_Line1,2024-07-29 01:53:40+00:00,car mechanic Australia,youtube_comment
UgyMEXih7O8rXyPcYJt4AaABAg,motor_mechanics,2024,2024-07,"Wish mainstream media would pick this up , great show",10,False,False,2,1,Mechanics In The Aussie Bush! Insane Hacks And Car Fixes,Outback Boys,83HWrCKFS5M,@daniela3023,2024-07-28 02:39:34+00:00,car mechanic Australia,youtube_comment
UgxJxwlp4EgJT9SqJuJ4AaABAg,motor_mechanics,2024,2024-07,Using the WITE dog technology!,5,False,False,0,0,Mechanics In The Aussie Bush! Insane Hacks And Car Fixes,Outback Boys,83HWrCKFS5M,@jamespunch8049,2024-07-22 06:49:25+00:00,car mechanic Australia,youtube_comment
Ugw3OlBoUMbupJjjV-14AaABAg,motor_mechanics,2024,2024-07,"Was this inspired by the forgotten TV show ""Bush Mechanics""?
It's basically the same.
I remember one episode when they fixed a worn out clutch by attaching some wood to the friction plate!😅
Hey, you gotta do what you gotta do when a situation arises!!",45,False,True,7,1,Mechanics In The Aussie Bush! Insane Hacks And Car Fixes,Outback Boys,83HWrCKFS5M,@mickmuzzmkmz1628,2024-07-20 06:29:59+00:00,car mechanic Australia,youtube_comment
Ugy5RLa4F6fbtxWGOmZ4AaABAg,motor_mechanics,2024,2024-07,"how calmly they drop the ol ""theres a snake there"", ""a spider just fell on you"" ahahhaha",17,False,False,1,2,Mechanics In The Aussie Bush! Insane Hacks And Car Fixes,Outback Boys,83HWrCKFS5M,@H4NGM4NDVD,2024-07-17 09:31:17+00:00,car mechanic Australia,youtube_comment
UgxP-uSAFndAG9Cs2pt4AaABAg,motor_mechanics,2024,2024-07,"I hope that old fella got the battery back, a little bit of manners goes a long way...",18,False,False,4,1,Mechanics In The Aussie Bush! Insane Hacks And Car Fixes,Outback Boys,83HWrCKFS5M,@DRIFTA999,2024-07-13 14:23:06+00:00,car mechanic Australia,youtube_comment
UgyCXWpzQq5Wt565Slt4AaABAg,motor_mechanics,2024,2024-07,"You guys need to come out to aboriginal communities in rural nsw, i live in a town, where they just throw stuff out because they got a new version, kids here cant fix their pushbikes or motorbikes, so when we moved here, we became popular as we fixed things.",49,True,False,8,1,Mechanics In The Aussie Bush! Insane Hacks And Car Fixes,Outback Boys,83HWrCKFS5M,@DEPRAVEDS0UL-86,2024-07-13 01:34:27+00:00,car mechanic Australia,youtube_comment
UgzXxxrPdKDRmzrfSxJ4AaABAg,motor_mechanics,2024,2024-07,BlackasAs you both the best!!!! l wish l can meet all of you in Aussie ps come ps😃😃😃🙏🙏🙏🙏⬛️🟨🟥🇧🇪,18,False,False,0,1,Mechanics In The Aussie Bush! Insane Hacks And Car Fixes,Outback Boys,83HWrCKFS5M,@Didgeridoo-kp8qi,2024-07-11 14:33:58+00:00,car mechanic Australia,youtube_comment
UgxcrEIOwfbQYZ1jABF4AaABAg,motor_mechanics,2024,2024-07,"Love these bais, up the hoods from the north of Ireland 🇮🇪",12,False,False,2,1,Mechanics In The Aussie Bush! Insane Hacks And Car Fixes,Outback Boys,83HWrCKFS5M,@marty_kawasaki2001,2024-07-11 12:46:02+00:00,car mechanic Australia,youtube_comment
Ugyxj2K16Mkvt-b8PNx4AaABAg,motor_mechanics,2024,2024-07,Main hack; steal it off oppy when he is busy,10,False,False,10,1,Mechanics In The Aussie Bush! Insane Hacks And Car Fixes,Outback Boys,83HWrCKFS5M,@matthewk-nt7iw,2024-07-09 10:10:47+00:00,car mechanic Australia,youtube_comment
UgxUtLwczfLPHTc7KBd4AaABAg,motor_mechanics,2024,2024-07,Hack #1 buy a Toyota,5,False,False,0,2,Mechanics In The Aussie Bush! Insane Hacks And Car Fixes,Outback Boys,83HWrCKFS5M,@orishaeshu1084,2024-07-01 02:14:32+00:00,car mechanic Australia,youtube_comment
UgzN4gnlzmkAcIdPzQV4AaABAg,motor_mechanics,2024,2024-06,Are they Indian ?? Look of Indian descent,8,False,False,2,3,Mechanics In The Aussie Bush! Insane Hacks And Car Fixes,Outback Boys,83HWrCKFS5M,@BaseheadEntertainment,2024-06-29 12:52:32+00:00,car mechanic Australia,youtube_comment
Ugz8X1gQFW1yYojwH-14AaABAg,motor_mechanics,2024,2024-06,What language is this ?,5,False,False,0,1,Mechanics In The Aussie Bush! Insane Hacks And Car Fixes,Outback Boys,83HWrCKFS5M,@BaseheadEntertainment,2024-06-29 12:52:15+00:00,car mechanic Australia,youtube_comment
Ugy5AxXo1__LsHd-pGB4AaABAg,motor_mechanics,2024,2024-06,"Seems like white Aussie chap grew up with the local Aboriginal tribes, speaks their language fluently. Great spirit, amoungst them. Lots of scrapyards all over the place, free for all. Are they on Aboriginal Tribal Lands? Fantastic viewing 👌",39,False,False,33,8,Mechanics In The Aussie Bush! Insane Hacks And Car Fixes,Outback Boys,83HWrCKFS5M,@JohnSlier,2024-06-23 17:11:52+00:00,car mechanic Australia,youtube_comment
UgyWMp81sSVNNPxppqt4AaABAg,motor_mechanics,2024,2024-06,We gotta see the boys visit a scrapyard & salvage a few rides for the great ol' outback!,18,False,False,3,3,Mechanics In The Aussie Bush! Insane Hacks And Car Fixes,Outback Boys,83HWrCKFS5M,@Epicmadnesslol,2024-06-22 00:10:56+00:00,car mechanic Australia,youtube_comment
UgzRPD9JXpgMjftrAyx4AaABAg,motor_mechanics,2024,2024-06,"London to a brick that battery was never returned, someone please prove me wrong.",14,False,False,1,1,Mechanics In The Aussie Bush! Insane Hacks And Car Fixes,Outback Boys,83HWrCKFS5M,@exvictorian3605,2024-06-15 06:53:38+00:00,car mechanic Australia,youtube_comment
UgxCQF53ujEbIZGJMJx4AaABAg,motor_mechanics,2024,2024-06,Why you post the same videos again and again. You run out of idea or video or what.,18,False,False,0,3,Mechanics In The Aussie Bush! Insane Hacks And Car Fixes,Outback Boys,83HWrCKFS5M,@edisaputra5762,2024-06-13 09:18:01+00:00,car mechanic Australia,youtube_comment
Ugw9vNAubsSFWu83qyh4AaABAg,motor_mechanics,2024,2024-06,If I close my eyes your language sounds like Tamil. We are all brothers. Peace and blessings,17,False,False,1,1,Mechanics In The Aussie Bush! Insane Hacks And Car Fixes,Outback Boys,83HWrCKFS5M,@japheth6176,2024-06-13 03:17:36+00:00,car mechanic Australia,youtube_comment
UgyXTpnbXX6bwaXo3Ih4AaABAg,motor_mechanics,2024,2024-06,i have seen this before,5,False,False,2,2,Mechanics In The Aussie Bush! Insane Hacks And Car Fixes,Outback Boys,83HWrCKFS5M,@gregalss,2024-06-12 13:34:55+00:00,car mechanic Australia,youtube_comment
UgxVPuxVOzzMWzl3gSl4AaABAg,motor_mechanics,2024,2024-06,i dont get starting a brush fire then leaving ???? WTF ???,12,False,False,7,10,Mechanics In The Aussie Bush! Insane Hacks And Car Fixes,Outback Boys,83HWrCKFS5M,@storytimewithunclekumaran5004,2024-06-12 13:04:50+00:00,car mechanic Australia,youtube_comment
UgyBECrfitFeVgHCJUt4AaABAg,motor_mechanics,2024,2024-06,"Wait a minute, holy shit is this new? Sure I'm only 1min into the video but I'm not immediately recognizing it. Wow that'd be great",25,False,False,2,1,Mechanics In The Aussie Bush! Insane Hacks And Car Fixes,Outback Boys,83HWrCKFS5M,@RyanMclain,2024-06-12 10:59:06+00:00,car mechanic Australia,youtube_comment
UgxAbTpRkeda5GlJcYJ4AaABAg,motor_mechanics,2024,2024-06,Funniest thing is you ¢unts getting chanced around by a camera man in his undies😂😂😂😂😂,15,False,False,0,0,Mechanics In The Aussie Bush! Insane Hacks And Car Fixes,Outback Boys,83HWrCKFS5M,@ashj_2088,2024-06-12 10:33:57+00:00,car mechanic Australia,youtube_comment
UgwSfG-77n61vYRmuap4AaABAg,motor_mechanics,2024,2024-06,"4:00 in the morning, but I always have to watch when I see your new posts.",16,False,False,3,1,Mechanics In The Aussie Bush! Insane Hacks And Car Fixes,Outback Boys,83HWrCKFS5M,@sandstorm6953,2024-06-12 09:40:22+00:00,car mechanic Australia,youtube_comment
Ugweg_BbSwXVnpjBssZ4AaABAg,motor_mechanics,2026,2026-04,That's on you. Should've probably checked the batteries first.,9,True,False,0,0,A mechanic&#39;s worst nightmare. #fifo #australia 📸johanrhaga #fifolife #fifoaustralia #money #mechanic,FIFO Australia ,Sp8MWFiiD98,@landonlehman5497,2026-04-21 15:54:06+00:00,car mechanic Australia,youtube_comment
UgzCA-qKs6Ee2Gzl39t4AaABAg,motor_mechanics,2026,2026-04,Hey everyone am a plant f8tter from Kenya and would love to work with u overseas 🙏 please help,19,True,False,0,0,A mechanic&#39;s worst nightmare. #fifo #australia 📸johanrhaga #fifolife #fifoaustralia #money #mechanic,FIFO Australia ,Sp8MWFiiD98,@DavidWanjiku-z9g,2026-04-11 04:31:34+00:00,car mechanic Australia,youtube_comment
Ugy3AFXqBoGhWwAXWQB4AaABAg,motor_mechanics,2026,2026-04,shit 3 days i was trouble shooting the prob on my 4 wheeler for 5 years,16,True,False,0,0,A mechanic&#39;s worst nightmare. #fifo #australia 📸johanrhaga #fifolife #fifoaustralia #money #mechanic,FIFO Australia ,Sp8MWFiiD98,@JesseJp-p8j,2026-04-09 01:24:47+00:00,car mechanic Australia,youtube_comment
UgwDWoVechHLqvfPZIp4AaABAg,motor_mechanics,2026,2026-04,"Out of gas.
Been there done that.
3 hours trying to get my boat to start. Kill switch tether. Yes I did feel stupid.",24,True,False,0,0,A mechanic&#39;s worst nightmare. #fifo #australia 📸johanrhaga #fifolife #fifoaustralia #money #mechanic,FIFO Australia ,Sp8MWFiiD98,@OrvilleGilmanIii,2026-04-02 18:56:34+00:00,car mechanic Australia,youtube_comment
Ugz0qj6oTmZgXXruuQx4AaABAg,motor_mechanics,2026,2026-01,Grow old too fast. Smart too slow.,7,True,False,0,0,A mechanic&#39;s worst nightmare. #fifo #australia 📸johanrhaga #fifolife #fifoaustralia #money #mechanic,FIFO Australia ,Sp8MWFiiD98,@timsh7915,2026-01-14 17:23:56+00:00,car mechanic Australia,youtube_comment
Ugw-fJfSqwcMaT9aOCp4AaABAg,motor_mechanics,2025,2025-12,"1st check for spark 2nd check for fuel, This is what I learned at 14 years old when i started out early 80s UK.",24,True,False,0,0,A mechanic&#39;s worst nightmare. #fifo #australia 📸johanrhaga #fifolife #fifoaustralia #money #mechanic,FIFO Australia ,Sp8MWFiiD98,@leeedwards7721,2025-12-02 13:31:30+00:00,car mechanic Australia,youtube_comment
Ugzh4xTaw79igu_xcod4AaABAg,motor_mechanics,2025,2025-11,"WHAT AN IDIOT,,,,, JAJAJAJAJAJAJAJAJAJAJAJAJAJAJAJAJAJAJAJAJAJAJAJAJAJAJAJAJAJAJAJAJAJAJAJAJAAJ,,,, AFTHER GO WITH THE HOURS BILL TO THE COSTUMER,,,,, INVECIL...",14,True,False,0,0,A mechanic&#39;s worst nightmare. #fifo #australia 📸johanrhaga #fifolife #fifoaustralia #money #mechanic,FIFO Australia ,Sp8MWFiiD98,@josemanuelespinosapastor3452,2025-11-01 11:56:01+00:00,car mechanic Australia,youtube_comment
Ugw_HTYzoI9k69XDKSN4AaABAg,motor_mechanics,2025,2025-10,I am an avi diesel engine mechanic. Can anyone help me with my job?,14,True,True,0,0,A mechanic&#39;s worst nightmare. #fifo #australia 📸johanrhaga #fifolife #fifoaustralia #money #mechanic,FIFO Australia ,Sp8MWFiiD98,@mechanic540-g,2025-10-31 15:30:29+00:00,car mechanic Australia,youtube_comment
Ugwu1Covbb_Tk73AQId4AaABAg,motor_mechanics,2025,2025-10,Be lazy. Start with the most easy solution and work your way up to the real problem,17,True,False,0,0,A mechanic&#39;s worst nightmare. #fifo #australia 📸johanrhaga #fifolife #fifoaustralia #money #mechanic,FIFO Australia ,Sp8MWFiiD98,@mnix8556,2025-10-26 19:02:16+00:00,car mechanic Australia,youtube_comment
Ugyqfp11WftB_yjIHQJ4AaABAg,motor_mechanics,2025,2025-10,Ale fake cos innego wymieniali a zrobili ten sam numer co gosciu z autem wtórna chujnia😂,16,True,False,0,0,A mechanic&#39;s worst nightmare. #fifo #australia 📸johanrhaga #fifolife #fifoaustralia #money #mechanic,FIFO Australia ,Sp8MWFiiD98,@ziomek444_pl2,2025-10-24 09:58:35+00:00,car mechanic Australia,youtube_comment
UgyEp2HnISfXfiguTK54AaABAg,motor_mechanics,2025,2025-10,yeah I've lived that situation too many times 😂,9,True,False,0,0,A mechanic&#39;s worst nightmare. #fifo #australia 📸johanrhaga #fifolife #fifoaustralia #money #mechanic,FIFO Australia ,Sp8MWFiiD98,@kingbee9449,2025-10-24 09:42:47+00:00,car mechanic Australia,youtube_comment
Ugz7uYYGVNzxqE7GgcF4AaABAg,motor_mechanics,2025,2025-10,Kamu belum membawanya ke Asia Selatan Walaupun dia sudah terbelah itu bisa dinormalkan kembali,14,True,False,0,0,A mechanic&#39;s worst nightmare. #fifo #australia 📸johanrhaga #fifolife #fifoaustralia #money #mechanic,FIFO Australia ,Sp8MWFiiD98,@ekofebriadi,2025-10-23 13:58:03+00:00,car mechanic Australia,youtube_comment
UgyTWzMv4saINtXEiEF4AaABAg,motor_mechanics,2025,2025-10,"Haber para la gente que empiece a decir gilipolleces, tendrá una avería gorda , y siempre que se trabaja hay que cortar alimentación, en este caso a desconectado el borne de la batería y encima le ha puesto un tapón para que evitar en caso de accidente el borne tocará el terminal",52,True,False,0,0,A mechanic&#39;s worst nightmare. #fifo #australia 📸johanrhaga #fifolife #fifoaustralia #money #mechanic,FIFO Australia ,Sp8MWFiiD98,@Juan-wx6wu,2025-10-21 23:12:19+00:00,car mechanic Australia,youtube_comment
UgxspfH_17tzgZkW3uN4AaABAg,motor_mechanics,2025,2025-10,Ain’t got no gas init,5,True,False,0,0,A mechanic&#39;s worst nightmare. #fifo #australia 📸johanrhaga #fifolife #fifoaustralia #money #mechanic,FIFO Australia ,Sp8MWFiiD98,@Hambush13,2025-10-21 11:52:46+00:00,car mechanic Australia,youtube_comment
UgzoEPqumrPSPijwt9h4AaABAg,motor_mechanics,2025,2025-10,That’s bullshit. That battery is as old as me and I was born when they made round 50cent pieces in Austrailia,21,True,False,0,0,A mechanic&#39;s worst nightmare. #fifo #australia 📸johanrhaga #fifolife #fifoaustralia #money #mechanic,FIFO Australia ,Sp8MWFiiD98,@Gargy01,2025-10-21 05:12:36+00:00,car mechanic Australia,youtube_comment
Ugz40OuA4a0shXEP-r54AaABAg,motor_mechanics,2025,2025-10,I’d be so pissed. My incompetent a$$ would take me three days just to get the cab off.,18,True,False,0,0,A mechanic&#39;s worst nightmare. #fifo #australia 📸johanrhaga #fifolife #fifoaustralia #money #mechanic,FIFO Australia ,Sp8MWFiiD98,@aaronratcliff8793,2025-10-20 18:44:50+00:00,car mechanic Australia,youtube_comment
UgymBBz6tMZCCvBQuYB4AaABAg,motor_mechanics,2025,2025-10,My first thought woulda been check the batteries and master but I’m no mechanic 😂,15,True,True,0,0,A mechanic&#39;s worst nightmare. #fifo #australia 📸johanrhaga #fifolife #fifoaustralia #money #mechanic,FIFO Australia ,Sp8MWFiiD98,@Southernxxx,2025-10-20 10:36:29+00:00,car mechanic Australia,youtube_comment
UgwdRZ_O3qO2dpZGElV4AaABAg,motor_mechanics,2025,2025-10,😮im a murder whoever did that and let me take apart the whole machine,14,True,False,0,0,A mechanic&#39;s worst nightmare. #fifo #australia 📸johanrhaga #fifolife #fifoaustralia #money #mechanic,FIFO Australia ,Sp8MWFiiD98,@russ1376,2025-10-19 20:04:39+00:00,car mechanic Australia,youtube_comment
UgwxMjDoQsssg5B86aR4AaABAg,motor_mechanics,2025,2025-10,Das ganze ist unendlich fake !,6,True,False,0,0,A mechanic&#39;s worst nightmare. #fifo #australia 📸johanrhaga #fifolife #fifoaustralia #money #mechanic,FIFO Australia ,Sp8MWFiiD98,@tobiasbeese6215,2025-10-19 18:00:46+00:00,car mechanic Australia,youtube_comment
UgxQKSDZxGxTxsy25xt4AaABAg,motor_mechanics,2025,2025-10,& the person who put the battery in it is at home on youtube watching funny reels eating pringles in the air conditioning without a care in the world 🤣,30,True,False,0,0,A mechanic&#39;s worst nightmare. #fifo #australia 📸johanrhaga #fifolife #fifoaustralia #money #mechanic,FIFO Australia ,Sp8MWFiiD98,@219FlawlesS,2025-10-19 05:14:57+00:00,car mechanic Australia,youtube_comment
UgxeEkecceAfOnX2EY94AaABAg,motor_mechanics,2025,2025-10,Look for anything obvious..if found nothing then you start going by the numbers..,13,True,False,0,0,A mechanic&#39;s worst nightmare. #fifo #australia 📸johanrhaga #fifolife #fifoaustralia #money #mechanic,FIFO Australia ,Sp8MWFiiD98,@wessummerfield4435,2025-10-18 23:13:34+00:00,car mechanic Australia,youtube_comment
Ugy0eePgFS-UBA4Twy94AaABAg,motor_mechanics,2025,2025-10,"Seen a lot of videos like this, it's just a copy paste for views",14,True,False,0,0,A mechanic&#39;s worst nightmare. #fifo #australia 📸johanrhaga #fifolife #fifoaustralia #money #mechanic,FIFO Australia ,Sp8MWFiiD98,@doitnik6935,2025-10-18 18:35:14+00:00,car mechanic Australia,youtube_comment
Ugymy7ljRzX2p9nZyq94AaABAg,motor_mechanics,2025,2025-10,"Check the basics, check the basics. Did I mention, check the basics ???",13,True,False,0,0,A mechanic&#39;s worst nightmare. #fifo #australia 📸johanrhaga #fifolife #fifoaustralia #money #mechanic,FIFO Australia ,Sp8MWFiiD98,@PeterMoale,2025-10-18 06:51:12+00:00,car mechanic Australia,youtube_comment
Ugwdu1BTpKLzMC94OPl4AaABAg,motor_mechanics,2025,2025-10,I dont believe this for one second....,7,True,False,0,0,A mechanic&#39;s worst nightmare. #fifo #australia 📸johanrhaga #fifolife #fifoaustralia #money #mechanic,FIFO Australia ,Sp8MWFiiD98,@paulferguson7683,2025-10-17 22:05:37+00:00,car mechanic Australia,youtube_comment
Ugx3yYzEX8Uc_0V6ZbB4AaABAg,motor_mechanics,2025,2025-10,"As an electrician, I would probably say it’s a bad ground",11,True,False,0,0,A mechanic&#39;s worst nightmare. #fifo #australia 📸johanrhaga #fifolife #fifoaustralia #money #mechanic,FIFO Australia ,Sp8MWFiiD98,@SunNeon-LightUpYourWorld,2025-10-17 10:40:44+00:00,car mechanic Australia,youtube_comment
UgzmwkNKP1GJ0Dvp3EB4AaABAg,motor_mechanics,2025,2025-10,"Dumb, that was reinstalled to help prevent accidental contact",9,True,False,0,0,A mechanic&#39;s worst nightmare. #fifo #australia 📸johanrhaga #fifolife #fifoaustralia #money #mechanic,FIFO Australia ,Sp8MWFiiD98,@Aaron-f8d1k,2025-10-17 05:31:51+00:00,car mechanic Australia,youtube_comment
Ugz3JHy-eDQl1Fl2vq94AaABAg,motor_mechanics,2025,2025-10,Maybe troubleshooting isn’t your jam.,5,True,False,0,0,A mechanic&#39;s worst nightmare. #fifo #australia 📸johanrhaga #fifolife #fifoaustralia #money #mechanic,FIFO Australia ,Sp8MWFiiD98,@AaronWagner-l5b,2025-10-17 02:51:21+00:00,car mechanic Australia,youtube_comment
UgylGclayr55MoYYbRF4AaABAg,motor_mechanics,2025,2025-10,I was always the guy they bring in and fixed it! People hate that.,14,True,False,0,0,A mechanic&#39;s worst nightmare. #fifo #australia 📸johanrhaga #fifolife #fifoaustralia #money #mechanic,FIFO Australia ,Sp8MWFiiD98,@BernardBouchard-qq9kq,2025-10-17 02:45:00+00:00,car mechanic Australia,youtube_comment
Ugw6xlwlMb2zAVSZHGt4AaABAg,motor_mechanics,2025,2025-10,Is there a real technician that believes these types of videos?,11,True,False,0,0,A mechanic&#39;s worst nightmare. #fifo #australia 📸johanrhaga #fifolife #fifoaustralia #money #mechanic,FIFO Australia ,Sp8MWFiiD98,@gilsonrogeriolimaoliveira2807,2025-10-16 00:48:55+00:00,car mechanic Australia,youtube_comment
Ugx8gTLso3XOvi7srIh4AaABAg,motor_mechanics,2025,2025-10,"How do you put the battery terminal on, and not see that bright blue thing staring at you?",18,True,False,0,0,A mechanic&#39;s worst nightmare. #fifo #australia 📸johanrhaga #fifolife #fifoaustralia #money #mechanic,FIFO Australia ,Sp8MWFiiD98,@chrispainter997,2025-10-15 14:44:12+00:00,car mechanic Australia,youtube_comment
Ugxt1q5pYaHGFeJDund4AaABAg,motor_mechanics,2025,2025-10,Come on people you can see it's a joke. The batteries are old. They're not new and he has it way too tore down for it to be electrical issue like that. This is obviously a joke. I do the same thing for a living. He would be losing his job because by the look of things he probably has 2 to 3 days worth of work already in it,70,True,False,0,0,A mechanic&#39;s worst nightmare. #fifo #australia 📸johanrhaga #fifolife #fifoaustralia #money #mechanic,FIFO Australia ,Sp8MWFiiD98,@dennisnorman3181,2025-10-14 21:41:08+00:00,car mechanic Australia,youtube_comment
UgyVIEN3OPuMOow-L3R4AaABAg,motor_mechanics,2025,2025-10,Nice try. I'm in the same industry. You would have been fired for that. It's funny video though LOL,19,True,False,0,0,A mechanic&#39;s worst nightmare. #fifo #australia 📸johanrhaga #fifolife #fifoaustralia #money #mechanic,FIFO Australia ,Sp8MWFiiD98,@dennisnorman3181,2025-10-14 21:39:44+00:00,car mechanic Australia,youtube_comment
UgwGjpKHArSSCZcW-3h4AaABAg,motor_mechanics,2025,2025-10,What a ..... ? 😅,5,True,False,0,0,A mechanic&#39;s worst nightmare. #fifo #australia 📸johanrhaga #fifolife #fifoaustralia #money #mechanic,FIFO Australia ,Sp8MWFiiD98,@berliberli3366,2025-10-14 09:24:52+00:00,car mechanic Australia,youtube_comment
Ugw8nchSQfWYhoU3C1t4AaABAg,motor_mechanics,2025,2025-10,I would burn the place,5,True,False,0,0,A mechanic&#39;s worst nightmare. #fifo #australia 📸johanrhaga #fifolife #fifoaustralia #money #mechanic,FIFO Australia ,Sp8MWFiiD98,@joonaheinonen5290,2025-10-14 01:23:58+00:00,car mechanic Australia,youtube_comment
UgxtY67H59JfjfT5snV4AaABAg,motor_mechanics,2025,2025-10,"Troubleshooting 101, no power, check battery. Battery has power, check connection xD😅😢😂",12,True,False,0,0,A mechanic&#39;s worst nightmare. #fifo #australia 📸johanrhaga #fifolife #fifoaustralia #money #mechanic,FIFO Australia ,Sp8MWFiiD98,@gabrielgundulf7139,2025-10-14 01:04:34+00:00,car mechanic Australia,youtube_comment
UgzO-_HQyBZPGcTXeJN4AaABAg,motor_mechanics,2025,2025-10,"KISS. Keep it simple stupid. Always and forever, it’s too easy to just go headfirst into shit and look over the smallest things",23,True,False,0,0,A mechanic&#39;s worst nightmare. #fifo #australia 📸johanrhaga #fifolife #fifoaustralia #money #mechanic,FIFO Australia ,Sp8MWFiiD98,@Slizzilin,2025-10-13 22:30:35+00:00,car mechanic Australia,youtube_comment
UgzbqnJGaRf1MXtaMnp4AaABAg,motor_mechanics,2025,2025-10,"Remember - at first you don't succeed, give up. You have failed. There is no point in continuing.",18,True,False,0,0,A mechanic&#39;s worst nightmare. #fifo #australia 📸johanrhaga #fifolife #fifoaustralia #money #mechanic,FIFO Australia ,Sp8MWFiiD98,@Justin-cn9hq,2025-10-13 21:04:46+00:00,car mechanic Australia,youtube_comment
UgzqHiP0vreJ1a-1pYx4AaABAg,motor_mechanics,2025,2025-10,Always ALWAYS start at the batteries,6,True,False,0,0,A mechanic&#39;s worst nightmare. #fifo #australia 📸johanrhaga #fifolife #fifoaustralia #money #mechanic,FIFO Australia ,Sp8MWFiiD98,@AppalachianBlueLines,2025-10-13 20:17:08+00:00,car mechanic Australia,youtube_comment
UgwNnD0J5osexuJu9sx4AaABAg,motor_mechanics,2025,2025-10,Lmao! Stay strong brother! It happens to the best of us,11,True,False,0,0,A mechanic&#39;s worst nightmare. #fifo #australia 📸johanrhaga #fifolife #fifoaustralia #money #mechanic,FIFO Australia ,Sp8MWFiiD98,@thedudeaaronfyi,2025-10-13 20:11:16+00:00,car mechanic Australia,youtube_comment
UgwLB9NycGzU2AejMz54AaABAg,motor_mechanics,2025,2025-10,"And now, two days of remembering how it all goes back together.",12,True,False,0,0,A mechanic&#39;s worst nightmare. #fifo #australia 📸johanrhaga #fifolife #fifoaustralia #money #mechanic,FIFO Australia ,Sp8MWFiiD98,@dhdhdhdhdhdhdhdh1111,2025-10-13 19:50:05+00:00,car mechanic Australia,youtube_comment
UgwkIf-63MxxnH9j_GV4AaABAg,motor_mechanics,2025,2025-10,It will never be the same,6,True,False,0,0,A mechanic&#39;s worst nightmare. #fifo #australia 📸johanrhaga #fifolife #fifoaustralia #money #mechanic,FIFO Australia ,Sp8MWFiiD98,@anthonylicano9249,2025-10-13 11:39:58+00:00,car mechanic Australia,youtube_comment
UgzMtWccVko5Xw3vmz94AaABAg,motor_mechanics,2025,2025-10,Oh no! I would stop being a mechanic 😂,9,True,True,0,0,A mechanic&#39;s worst nightmare. #fifo #australia 📸johanrhaga #fifolife #fifoaustralia #money #mechanic,FIFO Australia ,Sp8MWFiiD98,@jamescraft2789,2025-10-13 02:23:23+00:00,car mechanic Australia,youtube_comment
UgzjGwei6qEolMIMeZx4AaABAg,motor_mechanics,2025,2025-10,"""I don't know Carl, I've tried everything and just can't figure it out."" Carl, ""There ain't no gas in it mmmhmmm.""",21,True,False,0,0,A mechanic&#39;s worst nightmare. #fifo #australia 📸johanrhaga #fifolife #fifoaustralia #money #mechanic,FIFO Australia ,Sp8MWFiiD98,@m.morgan6037,2025-10-12 21:00:13+00:00,car mechanic Australia,youtube_comment
UgxJ29S5f-UtUHw2sal4AaABAg,motor_mechanics,2025,2025-10,"enough with the fake scenario videos guys, it's pathetic",9,True,False,0,0,A mechanic&#39;s worst nightmare. #fifo #australia 📸johanrhaga #fifolife #fifoaustralia #money #mechanic,FIFO Australia ,Sp8MWFiiD98,@HSV_126,2025-10-12 02:40:53+00:00,car mechanic Australia,youtube_comment
Ugyirk2zoGKJMVOlw7h4AaABAg,motor_mechanics,2025,2025-10,"When a car comes into the shop, I read the work history as a checklist lmao... Those brand new tires you put on didn't 'unveil' a hidden vibration issue, they never balanced those MF'ers lmao",35,True,False,1,0,A mechanic&#39;s worst nightmare. #fifo #australia 📸johanrhaga #fifolife #fifoaustralia #money #mechanic,FIFO Australia ,Sp8MWFiiD98,@CoralPolyps,2025-10-12 01:24:59+00:00,car mechanic Australia,youtube_comment
UgxQ2xCV6hTae_2bSld4AaABAg,motor_mechanics,2025,2025-10,😂a mechanic would have noticed this before removing every panel on the Fuggin thing 😂,15,True,True,0,0,A mechanic&#39;s worst nightmare. #fifo #australia 📸johanrhaga #fifolife #fifoaustralia #money #mechanic,FIFO Australia ,Sp8MWFiiD98,@KILLA.KAHLYB.onCODM,2025-10-11 17:16:50+00:00,car mechanic Australia,youtube_comment
Ugxd9gNmkTQhQERCvJJ4AaABAg,motor_mechanics,2025,2025-10,Rule number 1. Always check if you have power.,9,True,False,0,0,A mechanic&#39;s worst nightmare. #fifo #australia 📸johanrhaga #fifolife #fifoaustralia #money #mechanic,FIFO Australia ,Sp8MWFiiD98,@el_Miguel-bb4pm,2025-10-11 06:33:59+00:00,car mechanic Australia,youtube_comment
Ugwdqk3mNFwbKP2ZmYB4AaABAg,motor_mechanics,2025,2025-10,You had an electrical issue and you didn’t check the ground terminal FIRST?? 🤦🏻‍♂️ these dudes probably make 3 times my wage too 😂 unreal,25,True,False,0,0,A mechanic&#39;s worst nightmare. #fifo #australia 📸johanrhaga #fifolife #fifoaustralia #money #mechanic,FIFO Australia ,Sp8MWFiiD98,@DickHole3,2025-10-10 21:22:59+00:00,car mechanic Australia,youtube_comment
Ugzfc80S1ggaaEoODTR4AaABAg,motor_mechanics,2025,2025-10,The blue cap was inserted so the battery cable didn't accidentally touch the post while whatever repair was being performed. No body tearing into the cab like that does it with a battery connected,34,True,False,0,0,A mechanic&#39;s worst nightmare. #fifo #australia 📸johanrhaga #fifolife #fifoaustralia #money #mechanic,FIFO Australia ,Sp8MWFiiD98,@Thinkingaway,2025-10-10 17:21:52+00:00,car mechanic Australia,youtube_comment
Ugzm57rT-GtCEvaN4_Z4AaABAg,motor_mechanics,2025,2025-10,It’s out of blinker fluid. 🚨,6,True,False,0,0,A mechanic&#39;s worst nightmare. #fifo #australia 📸johanrhaga #fifolife #fifoaustralia #money #mechanic,FIFO Australia ,Sp8MWFiiD98,@akshonclip,2025-10-10 17:05:30+00:00,car mechanic Australia,youtube_comment
UgwQ6qgaBuvNqtHHhKt4AaABAg,motor_mechanics,2025,2025-10,"Was welding first time gotchunked in w someone veteranwelders they had me welding angler together, and the foreman walked up, picked it up. I was pretty proud of it and throws it on the ground and it breaks, and every piece that I will do together the next day or next two days he comes by and he picked it up didn’t say anything and he sits it back down and walks away and he’s walking away. I say I’m getting better right and he turns around and says if he was getting worse something to be real fucking wrong shit laugh out loud.",104,True,False,0,0,A mechanic&#39;s worst nightmare. #fifo #australia 📸johanrhaga #fifolife #fifoaustralia #money #mechanic,FIFO Australia ,Sp8MWFiiD98,@slicknot100,2025-10-10 15:41:15+00:00,car mechanic Australia,youtube_comment
Ugw4AkK0JSFVNlVNRBh4AaABAg,motor_mechanics,2025,2025-10,im sure this is just for likes but if you all that work without checking the battery connections thats on you lol,22,True,False,0,0,A mechanic&#39;s worst nightmare. #fifo #australia 📸johanrhaga #fifolife #fifoaustralia #money #mechanic,FIFO Australia ,Sp8MWFiiD98,@dougb4592,2025-10-10 12:16:11+00:00,car mechanic Australia,youtube_comment
UgybdM8-lljBXbfa0tZ4AaABAg,motor_mechanics,2025,2025-10,First step of a no start/no power is always check battery and terminals. The fact that it got this far without that being done is insane,26,True,False,3,0,A mechanic&#39;s worst nightmare. #fifo #australia 📸johanrhaga #fifolife #fifoaustralia #money #mechanic,FIFO Australia ,Sp8MWFiiD98,@picklesthegreatest,2025-10-10 11:33:00+00:00,car mechanic Australia,youtube_comment
UgxHSDty1zzmNs0U-xV4AaABAg,motor_mechanics,2025,2025-10,"""Occam's razor: the simplest explanation with the fewest assumptions is usually the correct one.""",14,True,False,0,0,A mechanic&#39;s worst nightmare. #fifo #australia 📸johanrhaga #fifolife #fifoaustralia #money #mechanic,FIFO Australia ,Sp8MWFiiD98,@Quizzicality,2025-10-10 11:11:52+00:00,car mechanic Australia,youtube_comment
UgxkQsL2oNQUdzJWbFl4AaABAg,motor_mechanics,2025,2025-10,Multi meter goes a long way. Most used tool in my bag is a meter.,15,True,False,0,0,A mechanic&#39;s worst nightmare. #fifo #australia 📸johanrhaga #fifolife #fifoaustralia #money #mechanic,FIFO Australia ,Sp8MWFiiD98,@troyelam7141,2025-10-10 08:48:42+00:00,car mechanic Australia,youtube_comment
UgxqWAMcJcnyRxRuGVd4AaABAg,motor_mechanics,2025,2025-10,You need that scan tool and five grand worth of permissions. Otherwise you're doomed.,14,True,False,0,0,A mechanic&#39;s worst nightmare. #fifo #australia 📸johanrhaga #fifolife #fifoaustralia #money #mechanic,FIFO Australia ,Sp8MWFiiD98,@lukewarmwater6412,2025-10-10 06:21:17+00:00,car mechanic Australia,youtube_comment
UgxiQa17c9qdmxjaJUJ4AaABAg,motor_mechanics,2025,2025-10,Been there got the tshirts,5,True,False,0,0,A mechanic&#39;s worst nightmare. #fifo #australia 📸johanrhaga #fifolife #fifoaustralia #money #mechanic,FIFO Australia ,Sp8MWFiiD98,@J5productiins,2025-10-10 03:48:37+00:00,car mechanic Australia,youtube_comment
UgzS4jtTmPKEcAcwD4Z4AaABAg,motor_mechanics,2025,2025-10,The equivalent of calling techsupport and them asking if your computer is plugged in.,14,True,False,0,0,A mechanic&#39;s worst nightmare. #fifo #australia 📸johanrhaga #fifolife #fifoaustralia #money #mechanic,FIFO Australia ,Sp8MWFiiD98,@stephengerish6978,2025-10-10 02:16:07+00:00,car mechanic Australia,youtube_comment
UgwTcdPA-RAEe6IwfSZ4AaABAg,motor_mechanics,2025,2025-10,"Always check for the most incredibly simple solutions, FIRST.",9,True,False,0,0,A mechanic&#39;s worst nightmare. #fifo #australia 📸johanrhaga #fifolife #fifoaustralia #money #mechanic,FIFO Australia ,Sp8MWFiiD98,@new_comment,2025-10-10 01:14:10+00:00,car mechanic Australia,youtube_comment
UgxqxatLeZRk5L5qVw94AaABAg,motor_mechanics,2025,2025-10,How’d you drive it into the shop if it was like that? This is fake.,15,True,False,0,0,A mechanic&#39;s worst nightmare. #fifo #australia 📸johanrhaga #fifolife #fifoaustralia #money #mechanic,FIFO Australia ,Sp8MWFiiD98,@estuart14,2025-10-09 11:41:29+00:00,car mechanic Australia,youtube_comment
UgxXchLHGoD40y3Xg5t4AaABAg,motor_mechanics,2025,2025-10,"The longer the diagnostic takes, the more stupid the answer is gonna be",13,True,False,0,0,A mechanic&#39;s worst nightmare. #fifo #australia 📸johanrhaga #fifolife #fifoaustralia #money #mechanic,FIFO Australia ,Sp8MWFiiD98,@bryantwilson1723,2025-10-09 11:11:31+00:00,car mechanic Australia,youtube_comment
UgzUmlT6vv1tGDUbEMF4AaABAg,motor_mechanics,2025,2025-10,Sometimes that's the way it be. You just never know what's wrong til you check it. Easy or hard,19,True,False,0,0,A mechanic&#39;s worst nightmare. #fifo #australia 📸johanrhaga #fifolife #fifoaustralia #money #mechanic,FIFO Australia ,Sp8MWFiiD98,@ericaasen4512,2025-10-08 23:40:44+00:00,car mechanic Australia,youtube_comment
Ugyfp1Q4rvobjan59jx4AaABAg,motor_mechanics,2025,2025-10,Freaking amateur hour in there,5,True,False,0,0,A mechanic&#39;s worst nightmare. #fifo #australia 📸johanrhaga #fifolife #fifoaustralia #money #mechanic,FIFO Australia ,Sp8MWFiiD98,@MikeHarris1984,2025-10-08 23:17:53+00:00,car mechanic Australia,youtube_comment
Ugy_HhJIMJuFoQHosnN4AaABAg,motor_mechanics,2025,2025-10,"Dang, my involuntary gasp startled the dog 😂😢",8,True,False,0,0,A mechanic&#39;s worst nightmare. #fifo #australia 📸johanrhaga #fifolife #fifoaustralia #money #mechanic,FIFO Australia ,Sp8MWFiiD98,@MissGimpsAlot,2025-10-08 23:12:32+00:00,car mechanic Australia,youtube_comment
UgzKhlt5HhjlAhjk4GF4AaABAg,motor_mechanics,2025,2025-10,"BS!!! Good skit. As a mechanic, this would be the easiest thing to find. Lol. I get pranks pulled on me all the time.They're usually done by street mechanics.",29,True,True,0,0,A mechanic&#39;s worst nightmare. #fifo #australia 📸johanrhaga #fifolife #fifoaustralia #money #mechanic,FIFO Australia ,Sp8MWFiiD98,@masterpah1,2025-10-08 23:02:51+00:00,car mechanic Australia,youtube_comment
UgwBmqzj4jFDjb3RP9B4AaABAg,motor_mechanics,2025,2025-10,I’m pretty sure you would check for outgoing power first. This is incompetence to tear a machine apart over that.,20,True,False,0,0,A mechanic&#39;s worst nightmare. #fifo #australia 📸johanrhaga #fifolife #fifoaustralia #money #mechanic,FIFO Australia ,Sp8MWFiiD98,@jonathanbradberry2531,2025-10-08 21:15:54+00:00,car mechanic Australia,youtube_comment
UgxpH1QD4GEvIzTLp8d4AaABAg,motor_mechanics,2025,2025-10,If that took you 3 days that's sad. Wouldn't the battery be your first place to start if you have no power......,22,True,False,0,0,A mechanic&#39;s worst nightmare. #fifo #australia 📸johanrhaga #fifolife #fifoaustralia #money #mechanic,FIFO Australia ,Sp8MWFiiD98,@roberthuber8836,2025-10-08 19:04:53+00:00,car mechanic Australia,youtube_comment
UgwuAVA4x_SYkWwjLNB4AaABAg,motor_mechanics,2025,2025-10,Did you not jump it????,5,True,False,0,0,A mechanic&#39;s worst nightmare. #fifo #australia 📸johanrhaga #fifolife #fifoaustralia #money #mechanic,FIFO Australia ,Sp8MWFiiD98,@JesInHisShop,2025-10-08 16:01:43+00:00,car mechanic Australia,youtube_comment
UgwRZNjgbApjOMiI9Gh4AaABAg,motor_mechanics,2025,2025-10,"Spark, fuel, air and compression is always a good start to your day",13,True,False,0,0,A mechanic&#39;s worst nightmare. #fifo #australia 📸johanrhaga #fifolife #fifoaustralia #money #mechanic,FIFO Australia ,Sp8MWFiiD98,@Thorrior42,2025-10-08 11:30:20+00:00,car mechanic Australia,youtube_comment
UgzqPmJdlHR5c0uIQfJ4AaABAg,motor_mechanics,2025,2025-10,"Sometimes.... check the simplest things first.
Low hanging fruit....

I've eaten enough homework in my time to learn a thing or 2",22,True,False,0,0,A mechanic&#39;s worst nightmare. #fifo #australia 📸johanrhaga #fifolife #fifoaustralia #money #mechanic,FIFO Australia ,Sp8MWFiiD98,@ioncefellfrommars,2025-10-08 10:29:06+00:00,car mechanic Australia,youtube_comment
Ugyp0W_acDwv6pzLp5V4AaABAg,motor_mechanics,2025,2025-10,Volt meter must have been dead that day.,8,True,False,0,0,A mechanic&#39;s worst nightmare. #fifo #australia 📸johanrhaga #fifolife #fifoaustralia #money #mechanic,FIFO Australia ,Sp8MWFiiD98,@iangraham6677,2025-10-08 09:11:51+00:00,car mechanic Australia,youtube_comment
UgxTMR7kVEN8zGRTs3N4AaABAg,motor_mechanics,2025,2025-10,So you’re telling me you didn’t check the battery voltage in like the first min of trouble shooting? I call bs.,21,True,False,0,0,A mechanic&#39;s worst nightmare. #fifo #australia 📸johanrhaga #fifolife #fifoaustralia #money #mechanic,FIFO Australia ,Sp8MWFiiD98,@kevinvesey5263,2025-10-08 08:10:05+00:00,car mechanic Australia,youtube_comment
Ugx8IfTxgJXATFfFB7J4AaABAg,motor_mechanics,2026,2026-05,Are there any shops in Az that will take a Chevy bolt ev motor and battery and drop it in to a 1974 roadrunner? Thanks,25,False,False,0,0,Affordable EV Conversion: Can You Really Make It Work?,EVSwap Conversions,RqcHIQmWgIs,@ChrisP-tx7lc,2026-05-16 09:42:00+00:00,EV transition mechanics Australia,youtube_comment
UgyYN7r_Bt2gpjRVzth4AaABAg,motor_mechanics,2026,2026-05,"Can anyone help me choose which way i want to convert based on my requirements, Im not very experienced with cars but i have some electrical experience. I want the simplest form of ev (dont need speed or a fancy display) I want it to go 150km - 200km per charge in a c4 corvette 1985",56,False,False,0,0,Affordable EV Conversion: Can You Really Make It Work?,EVSwap Conversions,RqcHIQmWgIs,@_c40,2026-05-11 23:34:13+00:00,EV transition mechanics Australia,youtube_comment
UgwEaETw-oWbJVBo94B4AaABAg,motor_mechanics,2026,2026-05,Have a 2002 Volvo C70 convertible that I'm considering doing this with. Assuming I'll have to lose the two rear seats for battery.,23,False,False,0,0,Affordable EV Conversion: Can You Really Make It Work?,EVSwap Conversions,RqcHIQmWgIs,@tommyroche9142,2026-05-11 14:22:45+00:00,EV transition mechanics Australia,youtube_comment
UgwmErzclZqa3KUqalF4AaABAg,motor_mechanics,2026,2026-05,"Great video. My plan: 
1. sell ICE minivan
2. buy hybrid-electric minivan",12,False,False,0,0,Affordable EV Conversion: Can You Really Make It Work?,EVSwap Conversions,RqcHIQmWgIs,@Mattjki,2026-05-08 12:37:25+00:00,EV transition mechanics Australia,youtube_comment
UgzUI0tAJW8MkUcfscx4AaABAg,motor_mechanics,2026,2026-04,yeah maybe I'll wait till i get my certification LMAO,10,False,False,0,0,Affordable EV Conversion: Can You Really Make It Work?,EVSwap Conversions,RqcHIQmWgIs,@lolol-vj7bc,2026-04-26 01:35:54+00:00,EV transition mechanics Australia,youtube_comment
UgzCJadxVOCOm9sbs8V4AaABAg,motor_mechanics,2026,2026-04,The expression at 8:23 is priceless.,6,False,False,0,0,Affordable EV Conversion: Can You Really Make It Work?,EVSwap Conversions,RqcHIQmWgIs,@joe3551-n8q,2026-04-25 19:34:44+00:00,EV transition mechanics Australia,youtube_comment
UgwAVhDWTTeHXI_BfVF4AaABAg,motor_mechanics,2026,2026-03,"""You should not solid mount the motor to the chassis""

Pfft, your no fun 🤣",15,False,False,0,0,Affordable EV Conversion: Can You Really Make It Work?,EVSwap Conversions,RqcHIQmWgIs,@beauson1983,2026-03-31 09:13:55+00:00,EV transition mechanics Australia,youtube_comment
Ugw7VFiTiRXzt7NNBOh4AaABAg,motor_mechanics,2026,2026-03,"How about doing a 48V DC setup.. maybe in a Jeep. Not looking for high speed, just zombie apocalypse grocery getter.",21,False,False,0,2,Affordable EV Conversion: Can You Really Make It Work?,EVSwap Conversions,RqcHIQmWgIs,@SUNofNY,2026-03-20 02:26:17+00:00,EV transition mechanics Australia,youtube_comment
Ugw3IyOQ69WIuOPyHwh4AaABAg,motor_mechanics,2026,2026-02,"My Cobalt is slowly falling apart and repairs would cost more than the value of the car. I would like to convert it, but it seems like buying a used i3 would be cheaper and safer.",36,False,False,0,1,Affordable EV Conversion: Can You Really Make It Work?,EVSwap Conversions,RqcHIQmWgIs,@rbapf,2026-02-16 02:20:40+00:00,EV transition mechanics Australia,youtube_comment
UgxCUiDctoNO24h5A3F4AaABAg,motor_mechanics,2026,2026-01,1946chevy truck? Is it doable!,5,False,False,0,0,Affordable EV Conversion: Can You Really Make It Work?,EVSwap Conversions,RqcHIQmWgIs,@mariocolecio1372,2026-01-27 06:09:33+00:00,EV transition mechanics Australia,youtube_comment
Ugz9f0SSsxBc16rvSGJ4AaABAg,motor_mechanics,2026,2026-01,hello brother advise me i want convert my Toyota Yaris 2006,11,False,False,0,0,Affordable EV Conversion: Can You Really Make It Work?,EVSwap Conversions,RqcHIQmWgIs,@mumtazbrohi,2026-01-19 13:11:14+00:00,EV transition mechanics Australia,youtube_comment
Ugyg6LFK2VaMkf761HV4AaABAg,motor_mechanics,2026,2026-01,This is my dream. An old Mercedes upgraded to electric.,10,False,False,5,0,Affordable EV Conversion: Can You Really Make It Work?,EVSwap Conversions,RqcHIQmWgIs,@RobotischeHilfe,2026-01-16 14:55:57+00:00,EV transition mechanics Australia,youtube_comment
UgyBa0h7m_l262zrfA94AaABAg,motor_mechanics,2026,2026-01,Direct wheel drive is the way,6,False,False,0,1,Affordable EV Conversion: Can You Really Make It Work?,EVSwap Conversions,RqcHIQmWgIs,@AnotherCG,2026-01-13 02:07:36+00:00,EV transition mechanics Australia,youtube_comment
UgyBWWu94q84o1H9Dv94AaABAg,motor_mechanics,2026,2026-01,"Great video & good vibes! I'm planning a project of my own & glad to have found your channel. I'm going build a ""Series (& Parallel-through-the-road) Diesel-EV hybrid"" with an older 4x4 Duramax.. The goal is to have EV front wheel drive being powered by diesel generator at steady RPM, while also retaining the ability to use the Duramax to power the rear end as normal. I want to use a PTO (power-take-off) generator on the Allison transmission with a modest size battery that would require the truck to be idleing and the PTO to be engaged but then be driven fully off of electric motor in place of the front diff or (as long as the modest battery would allow) to be used like a mild hybrid assisting the Duramax and acting as a AWD with two different power sources. I know that there no such thing as ""free energy"" but I like the idea of having extreme flexibily in how to use it for different situations.",168,False,False,0,0,Affordable EV Conversion: Can You Really Make It Work?,EVSwap Conversions,RqcHIQmWgIs,@locogringo4rzl,2026-01-07 07:57:01+00:00,EV transition mechanics Australia,youtube_comment
UgzmE06q6e_i42SA5UN4AaABAg,motor_mechanics,2026,2026-01,"Can this same, low cost conversion be done to a ""square bird"" (1958-1963) Thunderbird?? A 62 is my dream car.",20,False,False,0,1,Affordable EV Conversion: Can You Really Make It Work?,EVSwap Conversions,RqcHIQmWgIs,@VIM731,2026-01-05 23:53:32+00:00,EV transition mechanics Australia,youtube_comment
UgwLQrj5xqWmLTBMw3Z4AaABAg,motor_mechanics,2025,2025-12,Who told you Americans that above 48VDC is high voltage? In the rest of the anglosphere its 1500VDC its classified as high voltage,23,False,False,0,4,Affordable EV Conversion: Can You Really Make It Work?,EVSwap Conversions,RqcHIQmWgIs,@MrWackozacko,2025-12-23 09:03:07+00:00,EV transition mechanics Australia,youtube_comment
UgxNkeTbQ2ZSs7epE094AaABAg,motor_mechanics,2025,2025-12,I'm going for the most economical conversion for my car. I will fit a battery quartz motor from an old mantle clock.,22,False,False,1,0,Affordable EV Conversion: Can You Really Make It Work?,EVSwap Conversions,RqcHIQmWgIs,@janicewatts5888,2025-12-21 16:22:13+00:00,EV transition mechanics Australia,youtube_comment
Ugw04gqTpG8HiM6alUp4AaABAg,motor_mechanics,2025,2025-12,"In 2026 still waiting for a single shop in Minneapolis that will convert my 2002 Ranger to an EV, seems like someone would start a business doing that,
it is not rocket science after all.",35,False,False,1,1,Affordable EV Conversion: Can You Really Make It Work?,EVSwap Conversions,RqcHIQmWgIs,@rRobertSmith,2025-12-20 00:45:06+00:00,EV transition mechanics Australia,youtube_comment
UgyQFTlPhq_hr0bNWfl4AaABAg,motor_mechanics,2025,2025-12,The real importance of converting to ev is to stop the pollution from combustion vehicles. We need to find ways of making the conversion cheap for everyone.,27,False,False,1,1,Affordable EV Conversion: Can You Really Make It Work?,EVSwap Conversions,RqcHIQmWgIs,@Alrukitaf,2025-12-19 14:42:37+00:00,EV transition mechanics Australia,youtube_comment
Ugwb-YYDe5j_Jzp9u394AaABAg,motor_mechanics,2025,2025-12,"You need a 3 to 5 speed transmission, it extends range and performance.",13,False,False,0,0,Affordable EV Conversion: Can You Really Make It Work?,EVSwap Conversions,RqcHIQmWgIs,@alexander1982miller,2025-12-16 03:32:09+00:00,EV transition mechanics Australia,youtube_comment
UgwU_Xm4rCGg8zQni5R4AaABAg,motor_mechanics,2025,2025-12,I have a dead in driveway electric smart car I want to turn into a autocross rig.,17,False,False,0,1,Affordable EV Conversion: Can You Really Make It Work?,EVSwap Conversions,RqcHIQmWgIs,@highonahill,2025-12-03 17:50:50+00:00,EV transition mechanics Australia,youtube_comment
Ugw88AdP0_-Vov3gz_54AaABAg,motor_mechanics,2025,2025-12,"Rivian skateboard Mk. 1 MR2, here we come",8,False,False,1,0,Affordable EV Conversion: Can You Really Make It Work?,EVSwap Conversions,RqcHIQmWgIs,@willberg12,2025-12-02 18:44:40+00:00,EV transition mechanics Australia,youtube_comment
Ugzk4yjjam-0lnPlAbN4AaABAg,motor_mechanics,2025,2025-11,"Where is your shop? Are you still doing conversions? I'm debating the cost of rebuilding my 1984 Ford Bronco II, or skip strait to the EV conversion (which is the eventual goal).",32,False,False,0,1,Affordable EV Conversion: Can You Really Make It Work?,EVSwap Conversions,RqcHIQmWgIs,@broncoii,2025-11-28 17:47:25+00:00,EV transition mechanics Australia,youtube_comment
Ugymg4yRkCjg0WWx_3x4AaABAg,motor_mechanics,2025,2025-11,I wanna put a big ass dc motor on my transmission in my 83 yota lol,16,False,False,0,0,Affordable EV Conversion: Can You Really Make It Work?,EVSwap Conversions,RqcHIQmWgIs,@OffroadXj388,2025-11-08 20:51:33+00:00,EV transition mechanics Australia,youtube_comment
UgyJejkPVfJJbqrXymZ4AaABAg,motor_mechanics,2025,2025-10,"Reminder that several companies make RTV Primer, for preparing surfaces for sealants. (DOW, GE, others…)
This will eliminate both peeling and water intrusion.
Aircraft technician, US Navy.",27,False,False,0,0,Affordable EV Conversion: Can You Really Make It Work?,EVSwap Conversions,RqcHIQmWgIs,@DTBaker1,2025-10-28 02:04:05+00:00,EV transition mechanics Australia,youtube_comment
UgyEpeRebzmtDIC8bVN4AaABAg,motor_mechanics,2025,2025-10,Thanks for the info. I am converting a Nissan Pathfinder to electric and am considering lifting the body off the frame and placing the battery on top of the frame. I haven't come across anyone who has done this though. I guess it is possible.,45,False,False,0,0,Affordable EV Conversion: Can You Really Make It Work?,EVSwap Conversions,RqcHIQmWgIs,@damianjones6546,2025-10-10 14:51:22+00:00,EV transition mechanics Australia,youtube_comment
UgytSD-woUv7IOp5BR54AaABAg,motor_mechanics,2025,2025-10,"Yes, this is a good video. I'll just buy one. More power to y'all who can safely do this.",19,False,False,1,0,Affordable EV Conversion: Can You Really Make It Work?,EVSwap Conversions,RqcHIQmWgIs,@OP-fd4lh,2025-10-10 00:12:25+00:00,EV transition mechanics Australia,youtube_comment
UgyjrKofnTzrQRjgXrJ4AaABAg,motor_mechanics,2025,2025-09,we need companies like this. i would gladly pay the same price as a new car and let these guys restore/convert classic cars,23,False,False,3,4,Affordable EV Conversion: Can You Really Make It Work?,EVSwap Conversions,RqcHIQmWgIs,@WesFang,2025-09-28 18:20:55+00:00,EV transition mechanics Australia,youtube_comment
UgyOtLhzx5QkVSyFFst4AaABAg,motor_mechanics,2025,2025-09,I plan on ev swapping my 03 ford focus.. going for 200miles of range and i wanna keep the 5 speed manual. I have my eye on a few setups.. im hoping for 200+hp since i tow a small trailer,40,False,False,0,2,Affordable EV Conversion: Can You Really Make It Work?,EVSwap Conversions,RqcHIQmWgIs,@Thatdud3Drew,2025-09-27 20:19:28+00:00,EV transition mechanics Australia,youtube_comment
Ugwi4xrvFHyF3T2zdSh4AaABAg,motor_mechanics,2025,2025-09,"congratulations, keep up the good work",6,False,False,0,0,Affordable EV Conversion: Can You Really Make It Work?,EVSwap Conversions,RqcHIQmWgIs,@velharua,2025-09-13 13:55:34+00:00,EV transition mechanics Australia,youtube_comment
UgyPLntoGVZEbBh16jV4AaABAg,motor_mechanics,2025,2025-09,The first 3:33 minutes got my attention. Safety first.❤,9,False,False,1,0,Affordable EV Conversion: Can You Really Make It Work?,EVSwap Conversions,RqcHIQmWgIs,@therealjosephhermoso,2025-09-10 21:14:27+00:00,EV transition mechanics Australia,youtube_comment
UgxqH591iw_AEnpPFWd4AaABAg,motor_mechanics,2025,2025-08,Is there any JK conversation kits?,6,False,False,1,1,Affordable EV Conversion: Can You Really Make It Work?,EVSwap Conversions,RqcHIQmWgIs,@cosme2032,2025-08-29 22:34:33+00:00,EV transition mechanics Australia,youtube_comment
UgzOrKMw5gyxt6oa1ht4AaABAg,motor_mechanics,2025,2025-08,Hello from the center of the Earth!,7,False,False,1,0,Affordable EV Conversion: Can You Really Make It Work?,EVSwap Conversions,RqcHIQmWgIs,@KevinVagen,2025-08-15 15:30:11+00:00,EV transition mechanics Australia,youtube_comment
UgyPdH-95PlTjEXPVn54AaABAg,motor_mechanics,2025,2025-08,"Do any EV kits offer V2L, or 110/220 outlets?",9,False,False,0,0,Affordable EV Conversion: Can You Really Make It Work?,EVSwap Conversions,RqcHIQmWgIs,@wickedmuffin76,2025-08-06 02:26:06+00:00,EV transition mechanics Australia,youtube_comment
UgzC5qoS-kZUK7i7irJ4AaABAg,motor_mechanics,2025,2025-08,When its on fire may contain toxic gas.... dont mind the fire tho.,13,False,False,0,0,Affordable EV Conversion: Can You Really Make It Work?,EVSwap Conversions,RqcHIQmWgIs,@cmd8718,2025-08-01 08:44:59+00:00,EV transition mechanics Australia,youtube_comment
Ugx29Cxzxkxuaccr8GF4AaABAg,motor_mechanics,2025,2025-07,"I would like to convert my 25 year old JD 5310 to electric.
Just bought a 2025 leaf sv plus with 600 miles on it for 20k so I don’t need to play with cars.",35,False,False,0,0,Affordable EV Conversion: Can You Really Make It Work?,EVSwap Conversions,RqcHIQmWgIs,@kaf2303,2025-07-28 19:11:29+00:00,EV transition mechanics Australia,youtube_comment
UgygRTHFCosBVkNTlQJ4AaABAg,motor_mechanics,2025,2025-07,Hello do you offer consulting?,5,False,False,0,1,Affordable EV Conversion: Can You Really Make It Work?,EVSwap Conversions,RqcHIQmWgIs,@Joelwilly57,2025-07-18 00:23:33+00:00,EV transition mechanics Australia,youtube_comment
UgzAYNvclZBUw8uk5e54AaABAg,motor_mechanics,2025,2025-07,Considering doing an EV swap on my 76 Ford Pinto Coupe. Thanks for the info!,15,False,False,0,0,Affordable EV Conversion: Can You Really Make It Work?,EVSwap Conversions,RqcHIQmWgIs,@BigStupidFingers,2025-07-15 11:34:02+00:00,EV transition mechanics Australia,youtube_comment
UgyAcfLz5pElvK7os4N4AaABAg,motor_mechanics,2025,2025-06,This seems like a good starting point for info on converting my glorified shopping cart of a 1976 French microcar. Thanks for the info!,24,False,False,3,1,Affordable EV Conversion: Can You Really Make It Work?,EVSwap Conversions,RqcHIQmWgIs,@morrisstanforth3278,2025-06-24 09:05:46+00:00,EV transition mechanics Australia,youtube_comment
UgyDFtRqP3-tOyzLONZ4AaABAg,motor_mechanics,2025,2025-06,I am pretty sure I purchased a leaf inverter from you a year or two ago! My ATV w leaf motor zooooooooooms,22,False,False,0,0,Affordable EV Conversion: Can You Really Make It Work?,EVSwap Conversions,RqcHIQmWgIs,@mrschmiklz,2025-06-15 13:01:22+00:00,EV transition mechanics Australia,youtube_comment
UgzG9iI6NxoJGqrBJA54AaABAg,motor_mechanics,2025,2025-06,"I have a 1997 Xantia. It is a diesel. I love the engine and i love i ternal combustion, but id love to have a minimum of 400 kms and fast charging. I wonder if it is possible for umder 5000 dollar/euros. Perhaps i should wait another decade",48,False,False,0,0,Affordable EV Conversion: Can You Really Make It Work?,EVSwap Conversions,RqcHIQmWgIs,@WorivpuqloDMogh,2025-06-09 19:46:58+00:00,EV transition mechanics Australia,youtube_comment
UgxQlgpOIAF_wX2r24N4AaABAg,motor_mechanics,2025,2025-06,People are crazy mad when a Mopar is turned to an EV but it went from a weekend car to a daily driver so to each their own.,28,False,False,2,0,Affordable EV Conversion: Can You Really Make It Work?,EVSwap Conversions,RqcHIQmWgIs,@johngavina1,2025-06-03 03:45:40+00:00,EV transition mechanics Australia,youtube_comment
UgwuVnXZjSY9sG4GAZB4AaABAg,motor_mechanics,2025,2025-06,I feel conversions should be completed so that a stranger can high pressure wash any and all parts of the car causing no issues at all.,26,False,False,13,0,Affordable EV Conversion: Can You Really Make It Work?,EVSwap Conversions,RqcHIQmWgIs,@jimcalver-oj4xf,2025-06-02 14:25:06+00:00,EV transition mechanics Australia,youtube_comment
Ugy3wk--14m-c9vDge54AaABAg,motor_mechanics,2025,2025-05,0:18 where are the hamburgers!!!!!!!!! im hungry,7,False,False,2,0,Affordable EV Conversion: Can You Really Make It Work?,EVSwap Conversions,RqcHIQmWgIs,@iloveducxs,2025-05-20 21:11:49+00:00,EV transition mechanics Australia,youtube_comment
UgwU5xTwI-7dbGLDDSR4AaABAg,motor_mechanics,2025,2025-05,crate chevy 350 it is,5,False,False,0,0,Affordable EV Conversion: Can You Really Make It Work?,EVSwap Conversions,RqcHIQmWgIs,@jarjarjames9015,2025-05-20 17:24:00+00:00,EV transition mechanics Australia,youtube_comment
UgxxZJqlKKA2t8ykQNJ4AaABAg,motor_mechanics,2025,2025-05,i have a fwd hatch back. what i want to do is add a tesla motor to the rear drive to make it awd could it be done?,28,False,False,0,1,Affordable EV Conversion: Can You Really Make It Work?,EVSwap Conversions,RqcHIQmWgIs,@Joseph_stbx,2025-05-16 06:04:16+00:00,EV transition mechanics Australia,youtube_comment
UgyoMP0YFrCWAlM2MVx4AaABAg,motor_mechanics,2025,2025-05,Hey 2006 Toyota Prius here man,6,False,False,0,0,Affordable EV Conversion: Can You Really Make It Work?,EVSwap Conversions,RqcHIQmWgIs,@fixitgary5657,2025-05-09 09:17:14+00:00,EV transition mechanics Australia,youtube_comment
UgwvlYcFcwgXW8HS3Mx4AaABAg,motor_mechanics,2025,2025-04,"Hi. Can you help with my project?
I want to convert Honda crv 2004 model to electric. I plan to buy a rear axle motor from China with 96v 10,000 watt motor and a LiFePo4 battery of 96v 320a .
I will like to achieve 80-90 km/h speed and 200km range.",51,False,False,0,0,Affordable EV Conversion: Can You Really Make It Work?,EVSwap Conversions,RqcHIQmWgIs,@tumininuadebambo,2025-04-30 15:55:44+00:00,EV transition mechanics Australia,youtube_comment
UgxCnN21PnPdHQgvyed4AaABAg,motor_mechanics,2025,2025-04,I want an E- Corvair.,5,False,False,3,1,Affordable EV Conversion: Can You Really Make It Work?,EVSwap Conversions,RqcHIQmWgIs,@swapshots4427,2025-04-21 21:41:00+00:00,EV transition mechanics Australia,youtube_comment
Ugx5BuO5nvcSCWxSTXt4AaABAg,motor_mechanics,2025,2025-04,This was such a great place to start. Thank you for the info!,13,False,False,0,1,Affordable EV Conversion: Can You Really Make It Work?,EVSwap Conversions,RqcHIQmWgIs,@laurenkorn3984,2025-04-17 23:21:28+00:00,EV transition mechanics Australia,youtube_comment
UgwLBTLfvsp30bl7bcd4AaABAg,motor_mechanics,2025,2025-03,Do a squarebody Chevy truck,5,False,False,0,1,Affordable EV Conversion: Can You Really Make It Work?,EVSwap Conversions,RqcHIQmWgIs,@zeinhus,2025-03-25 05:18:47+00:00,EV transition mechanics Australia,youtube_comment
UgxJsmxjf8KABggcRGV4AaABAg,motor_mechanics,2025,2025-03,Does anyone know if a Tesla 3 rear engine/suspension cradle fit between a 65/66 Mustang rear frame rails?,18,False,False,1,2,Affordable EV Conversion: Can You Really Make It Work?,EVSwap Conversions,RqcHIQmWgIs,@ohger1,2025-03-20 18:11:30+00:00,EV transition mechanics Australia,youtube_comment
UgzxtWxJx3d8a3z-S_14AaABAg,motor_mechanics,2025,2025-03,"Probably the easiest and most straightforward conversion would be to buy a salvage model three performance(so you have all-wheel-drive, 500hp , 🔋 72kwhr, plus software track mode to disable traction control if you need to off road ) . After that, weld the body of your truck on that skateboard. you have all the hardest parts taken care of. Like using Tesla’s bms using Tesla software ,using Tesla regen software programs, plus all the app connectivity like cameras, opening your door and summoning the car from your phone. Also, because the first generation model three has a Steel unibody and a regular old steel subframe you can easily fabricate long travel suspension for truck off road. it’s not aluminum giga cast like the cyber truck or model y . basically the hardest part will be metal fabrication and bodywork. Not worrying about high-voltage lines, battery management and many many other critical software control things that electric vehicles need plus all the mechanical stuff like braking ,steering and all the things you mentioned that make a big difference in electric vehicle efficiency. Get the skateboard , weld the body on with a matching wheel base , that’s the best.",198,False,True,5,1,Affordable EV Conversion: Can You Really Make It Work?,EVSwap Conversions,RqcHIQmWgIs,@Shabobidhuffy,2025-03-11 21:28:42+00:00,EV transition mechanics Australia,youtube_comment
Ugxdu5n5VCzCAn24PYt4AaABAg,motor_mechanics,2025,2025-02,"i did mine with a electric hub motor inside the wheel, so I was able to keep the gas engine and use both when needed",25,False,False,20,5,Affordable EV Conversion: Can You Really Make It Work?,EVSwap Conversions,RqcHIQmWgIs,@ImakeTanks,2025-02-25 22:24:04+00:00,EV transition mechanics Australia,youtube_comment
UgxtCgm04sFXt3LDX454AaABAg,motor_mechanics,2025,2025-02,"Any good examples of a high energy course to take? I know its dangerous, and I've worked on electrical stuff in houses. But you don't know what you don't know...",30,False,False,0,2,Affordable EV Conversion: Can You Really Make It Work?,EVSwap Conversions,RqcHIQmWgIs,@chriswf,2025-02-25 14:16:59+00:00,EV transition mechanics Australia,youtube_comment
Ugzy1d50dpkkrJyQvg94AaABAg,motor_mechanics,2025,2025-01,So was that car you made able to get a VIN number and insurance?,14,False,False,0,3,Affordable EV Conversion: Can You Really Make It Work?,EVSwap Conversions,RqcHIQmWgIs,@DaveElectric,2025-01-15 10:41:05+00:00,EV transition mechanics Australia,youtube_comment
UgzAAaY8cPM9fpOG7lF4AaABAg,motor_mechanics,2025,2025-01,Imagine these evs in la county how they caught fire a provided a beautiful blow torch blowing flames for hours and don’t forget the the Tesla power walls,28,False,False,2,1,Affordable EV Conversion: Can You Really Make It Work?,EVSwap Conversions,RqcHIQmWgIs,@Dkrpan59,2025-01-11 15:00:15+00:00,EV transition mechanics Australia,youtube_comment
Ugxn18_jekBQ15hmE-t4AaABAg,motor_mechanics,2025,2025-01,Thanks for the information 👍,5,False,False,0,0,Affordable EV Conversion: Can You Really Make It Work?,EVSwap Conversions,RqcHIQmWgIs,@functionalvanconversion4284,2025-01-05 14:42:46+00:00,EV transition mechanics Australia,youtube_comment
UgxgidVyDyJWh4haHLl4AaABAg,motor_mechanics,2024,2024-12,This should have been the first video before all the videos showing the final build.,15,False,False,33,0,Affordable EV Conversion: Can You Really Make It Work?,EVSwap Conversions,RqcHIQmWgIs,@mickthomas5162,2024-12-27 23:54:29+00:00,EV transition mechanics Australia,youtube_comment
Ugyp94cyYR3UWBIDPcF4AaABAg,motor_mechanics,2024,2024-12,"Converting an ICE car to EV seems more about having a unique car or a challenge than about being affordable. You can end up with something very cool but you can also go out and buy a used EV for an affordable amount of money without investing all of the hours of work and that EV will probably be more reliable as it will have been designed by professionals. I'm here because I think converted EVs are cool just like lots of classic cars are cool. If I converted a car it would be a passion project, not an attempt to make affordable transportation.",104,False,False,52,10,Affordable EV Conversion: Can You Really Make It Work?,EVSwap Conversions,RqcHIQmWgIs,@Molishious,2024-12-03 21:57:47+00:00,EV transition mechanics Australia,youtube_comment
Ugx12fvGUVxkX7iy9bt4AaABAg,motor_mechanics,2024,2024-11,"Question, for a longitudinal vehicle, if the vehicle has a manual transmission, do you shift gears like an ICE vehicle? What are good numbers regarding gross weight to identify a good conversion candidate? I like the Volvo 240, Volvo 850 & early V70. Are those good candidates? I've read costs to convert are quite expensive (like $20-30K). Is that correct?",60,False,False,1,2,Affordable EV Conversion: Can You Really Make It Work?,EVSwap Conversions,RqcHIQmWgIs,@stephenross4333,2024-11-29 17:38:07+00:00,EV transition mechanics Australia,youtube_comment
UgxEvi5aTeM6fBLJLlJ4AaABAg,motor_mechanics,2024,2024-11,"Interesting stuff here. I’m intentionally starting with a 1200 pound car that never had power anything nor a/c or any junk like that and is manual. I am wondering if there is a way of avoiding screens (except perhaps as a diagnostic plug in type of thing). I far prefer minimal gauges, even with looking at a screen like now on YouTube for more than an hour at a time is an invitation for migraines.",75,False,False,3,2,Affordable EV Conversion: Can You Really Make It Work?,EVSwap Conversions,RqcHIQmWgIs,@Gretschbeach,2024-11-28 04:05:20+00:00,EV transition mechanics Australia,youtube_comment
Ugx0YBqv8s43FuaWBXl4AaABAg,motor_mechanics,2024,2024-11,I’m looking to get an EV conversion for my commercial truck but am having trouble finding insurance. Does anyone know of insurance companies that cover EV conversions?,27,False,False,1,2,Affordable EV Conversion: Can You Really Make It Work?,EVSwap Conversions,RqcHIQmWgIs,@ypark6421,2024-11-25 08:05:08+00:00,EV transition mechanics Australia,youtube_comment
UgxiRdnZtKEbQgDpERV4AaABAg,motor_mechanics,2024,2024-10,Still working on totaling my Leaf before I start a conversion lmao,12,False,False,121,2,Affordable EV Conversion: Can You Really Make It Work?,EVSwap Conversions,RqcHIQmWgIs,@Nerd_Bird,2024-10-24 19:41:30+00:00,EV transition mechanics Australia,youtube_comment
UgxiJE51M-Fwq6nzTyt4AaABAg,motor_mechanics,2024,2024-10,gotta be most gayest thing I saw in a while,10,False,False,0,0,Affordable EV Conversion: Can You Really Make It Work?,EVSwap Conversions,RqcHIQmWgIs,@ilyayevdokimov6063,2024-10-19 22:47:57+00:00,EV transition mechanics Australia,youtube_comment
UgzllOj3yvrlYLZsd3Z4AaABAg,motor_mechanics,2024,2024-10,I don't want to ruin a classic car by making it a golf cart,14,False,False,3,20,Affordable EV Conversion: Can You Really Make It Work?,EVSwap Conversions,RqcHIQmWgIs,@alexmaccity,2024-10-19 13:45:20+00:00,EV transition mechanics Australia,youtube_comment
UgzrRmvmCvn1tVwe7Ux4AaABAg,motor_mechanics,2024,2024-10,Nice synopsis Jimmy! I'm pulling my motor out of my wrangler right now. Thinking about a nissan leaf swap. It has a 5 speed ax15 transmission I want to get the adapter plate built by brat industries.,37,False,False,6,1,Affordable EV Conversion: Can You Really Make It Work?,EVSwap Conversions,RqcHIQmWgIs,@jacobbrackett4064,2024-10-19 13:16:44+00:00,EV transition mechanics Australia,youtube_comment
UgwKfvA6RuM0yls--Ld4AaABAg,motor_mechanics,2024,2024-10,"Great Video Jimmy. Lots of useful information, and well explained. Appreciate your work!",13,False,False,7,0,Affordable EV Conversion: Can You Really Make It Work?,EVSwap Conversions,RqcHIQmWgIs,@andrewbrooks8236,2024-10-19 09:28:33+00:00,EV transition mechanics Australia,youtube_comment
Ugxuw94prOaGCjKii1F4AaABAg,motor_mechanics,2024,2024-10,Thank you for your channel and for providing good info. Wishing you success and hope you open many shops across the US.,22,False,False,23,0,Affordable EV Conversion: Can You Really Make It Work?,EVSwap Conversions,RqcHIQmWgIs,@salvatorellicre,2024-10-19 00:29:53+00:00,EV transition mechanics Australia,youtube_comment
Ugyr0kP_DfF-ZKI_M0t4AaABAg,motor_mechanics,2026,2026-05,"My friends Tesla has 300,000 km on it. 
His maintenance has been a new tire, brakes… that is all.",19,False,False,0,1,Electric car repairs ARE EXPENSIVE!,Car Question,TynsA3kLDGA,@worldsstongeststrains983,2026-05-16 17:13:44+00:00,EV transition mechanics Australia,youtube_comment
Ugxn--hVtwtgAIiWNah4AaABAg,motor_mechanics,2026,2026-05,"Here electric cars are cheaper in upcoming future and we'll future is electric cars, bike ,buses well it is cheaper than petrol,diesel",22,False,False,1,1,Electric car repairs ARE EXPENSIVE!,Car Question,TynsA3kLDGA,@harshinimittapally7137,2026-05-16 09:51:44+00:00,EV transition mechanics Australia,youtube_comment
Ugzyrw0z0P8KV0_Ln4d4AaABAg,motor_mechanics,2026,2026-05,The only expensive is the main battery. Motor and gearbox are integrated. If one of them fails. Your replace 1 thing. Other components are the sample with normal car. Heat management is the same with heat pump at your house.,40,False,False,0,1,Electric car repairs ARE EXPENSIVE!,Car Question,TynsA3kLDGA,@chaupham1028,2026-05-05 21:05:24+00:00,EV transition mechanics Australia,youtube_comment
UgxJbGA_4j-5CQ8Dt514AaABAg,motor_mechanics,2026,2026-04,Explain more. Not a good video,6,False,False,0,1,Electric car repairs ARE EXPENSIVE!,Car Question,TynsA3kLDGA,@jackryder6732,2026-04-23 22:08:31+00:00,EV transition mechanics Australia,youtube_comment
UgzpYiPEyXzDudPyV_p4AaABAg,motor_mechanics,2026,2026-04,Local repair shops will not touch an EV.,8,False,False,1,1,Electric car repairs ARE EXPENSIVE!,Car Question,TynsA3kLDGA,@claiborneeastjr4129,2026-04-22 14:47:07+00:00,EV transition mechanics Australia,youtube_comment
Ugzm8EYC8YxCcH6O2b94AaABAg,motor_mechanics,2026,2026-04,Just wait until all the salary sacrifice cars go back in 2 or 3 years time and the electric car market collapses 😂😂,23,False,False,0,1,Electric car repairs ARE EXPENSIVE!,Car Question,TynsA3kLDGA,@philpotter4640,2026-04-19 14:27:03+00:00,EV transition mechanics Australia,youtube_comment
UgyPaws9rFXjG0_XBZZ4AaABAg,motor_mechanics,2026,2026-04,Once upon a time when you were ridding horse wagons there was still the same problem: who is gonna repair the newly invented cars ?! ...,26,False,False,0,2,Electric car repairs ARE EXPENSIVE!,Car Question,TynsA3kLDGA,@victorconstantinescu7324,2026-04-16 12:59:03+00:00,EV transition mechanics Australia,youtube_comment
UgwGxjV3YrXB8_Qc4s14AaABAg,motor_mechanics,2026,2026-04,It is not realistic to compare a new born child with a grown up responsible adult. As long as people can take care of the baby it’s their choice and responsibility to adopting a child,35,False,False,0,1,Electric car repairs ARE EXPENSIVE!,Car Question,TynsA3kLDGA,@Saa42808,2026-04-08 14:53:08+00:00,EV transition mechanics Australia,youtube_comment
UgwatFPkf15ujlCnJ_V4AaABAg,motor_mechanics,2026,2026-04,90% of local garages can’t work on modern engines of electronics. Even brakes require a scanner on most cars made in the last 5-10 years. The replacement of these parts is SIGNIFICANTLY easier then replacing most anything on modern engine,40,False,False,0,1,Electric car repairs ARE EXPENSIVE!,Car Question,TynsA3kLDGA,@IanNubbit,2026-04-02 23:34:02+00:00,EV transition mechanics Australia,youtube_comment
Ugyx71BL4HSCO2btfTR4AaABAg,motor_mechanics,2026,2026-04,"Not to mention the disposal fee they will hit you with when the old battery needs to be replaced. Having said that, still considering one lol",26,False,False,0,1,Electric car repairs ARE EXPENSIVE!,Car Question,TynsA3kLDGA,@ShaddupNshoot,2026-04-01 02:34:02+00:00,EV transition mechanics Australia,youtube_comment
UgxFCG8MbnjtBc4PMZB4AaABAg,motor_mechanics,2026,2026-03,"Sorry, I don't want to be a complete slave to buying gas. I like my gas powered equipment, but I hate paying for gas!

With electric stuff you can kinda ""cheat"" your way out of paying for it. (Solar panels.)

Many people could generate their own electricity at home with solar panels (albeit at a decent expense if you're going with an actual useful setup). Nobody can can do that with create their own petroleum fuels at home for next to free.

Yes, there's the thing with used cooking oils, but you can't just ""plop some stuff somewhere"" and have it generate used cooking oil ""passively"". You have to go get it.",112,False,False,0,0,Electric car repairs ARE EXPENSIVE!,Car Question,TynsA3kLDGA,@StanleytheCat-v8z,2026-03-24 22:54:18+00:00,EV transition mechanics Australia,youtube_comment
UgwBxODAhZXTm4jou2R4AaABAg,motor_mechanics,2026,2026-03,How much does it cost to replace an engine if the timing belt snaps and causes damage? How much is a DPF filter for a BMW? What about replacing the Belt-In-Oil engine in a Ford?,35,False,False,0,0,Electric car repairs ARE EXPENSIVE!,Car Question,TynsA3kLDGA,@MisterAshbrook,2026-03-24 07:51:48+00:00,EV transition mechanics Australia,youtube_comment
Ugz2Ch9rXV5Ceadqv6p4AaABAg,motor_mechanics,2026,2026-03,"Going to school to be a EV Tech, I will for sure not charge outrageous prices like dealers do",19,False,False,0,0,Electric car repairs ARE EXPENSIVE!,Car Question,TynsA3kLDGA,@Lexdid,2026-03-24 05:44:47+00:00,EV transition mechanics Australia,youtube_comment
Ugw0rX0ctL1CxCK2V_94AaABAg,motor_mechanics,2026,2026-03,İs it not awaited that batteries will be cheaper in the future!,12,False,False,1,0,Electric car repairs ARE EXPENSIVE!,Car Question,TynsA3kLDGA,@archangel1373,2026-03-22 20:12:17+00:00,EV transition mechanics Australia,youtube_comment
UgznVtVvdyX83C8Iiet4AaABAg,motor_mechanics,2026,2026-03,"Gas in my area is $4 a gallon. I'm buying an ebike soon for short stops and possibly commute to work some days. I drive a Tundra, 2013. I have pumped $30 lately and won't even reach half tank. Back in December on my way to the Keys I was paying $2.75 a gallon.",54,False,False,2,0,Electric car repairs ARE EXPENSIVE!,Car Question,TynsA3kLDGA,@Surfmus,2026-03-19 02:34:26+00:00,EV transition mechanics Australia,youtube_comment
UgxEBmt1D2BXcMP4SS94AaABAg,motor_mechanics,2026,2026-03,A me pare che le ultime auto termiche/ ibride siano ancora più complesse..... Inoltre le termiche hanno bisogno di MOLTA più manutenzione rispetto le elettriche .....,26,False,False,0,0,Electric car repairs ARE EXPENSIVE!,Car Question,TynsA3kLDGA,@MyAlinghi,2026-03-11 11:42:05+00:00,EV transition mechanics Australia,youtube_comment
UgyeZfXMiSshuST3nCV4AaABAg,motor_mechanics,2026,2026-03,My ICE car from 2008 broke down exactly 1 week ago. Cost beyond reasonably repairable. Getting a electric one as a replacement because it matches the requirements we have slightly better than the ICE one did.,36,False,False,0,0,Electric car repairs ARE EXPENSIVE!,Car Question,TynsA3kLDGA,@thosteg,2026-03-02 16:16:41+00:00,EV transition mechanics Australia,youtube_comment
UgyiSeON9BydSKAaPGZ4AaABAg,motor_mechanics,2026,2026-02,They are pushing electric cars here in New Zealand and when a cyclone hits 4x4 diesels are the only thing able to get paid to us.,26,False,False,0,0,Electric car repairs ARE EXPENSIVE!,Car Question,TynsA3kLDGA,@personoftheinterwebs,2026-02-26 22:17:12+00:00,EV transition mechanics Australia,youtube_comment
UgzvCuUsVOyl4JxdCUx4AaABAg,motor_mechanics,2026,2026-02,"Germany education planning using Globro feels helpful, but I don’t want to rely on it fully.",16,False,False,0,0,Electric car repairs ARE EXPENSIVE!,Car Question,TynsA3kLDGA,@AvenShah,2026-02-26 08:01:11+00:00,EV transition mechanics Australia,youtube_comment
UgzvdRDkkMwkXyFBKmx4AaABAg,motor_mechanics,2026,2026-02,Is no batter in Europe body if you want to do something do everything over there.,16,False,False,0,0,Electric car repairs ARE EXPENSIVE!,Car Question,TynsA3kLDGA,@ErninFanin,2026-02-22 05:55:04+00:00,EV transition mechanics Australia,youtube_comment
UgyWUZXnjun5G9wLjcd4AaABAg,motor_mechanics,2026,2026-02,Yea i need to see those gaverment subsides for those cars.,11,False,False,0,0,Electric car repairs ARE EXPENSIVE!,Car Question,TynsA3kLDGA,@ErninFanin,2026-02-22 05:51:27+00:00,EV transition mechanics Australia,youtube_comment
Ugy5aSuLBBMbyATFnl54AaABAg,motor_mechanics,2026,2026-02,"That's not an electric car, that's a hybrid. A typical , straight EV has about 2,000 fewer moving parts than a typical gas engine car and needs much less maintenance. What breaks in car? Moving parts....",36,False,False,0,0,Electric car repairs ARE EXPENSIVE!,Car Question,TynsA3kLDGA,@et5222,2026-02-05 22:59:28+00:00,EV transition mechanics Australia,youtube_comment
UgwPA-9QG1-d0Vb057B4AaABAg,motor_mechanics,2026,2026-02,I'm ready... Suzuki gn125 here I go.,7,False,False,0,0,Electric car repairs ARE EXPENSIVE!,Car Question,TynsA3kLDGA,@The1188am,2026-02-05 10:20:08+00:00,EV transition mechanics Australia,youtube_comment
UgwyWveWI7Gj4F80Y-B4AaABAg,motor_mechanics,2026,2026-02,Rwd cars might make comeback,5,False,False,0,0,Electric car repairs ARE EXPENSIVE!,Car Question,TynsA3kLDGA,@Fred-em8cr,2026-02-01 12:23:19+00:00,EV transition mechanics Australia,youtube_comment
Ugz4f5fQYQ8DX6zX-Tt4AaABAg,motor_mechanics,2026,2026-01,You know a new motor + tranny for a 10yr old F150 is going to cost like $15k right,19,False,False,0,0,Electric car repairs ARE EXPENSIVE!,Car Question,TynsA3kLDGA,@aarongibbs2479,2026-01-22 06:04:17+00:00,EV transition mechanics Australia,youtube_comment
UgxiL08BR7z32K4ORwt4AaABAg,motor_mechanics,2026,2026-01,Anything under the automotive umbrella is a rip-off.,8,False,True,0,0,Electric car repairs ARE EXPENSIVE!,Car Question,TynsA3kLDGA,@MervinDeJager-o2s,2026-01-20 07:50:40+00:00,EV transition mechanics Australia,youtube_comment
Ugw73ChtmR_4LTJ1hT94AaABAg,motor_mechanics,2026,2026-01,Accessibility to repair and part cost are the biggest questions when it comes to cost of repair (inside and outside the warranty period).,23,False,False,0,0,Electric car repairs ARE EXPENSIVE!,Car Question,TynsA3kLDGA,@lukebrinsmead,2026-01-18 11:02:47+00:00,EV transition mechanics Australia,youtube_comment
UgxW5w7T2U-1klXZhtp4AaABAg,motor_mechanics,2026,2026-01,Oh so your Fossil Fool vehicle costs nothing to repair then?,11,False,False,0,0,Electric car repairs ARE EXPENSIVE!,Car Question,TynsA3kLDGA,@MickMangan-v3o,2026-01-17 02:48:49+00:00,EV transition mechanics Australia,youtube_comment
Ugyp69MIQLFCRXTWFvR4AaABAg,motor_mechanics,2026,2026-01,"The future is not about buying more cars, but about renting them for life.",14,False,False,19,5,Electric car repairs ARE EXPENSIVE!,Car Question,TynsA3kLDGA,@Gabriel-su6mt,2026-01-11 00:09:56+00:00,EV transition mechanics Australia,youtube_comment
UgwnqecHsfoIs348PiN4AaABAg,motor_mechanics,2026,2026-01,My prius battery replacement was 5k. And it was a 8 year old model. And my car is a hybrid. Lord I'd never buy all electric. Dont make sense.,29,False,False,0,0,Electric car repairs ARE EXPENSIVE!,Car Question,TynsA3kLDGA,@freemindamerican,2026-01-05 00:48:58+00:00,EV transition mechanics Australia,youtube_comment
Ugznfkt58pvBDBzLf7d4AaABAg,motor_mechanics,2025,2025-12,"Yes, esp Korean car parts and repairs are really expensive in Malaysia. I won't buy Korea cars no matter how nice the design. Many of you should that their 2nd hand values are lower.",34,False,False,0,0,Electric car repairs ARE EXPENSIVE!,Car Question,TynsA3kLDGA,@jamesl.o.h.6000,2025-12-29 11:02:40+00:00,EV transition mechanics Australia,youtube_comment
UgynUxvwuYvjr6sDXGh4AaABAg,motor_mechanics,2025,2025-12,"I haven't had any issues with my EV. The cars are mechanically simpler than gas counterparts. 

They used to be expensive, but supply chains have caught up quickly",28,False,True,0,0,Electric car repairs ARE EXPENSIVE!,Car Question,TynsA3kLDGA,@Langer99,2025-12-28 17:59:15+00:00,EV transition mechanics Australia,youtube_comment
UgyMYo-VLlwhUIxPTm14AaABAg,motor_mechanics,2025,2025-12,"If you buy one they cannot guarantee yhe battery and everything is expensive, if you can get the parts",19,False,False,0,0,Electric car repairs ARE EXPENSIVE!,Car Question,TynsA3kLDGA,@David-fj5lz,2025-12-25 01:26:06+00:00,EV transition mechanics Australia,youtube_comment
Ugyk8tzVQN8lU6mYoup4AaABAg,motor_mechanics,2025,2025-12,They should set all electric cars to never stop in a traffic light by battery issue,16,False,False,0,0,Electric car repairs ARE EXPENSIVE!,Car Question,TynsA3kLDGA,@ericllan,2025-12-24 14:11:24+00:00,EV transition mechanics Australia,youtube_comment
UgyPnmkQrOvlAEEqAPZ4AaABAg,motor_mechanics,2025,2025-12,"That is why I would choose a mobility scooter. The one I have in mind is the afikim S4 mobility scooter with a rain canopy. If I upgrade to lithium batteries I can get about 100 miles per charge. Otherwise with lead acid AGM batteries, I can get about 30 miles per charge conservatively. I can replace them myself for about $300.00.",62,False,False,0,0,Electric car repairs ARE EXPENSIVE!,Car Question,TynsA3kLDGA,@jolyonwelsh9834,2025-12-19 18:13:38+00:00,EV transition mechanics Australia,youtube_comment
UgzYpqEYqQ46enmJ2M54AaABAg,motor_mechanics,2025,2025-12,Gas vs low price battery charger and more expensive battery replacement? I stick with gasoline. Am I smarter?,18,False,False,0,0,Electric car repairs ARE EXPENSIVE!,Car Question,TynsA3kLDGA,@johnnyfontechanic7556,2025-12-15 17:10:34+00:00,EV transition mechanics Australia,youtube_comment
UgyVL6nIHtSXnTJo7WJ4AaABAg,motor_mechanics,2025,2025-12,Local garage mechanic needs to start up skilling.,8,False,True,0,0,Electric car repairs ARE EXPENSIVE!,Car Question,TynsA3kLDGA,@marksmusic1111,2025-12-12 19:14:16+00:00,EV transition mechanics Australia,youtube_comment
Ugwpr92JJbelAXr5mMp4AaABAg,motor_mechanics,2025,2025-11,"CAN'T YOU DO BETTER? CAN'T YOU
SYMPLIFIED THIS? YOU DON'T NEED ALL OF THESE. YOU NEED TO BIILD AN ELECTRIC GENARATOR IN THE CAR.",24,False,False,0,0,Electric car repairs ARE EXPENSIVE!,Car Question,TynsA3kLDGA,@RigaudMoise-c5u,2025-11-27 20:57:06+00:00,EV transition mechanics Australia,youtube_comment
UgzS3r3ynywsAAJLT3l4AaABAg,motor_mechanics,2025,2025-11,Absolute BS. Maintenance on electric cars or almost Zilch. What madness is this?,13,False,False,0,0,Electric car repairs ARE EXPENSIVE!,Car Question,TynsA3kLDGA,@FRJs24,2025-11-21 16:26:43+00:00,EV transition mechanics Australia,youtube_comment
UgxrRE9RjTaWL8oZJRh4AaABAg,motor_mechanics,2025,2025-11,"But,but,but you save on gas …..",6,False,False,1,0,Electric car repairs ARE EXPENSIVE!,Car Question,TynsA3kLDGA,@2LT-c8q,2025-11-15 21:28:10+00:00,EV transition mechanics Australia,youtube_comment
UgzFearrHUYH2WOseN94AaABAg,motor_mechanics,2025,2025-11,Well batteries last least 300000miles and no much hose wrong with them so probably lot cheaper than a ice think how much service etc would host say in a BMW just to get to 150000 miles,36,False,False,0,0,Electric car repairs ARE EXPENSIVE!,Car Question,TynsA3kLDGA,@PaulRippin,2025-11-13 17:02:45+00:00,EV transition mechanics Australia,youtube_comment
UgxKCu-sKsVgk2PL9al4AaABAg,motor_mechanics,2025,2025-11,Less moving parts less issues,5,False,False,0,0,Electric car repairs ARE EXPENSIVE!,Car Question,TynsA3kLDGA,@mronline6862,2025-11-10 06:08:27+00:00,EV transition mechanics Australia,youtube_comment
UgwCfLgTXlJqj43fzcx4AaABAg,motor_mechanics,2025,2025-11,"People bought into the narrative “no maintenance because no moving parts, no oil changes, blah blah” but what about the incredibly complex SOFTware, billions of micro circuits, which is not reliable all the time?",34,False,False,0,1,Electric car repairs ARE EXPENSIVE!,Car Question,TynsA3kLDGA,@mikemccormick8115,2025-11-06 21:22:44+00:00,EV transition mechanics Australia,youtube_comment
Ugwyde377d6mPCbsjnl4AaABAg,motor_mechanics,2025,2025-11,Cars in general have become expensive to fix.,8,False,False,0,0,Electric car repairs ARE EXPENSIVE!,Car Question,TynsA3kLDGA,@matthewwiemken7293,2025-11-03 01:16:08+00:00,EV transition mechanics Australia,youtube_comment
UgxPBNdrvgVlk--pFxh4AaABAg,motor_mechanics,2025,2025-11,"It cost me six thousand dollars to fix the technical issues that developed with my model S. I sold it. My 90-day warranty expired on my used model S before all this happened. But with 2.5 to 3.5 minutes of fueling and a range of 570 miles, im glad I kept my Jaguar XJL. The next time I buy another EV, it will be one that truly delivers, especially for the serious long-range traveler like myself....",76,False,False,1,0,Electric car repairs ARE EXPENSIVE!,Car Question,TynsA3kLDGA,@carlsmith1118,2025-11-02 22:54:17+00:00,EV transition mechanics Australia,youtube_comment
UgwmoBs21X6P1PfaSHp4AaABAg,motor_mechanics,2025,2025-11,That's just BS. Any local garage could fix EVs with the proper skills,13,False,False,0,0,Electric car repairs ARE EXPENSIVE!,Car Question,TynsA3kLDGA,@StefanoFinocchiaro,2025-11-01 15:34:57+00:00,EV transition mechanics Australia,youtube_comment
UgwOCwxgutScozaQ_tV4AaABAg,motor_mechanics,2025,2025-10,"Des véhicules à pile invendable pour raison de tarif exagéré et de fiabilité, jamais je n'acheterais ce genre d'épave.",19,False,False,0,0,Electric car repairs ARE EXPENSIVE!,Car Question,TynsA3kLDGA,@mobydik9173,2025-10-16 12:25:49+00:00,EV transition mechanics Australia,youtube_comment
UgwGWnPcahxRy-_GpT94AaABAg,motor_mechanics,2025,2025-10,Great will not buy an electric car again dont worry,10,False,False,0,0,Electric car repairs ARE EXPENSIVE!,Car Question,TynsA3kLDGA,@cielo20,2025-10-01 18:27:00+00:00,EV transition mechanics Australia,youtube_comment
UgxcPpsVCXp1g-KQm594AaABAg,motor_mechanics,2025,2025-09,"I think you are trying preconditioning the narrative here. The batteries are getting less and less expensive, many of them don't have to be replaced as a whole as there are made of modules + what is a chance you need to replace the entire battery?",46,False,False,0,0,Electric car repairs ARE EXPENSIVE!,Car Question,TynsA3kLDGA,@user-if3gv7pt7n,2025-09-30 19:31:50+00:00,EV transition mechanics Australia,youtube_comment
UgxWgM6jnI4d-qrgItx4AaABAg,motor_mechanics,2025,2025-09,"Maintenance is almost nonexistent 
The money you save from not buying gas/Maintenance is worth the 120k mile lifespan of the drivetrain/battery",21,False,False,0,0,Electric car repairs ARE EXPENSIVE!,Car Question,TynsA3kLDGA,@Highlander1432,2025-09-12 17:16:28+00:00,EV transition mechanics Australia,youtube_comment
UgycCFGwIJon94eYtqN4AaABAg,motor_mechanics,2025,2025-09,"Repair?? More like scrapped, not worth it. Just like iPhones, you don’t repair them, just replace them.",17,False,False,0,0,Electric car repairs ARE EXPENSIVE!,Car Question,TynsA3kLDGA,@dwnrange7812,2025-09-06 00:29:05+00:00,EV transition mechanics Australia,youtube_comment
UgxyrcFDY0PkZX-zPpx4AaABAg,motor_mechanics,2025,2025-09,Electric cars need the skid plate,6,False,False,0,0,Electric car repairs ARE EXPENSIVE!,Car Question,TynsA3kLDGA,@Junxiautoparts,2025-09-04 14:18:44+00:00,EV transition mechanics Australia,youtube_comment
UgyHmCksRlnNqMGnnQJ4AaABAg,motor_mechanics,2025,2025-08,This is funny. I was in my dealership the other day. Customer had to get their battery replaced. Under warranty. Eight years worth. The cost to the customer was zip. The cost of the rebuilt battery (yes they do that now) was about $8000cdn. Another myth busted. The replacement has a lifetime warranty. Oh and the job took 1.4 hours labour that was free too. Yup. You heard that right. Compare that to an engine or transmission rebuild.,78,False,False,2,2,Electric car repairs ARE EXPENSIVE!,Car Question,TynsA3kLDGA,@davidcottrell570,2025-08-17 17:15:57+00:00,EV transition mechanics Australia,youtube_comment
UgwY7k3SE62QIov0Xax4AaABAg,motor_mechanics,2025,2025-08,"I OWN THE PATENT FOR THIS ELECTRIC MOTOR TRANSMISSION CONVERSION KIT IN THE USA. I WOULD LIKE TO SEE A MOTOR INSTALLED INSIDE THE ENGINE BLOCKS OF VEHICLES, TO TURN THE MAIN CRANK SHAFT OF A VEHICLE CAUSING IT TO RUN FORWARDS AND BACKWARDS. AS WELL AS RUN THE ACCESORIES LIKE THE AIR CONDITONER, WATER PUMP POWERSTEERING COMPUTER, EVERYTHING THAT CAME WITH THE VEHICLE. I LIKE THE BATTERY",68,False,False,1,0,Electric car repairs ARE EXPENSIVE!,Car Question,TynsA3kLDGA,@toddchalmers3083,2025-08-17 06:24:49+00:00,EV transition mechanics Australia,youtube_comment
UgwJaXBTiNV6nTWAPH14AaABAg,motor_mechanics,2025,2025-08,It not a problem if you don’t by one.,9,False,False,0,0,Electric car repairs ARE EXPENSIVE!,Car Question,TynsA3kLDGA,@chriswoodward5368,2025-08-09 20:30:51+00:00,EV transition mechanics Australia,youtube_comment
UgzKQHlE-bNIbqZlVhN4AaABAg,motor_mechanics,2025,2025-08,Tell me how much a new transmission or full engine replacement is again?,13,False,False,0,0,Electric car repairs ARE EXPENSIVE!,Car Question,TynsA3kLDGA,@MadDogEighty80,2025-08-07 02:19:42+00:00,EV transition mechanics Australia,youtube_comment
UgyGb9BZtvmOcy9mlOJ4AaABAg,motor_mechanics,2025,2025-08,"What's to fix? All I can see is a block of battery, motors and suspension.. 😂 and electric motors are very durable.. battery is for replacement not ideal for fixing.. evs are the future",34,False,False,1,0,Electric car repairs ARE EXPENSIVE!,Car Question,TynsA3kLDGA,@HenzelReyAmasol,2025-08-06 04:52:57+00:00,EV transition mechanics Australia,youtube_comment
Ugzq5zNB1En6BWJM_jB4AaABAg,motor_mechanics,2025,2025-07,There's nothing there besides suspension and and tires for regular mechanics to work on a regular basis.,17,False,True,0,0,Electric car repairs ARE EXPENSIVE!,Car Question,TynsA3kLDGA,@Leo-K-K,2025-07-31 02:18:28+00:00,EV transition mechanics Australia,youtube_comment
UgybtX5925ZTwb1XWip4AaABAg,motor_mechanics,2025,2025-07,The motor and battery will be covered by a long term warranty. Everything other cost is just at par with ICE. My EV has done 45000 km in the last year with less than 10000 rupees in service cost. My diesel has also done 40000 km and it cost 27000 rs service cost plus 6 rs per km in fuel cost,61,False,False,0,0,Electric car repairs ARE EXPENSIVE!,Car Question,TynsA3kLDGA,@relaxingprawn,2025-07-26 13:56:48+00:00,EV transition mechanics Australia,youtube_comment
UgxEF4hPpTvvA0UuOg14AaABAg,motor_mechanics,2025,2025-07,That's why battery swappable technology will be amazing in the future #nio,12,False,False,0,0,Electric car repairs ARE EXPENSIVE!,Car Question,TynsA3kLDGA,@ULTIMATEUNITED2000,2025-07-22 22:46:00+00:00,EV transition mechanics Australia,youtube_comment
UgwLMevSsij8Kvzj6rJ4AaABAg,motor_mechanics,2025,2025-07,I think we'll just need skilled techs. The parts market will catch up to OEM if electric becomes main stream. Markets will balance out.,24,False,False,0,0,Electric car repairs ARE EXPENSIVE!,Car Question,TynsA3kLDGA,@bee-keeper1,2025-07-13 15:27:12+00:00,EV transition mechanics Australia,youtube_comment
UgzJREhScG3V52Afn2h4AaABAg,motor_mechanics,2025,2025-07,Here ordinary car mechanics are not permitted to fix electric cars. They must first obtain special training and a certificate and that applies to anything on the car even the suspension that has nothing to do with the HV electric system. You can't fix them in your driveway at home like an ICE.,53,False,True,0,0,Electric car repairs ARE EXPENSIVE!,Car Question,TynsA3kLDGA,@jamessmyth5949,2025-07-13 01:16:50+00:00,EV transition mechanics Australia,youtube_comment
UgxQfnpuyDy46PP65P94AaABAg,motor_mechanics,2025,2025-06,EVs are a scam an expensive scam!!!,7,False,False,0,0,Electric car repairs ARE EXPENSIVE!,Car Question,TynsA3kLDGA,@fabricosta9488,2025-06-28 09:48:41+00:00,EV transition mechanics Australia,youtube_comment
Ugwy68LnorKDqI1tehl4AaABAg,motor_mechanics,2025,2025-06,"Trumpian petrolhead means that he doesn't know what he is talking about. He is just pointing at your battery, as there are far fewer components to break down, and this one is the expensive one, obviously. With different new cars on the horizon, mechanics have to be more like electricians than just grease monkeys.",54,False,True,0,0,Electric car repairs ARE EXPENSIVE!,Car Question,TynsA3kLDGA,@ditnooitweer,2025-06-24 11:03:31+00:00,EV transition mechanics Australia,youtube_comment
Ugyk9AfS8n641sLptSV4AaABAg,motor_mechanics,2025,2025-06,Change the battery every 8 to 10 years. 🤦,9,False,False,0,0,Electric car repairs ARE EXPENSIVE!,Car Question,TynsA3kLDGA,@lorenzoramirez3166,2025-06-23 20:28:54+00:00,EV transition mechanics Australia,youtube_comment
UgxJw5OQWIEqsaUiDQN4AaABAg,motor_mechanics,2025,2025-06,Except EVs rarely have issues with the drivetrain.,8,False,False,0,0,Electric car repairs ARE EXPENSIVE!,Car Question,TynsA3kLDGA,@regibson23,2025-06-22 07:36:36+00:00,EV transition mechanics Australia,youtube_comment
Ugw7dUyQz0iXSv-7b-94AaABAg,motor_mechanics,2025,2025-06,"Lol ""you need skills for that"" Silently ripping on all mechanics across the world 😂",15,False,True,0,0,Electric car repairs ARE EXPENSIVE!,Car Question,TynsA3kLDGA,@FalconGaming101,2025-06-18 13:06:18+00:00,EV transition mechanics Australia,youtube_comment
Ugz7P1H1FUup-wkQAiB4AaABAg,motor_mechanics,2025,2025-06,"Even now, a normal ""local garage"" is not able to fix let's say a Euro 6 Diesel engine. Maybe they can replace it. But tey could do that with a battery Pack too. Or much easier with an electric motor. Overhauling a modern Diesel can Cost you a 5 Figure bill in Europa. So wake up and learn the New Stuff. Same like learning about abs and fuel Injection in the 80s",72,False,False,0,0,Electric car repairs ARE EXPENSIVE!,Car Question,TynsA3kLDGA,@XY123_77,2025-06-08 05:45:26+00:00,EV transition mechanics Australia,youtube_comment
UgxbGd8ng0f6aA7Iut14AaABAg,motor_mechanics,2025,2025-06,EV’s are going to be easy to fix especially the batteries by just replacing the bad cells!!,17,False,False,1,0,Electric car repairs ARE EXPENSIVE!,Car Question,TynsA3kLDGA,@chrispack3131,2025-06-07 13:53:58+00:00,EV transition mechanics Australia,youtube_comment
Ugxu9tx7PxNxZEAern54AaABAg,motor_mechanics,2025,2025-06,"I agreed. With a good faith, I researched about EVs to buy an EV car. Even the cheap Nissan Leaf it will cost about near $10K to replace a high voltage battery. Yes EV has less maintenance such no oil change but in the long run it will cost a significant small fortune to replace a new battery. On the other hand, if you drive a reliable but simple Honda or Toyota models you can expect to drive for a long time without having to do engine or transmission replacement if you do regular maintenance such as oil change. For DIY enthusiasts like me, reliable ICE cars makes more sense for the long run. If you are changing to new cars every 5 years or 7 years, EV could work out.",131,False,False,0,0,Electric car repairs ARE EXPENSIVE!,Car Question,TynsA3kLDGA,@kevinthant2952,2025-06-06 03:13:16+00:00,EV transition mechanics Australia,youtube_comment
Ugycr3pibyDckocDqNl4AaABAg,motor_mechanics,2025,2025-06,"As white collar workers are in risk of AI, the dinosaur local garage is either changing with time, or they gonna die with their cars.
Remember, no more changing stations for horses anymore...",33,False,False,0,0,Electric car repairs ARE EXPENSIVE!,Car Question,TynsA3kLDGA,@zsebi66,2025-06-05 05:04:33+00:00,EV transition mechanics Australia,youtube_comment
UgzXeyn1vPuHOngZmgZ4AaABAg,motor_mechanics,2025,2025-06,Why Tesla motor design is much better meaning it’s more compact and we know what a motor looks like so why is this electric car so much stacked up like the traditional non-tesla,33,False,False,0,0,Electric car repairs ARE EXPENSIVE!,Car Question,TynsA3kLDGA,@eddieyutub,2025-06-02 17:25:34+00:00,EV transition mechanics Australia,youtube_comment
UgzYPbEts3S-AD98TzB4AaABAg,motor_mechanics,2025,2025-05,"Yeah everyone is repairing their electrical equipment, lol I remember waiting to get the dvd player back from the shop. 
Sike! 
Combustion vehicles will run even when they shouldn’t. 
Electric shuts down when it doesn’t get the perfect signal. 
Electric cars a cool but so were RC cars until they weren’t.",51,False,False,0,0,Electric car repairs ARE EXPENSIVE!,Car Question,TynsA3kLDGA,@Maybe-You-Know-Me-Not,2025-05-30 04:36:43+00:00,EV transition mechanics Australia,youtube_comment
UgxJFX0DjVP-RHh4ifJ4AaABAg,motor_mechanics,2025,2025-05,What kind of motor did you people work,8,False,False,0,0,Electric car repairs ARE EXPENSIVE!,Car Question,TynsA3kLDGA,@Chinemere-wx5nz,2025-05-23 06:43:51+00:00,EV transition mechanics Australia,youtube_comment
UgzDmu42XePXvBA0JaV4AaABAg,motor_mechanics,2025,2025-05,"My i3 is at 112,000 miles and it is running perfectly fine with no issues and my battery is at 96% health. People saying that my battery is waiting to be replaced are ill-informed and perhaps forget that an ICE car engine can fail just as easily. They make it sound like petrol and diesel cars run forever with little cost and maintenance. Nothing is further from the truth. I'm 59 and have had Mercedes and BMWs over the years. This car has been the most reliable I've ever owned. I speak from experience, not listening to internet gossip and lies.",101,False,False,1,0,Electric car repairs ARE EXPENSIVE!,Car Question,TynsA3kLDGA,@fogartym77,2025-05-20 21:00:50+00:00,EV transition mechanics Australia,youtube_comment
UgyI4z8z7aHyZPsYbnR4AaABAg,motor_mechanics,2025,2025-05,210k on a volt 1000 bucks of maintenance,8,False,False,0,0,Electric car repairs ARE EXPENSIVE!,Car Question,TynsA3kLDGA,@Ruhdddch,2025-05-17 12:25:54+00:00,EV transition mechanics Australia,youtube_comment
UgzfLBekj273AtLdrq94AaABAg,motor_mechanics,2025,2025-05,Not really many mechanics can fix these cheaply,8,False,True,0,0,Electric car repairs ARE EXPENSIVE!,Car Question,TynsA3kLDGA,@h-k7804,2025-05-17 09:47:27+00:00,EV transition mechanics Australia,youtube_comment
UgxBcY6NCKTnzYR1lE94AaABAg,motor_mechanics,2025,2025-05,"no, if you know the fuck you are doing, the repairs will be very cheap, if you will offer to chane a full battery to not open and change a sigle contactors... well, it's your assistance problem.",37,False,False,0,0,Electric car repairs ARE EXPENSIVE!,Car Question,TynsA3kLDGA,@stefanomcc77,2025-05-16 11:55:44+00:00,EV transition mechanics Australia,youtube_comment
UgwtNFPN0XvNjJgG5_h4AaABAg,motor_mechanics,2025,2025-05,Electric cars can automatically swap a battery in under 10 minutes. When was the last time a gas car got a new engine in 10 minutes???? I rest my case.,30,False,False,0,0,Electric car repairs ARE EXPENSIVE!,Car Question,TynsA3kLDGA,@Mabeylater293,2025-05-14 22:39:01+00:00,EV transition mechanics Australia,youtube_comment
UgyiSvzs1mojXcKqJdh4AaABAg,motor_mechanics,2025,2025-05,"The difference between electric vs gas is when you will spend the money, and where you live. Some gas is around $5/G. Add that up plus maintenance. And it comes out almost the same. And not every EV needs a battery every 10 years. New gas engine fails as well, and they are not cheap either. Its all the same. They Just move the money to different areas.",68,False,False,3,0,Electric car repairs ARE EXPENSIVE!,Car Question,TynsA3kLDGA,@Nestos209,2025-05-09 19:00:30+00:00,EV transition mechanics Australia,youtube_comment
Ugxkx9XgZB1DpF0q8KR4AaABAg,motor_mechanics,2025,2025-05,"Yup, EV repairs are more expensive by MINUS THOUSANDS OF DOLLARS in conparison with FV (fart/combustion vehicle) of the same production year.",22,False,False,0,0,Electric car repairs ARE EXPENSIVE!,Car Question,TynsA3kLDGA,@goldentunes8205,2025-05-05 10:56:12+00:00,EV transition mechanics Australia,youtube_comment
UgzcC2Lv3YCz5OcXbXJ4AaABAg,motor_mechanics,2025,2025-05,"FALSE... that is a hybrid car thats why it has 2 motors... an electric motor and a combustion motor.... an electric car will only have the electric motor and that motor can last up to 1,000,000 kms if used properly... the combustion engine on the other hand lasts 300,000 kms and a painful process of repairing connecting rods, camshafts, pistons, crankshafts, gears, cooling systems, radiators, fuel pumps, water pumps, oil pumps, crankcases, thermostats, filters, 10 trillion nuts and bolts, injectors, spark plugs, valves, valve lifters, belts, among hundreds of other integrated components that can fail.... Combustion motor repairments are a pain in the as*",104,False,False,0,0,Electric car repairs ARE EXPENSIVE!,Car Question,TynsA3kLDGA,@mariorodriguez4116,2025-05-03 15:18:39+00:00,EV transition mechanics Australia,youtube_comment
UgyER76IqX2cYCFLqCt4AaABAg,motor_mechanics,2025,2025-05,"People don't think. 

That's the key driver behind EV sales.",10,False,False,0,0,Electric car repairs ARE EXPENSIVE!,Car Question,TynsA3kLDGA,@RG-ct6qz,2025-05-01 02:31:19+00:00,EV transition mechanics Australia,youtube_comment
Ugzn3K2VrvweZLp6MvJ4AaABAg,motor_mechanics,2025,2025-04,PEOPLE WILL FIND THE EASY WAY,6,False,False,0,0,Electric car repairs ARE EXPENSIVE!,Car Question,TynsA3kLDGA,@sakdalay,2025-04-26 02:16:45+00:00,EV transition mechanics Australia,youtube_comment
Ugy3yB2t-MaCg5LXhCJ4AaABAg,motor_mechanics,2025,2025-04,I'm going to school to fix those right now 🤑🤑🤑,10,False,False,19,2,Electric car repairs ARE EXPENSIVE!,Car Question,TynsA3kLDGA,@jordanjay1479,2025-04-11 22:46:32+00:00,EV transition mechanics Australia,youtube_comment
